# This file uses centimeters as units for non-parametric coordinates.

mtllib US Coins OBj.mtl
g default
v -0.950000 -0.028500 0.000000
v -0.950000 0.028500 0.000000
v -0.931745 -0.028500 0.185336
v -0.931745 -0.028500 -0.185336
v -0.931745 0.028500 0.185336
v -0.931745 0.028500 -0.185336
v -0.877685 -0.028500 0.363550
v -0.877685 -0.028500 -0.363550
v -0.877685 0.028500 0.363550
v -0.877685 0.028500 -0.363550
v -0.789895 -0.028500 0.527790
v -0.789895 -0.028500 -0.527790
v -0.789895 0.028500 0.527790
v -0.789895 0.028500 -0.527790
v -0.671750 -0.028500 0.671750
v -0.671750 -0.028500 -0.671750
v -0.671750 0.028500 0.671750
v -0.671750 0.028500 -0.671750
v -0.527790 -0.028500 0.789895
v -0.527790 -0.028500 -0.789895
v -0.527790 0.028500 0.789895
v -0.527790 0.028500 -0.789895
v -0.363550 -0.028500 0.877685
v -0.363550 -0.028500 -0.877685
v -0.363550 0.028500 0.877685
v -0.363550 0.028500 -0.877685
v -0.185336 -0.028500 0.931745
v -0.185336 -0.028500 -0.931745
v -0.185336 0.028500 0.931745
v -0.185336 0.028500 -0.931745
v 0.000000 0.028500 0.950000
v 0.000000 0.028500 -0.950000
v 0.000000 -0.028500 0.950000
v 0.000000 -0.028500 -0.950000
v 0.185336 -0.028500 0.931745
v 0.185336 -0.028500 -0.931745
v 0.185336 0.028500 0.931745
v 0.185336 0.028500 -0.931745
v 0.363550 -0.028500 0.877685
v 0.363550 -0.028500 -0.877685
v 0.363550 0.028500 0.877685
v 0.363550 0.028500 -0.877685
v 0.527790 -0.028500 0.789895
v 0.527790 -0.028500 -0.789895
v 0.527790 0.028500 0.789895
v 0.527790 0.028500 -0.789895
v 0.671750 -0.028500 0.671750
v 0.671750 -0.028500 -0.671750
v 0.671750 0.028500 0.671750
v 0.671750 0.028500 -0.671750
v 0.789895 -0.028500 0.527790
v 0.789895 -0.028500 -0.527790
v 0.789895 0.028500 0.527790
v 0.789895 0.028500 -0.527790
v 0.877685 -0.028500 0.363550
v 0.877685 -0.028500 -0.363550
v 0.877685 0.028500 0.363550
v 0.877685 0.028500 -0.363550
v 0.931745 -0.028500 0.185336
v 0.931745 -0.028500 -0.185336
v 0.931745 0.028500 0.185336
v 0.931745 0.028500 -0.185336
v 0.950000 -0.028500 -0.000000
v 0.950000 0.028500 -0.000000
vt 0.494485 0.774693
vt 0.494485 0.805454
vt 0.494485 0.836153
vt 0.494485 0.866790
vt 0.494485 0.897378
vt 0.494485 0.927928
vt 0.494485 0.958450
vt 0.494485 0.988951
vt 0.494485 0.037012
vt 0.494485 0.067309
vt 0.494485 0.097627
vt 0.494485 0.127985
vt 0.494485 0.158403
vt 0.494485 0.188892
vt 0.494485 0.219459
vt 0.494485 0.250095
vt 0.494485 0.280788
vt 0.494485 0.311531
vt 0.494485 0.342315
vt 0.494485 0.373129
vt 0.494485 0.403963
vt 0.494485 0.434811
vt 0.494485 0.465666
vt 0.494485 0.496517
vt 0.494485 0.527408
vt 0.494485 0.558360
vt 0.494485 0.589313
vt 0.494485 0.620262
vt 0.494485 0.651201
vt 0.494485 0.682124
vt 0.494485 0.713021
vt 0.494485 0.743879
vt 0.977760 0.410352
vt 0.518884 0.743879
vt 0.964623 0.322693
vt 0.943288 0.241906
vt 0.914578 0.171096
vt 0.879593 0.112983
vt 0.839681 0.069801
vt 0.796373 0.043210
vt 0.518884 0.988951
vt 0.518884 0.037012
vt 0.662986 0.069801
vt 0.623073 0.112983
vt 0.588089 0.171096
vt 0.559379 0.241906
vt 0.538044 0.322693
vt 0.524907 0.410352
vt 0.520471 0.501514
vt 0.524907 0.592677
vt 0.538044 0.680336
vt 0.559379 0.761122
vt 0.588089 0.831933
vt 0.623073 0.890046
vt 0.662986 0.933228
vt 0.706295 0.959818
vt 0.518884 0.496517
vt 0.518884 0.527408
vt 0.839681 0.933228
vt 0.879593 0.890046
vt 0.914578 0.831933
vt 0.943288 0.761122
vt 0.964623 0.680336
vt 0.977760 0.592677
vt 0.751334 0.034231
vt 0.751334 0.968798
vt 0.489576 0.501023
vt 0.485138 0.591558
vt 0.485138 0.410488
vt 0.471994 0.323432
vt 0.450648 0.243202
vt 0.421922 0.172879
vt 0.386920 0.115166
vt 0.346986 0.072281
vt 0.303655 0.045873
vt 0.258592 0.036956
vt 0.213529 0.045873
vt 0.170198 0.072281
vt 0.130264 0.115166
vt 0.095261 0.172879
vt 0.066536 0.243202
vt 0.045190 0.323432
vt 0.032046 0.410488
vt 0.027607 0.501023
vt 0.032046 0.591558
vt 0.045190 0.678614
vt 0.066536 0.758844
vt 0.095261 0.829168
vt 0.130264 0.886881
vt 0.170198 0.929765
vt 0.213529 0.956173
vt 0.258592 0.965091
vt 0.303655 0.956173
vt 0.346986 0.929765
vt 0.386920 0.886881
vt 0.421922 0.829168
vt 0.450648 0.758844
vt 0.471994 0.678614
vt 0.518884 0.004853
vt 0.494485 0.004853
vt 0.518884 0.465666
vt 0.796373 0.959818
vt 0.518884 0.958450
vt 0.706295 0.043210
vt 0.518884 0.713021
vt 0.982196 0.501514
vt 0.518884 0.682124
vt 0.518884 0.651201
vt 0.518884 0.620262
vt 0.518884 0.589313
vt 0.518884 0.558360
vt 0.518884 0.434811
vt 0.518884 0.403963
vt 0.518884 0.373129
vt 0.518884 0.342315
vt 0.518884 0.311531
vt 0.518884 0.280788
vt 0.518884 0.250095
vt 0.518884 0.219459
vt 0.518884 0.188892
vt 0.518884 0.158403
vt 0.518884 0.127985
vt 0.518884 0.097627
vt 0.518884 0.067309
vt 0.518884 0.927928
vt 0.518884 0.897378
vt 0.518884 0.866790
vt 0.518884 0.836153
vt 0.518884 0.805454
vt 0.518884 0.774693
vn 0.000000 -1.000000 0.000000
vn 0.000000 -1.000000 0.000000
vn 0.000000 -1.000000 0.000000
vn 0.000000 -1.000000 0.000000
vn 0.000000 -1.000000 0.000000
vn 0.000000 -1.000000 0.000000
vn 0.000000 -1.000000 0.000000
vn 0.000000 -1.000000 0.000000
vn 0.000000 -1.000000 0.000000
vn 0.000000 -1.000000 0.000000
vn 0.000000 -1.000000 0.000000
vn 0.000000 -1.000000 0.000000
vn 0.000000 -1.000000 0.000000
vn 0.000000 -1.000000 0.000000
vn 0.000000 -1.000000 0.000000
vn 0.000000 -1.000000 0.000000
vn 0.000000 -1.000000 0.000000
vn 0.000000 -1.000000 0.000000
vn 0.000000 -1.000000 0.000000
vn 0.000000 -1.000000 0.000000
vn 0.000000 -1.000000 0.000000
vn 0.000000 -1.000000 0.000000
vn 0.000000 -1.000000 0.000000
vn 0.000000 -1.000000 0.000000
vn 0.000000 -1.000000 0.000000
vn 0.000000 -1.000000 0.000000
vn 0.000000 -1.000000 0.000000
vn 0.000000 -1.000000 0.000000
vn 0.000000 -1.000000 0.000000
vn 0.000000 -1.000000 0.000000
vn 0.000000 -1.000000 0.000000
vn 0.000000 -1.000000 0.000000
vn 0.995184 0.000000 0.098022
vn 0.995184 0.000000 0.098022
vn 0.995184 0.000000 0.098022
vn 0.995184 0.000000 0.098022
vn 0.956941 0.000000 0.290282
vn 0.956941 0.000000 0.290282
vn 0.956941 0.000000 0.290282
vn 0.956941 0.000000 0.290282
vn 0.881918 0.000000 0.471404
vn 0.881918 0.000000 0.471404
vn 0.881918 0.000000 0.471404
vn 0.881918 0.000000 0.471404
vn 0.773010 0.000000 0.634394
vn 0.773010 0.000000 0.634394
vn 0.773010 0.000000 0.634394
vn 0.773010 0.000000 0.634394
vn 0.634394 0.000000 0.773010
vn 0.634394 0.000000 0.773010
vn 0.634394 0.000000 0.773010
vn 0.634394 0.000000 0.773010
vn 0.471404 0.000000 0.881918
vn 0.471404 0.000000 0.881918
vn 0.471404 0.000000 0.881918
vn 0.471404 0.000000 0.881918
vn 0.290282 0.000000 0.956941
vn 0.290282 0.000000 0.956941
vn 0.290282 0.000000 0.956941
vn 0.290282 0.000000 0.956941
vn 0.098022 0.000000 0.995184
vn 0.098022 0.000000 0.995184
vn 0.098022 0.000000 0.995184
vn 0.098022 0.000000 0.995184
vn -0.098022 0.000000 0.995184
vn -0.098022 0.000000 0.995184
vn -0.098022 0.000000 0.995184
vn -0.098022 0.000000 0.995184
vn -0.290282 0.000000 0.956941
vn -0.290282 0.000000 0.956941
vn -0.290282 0.000000 0.956941
vn -0.290282 0.000000 0.956941
vn -0.471404 0.000000 0.881918
vn -0.471404 0.000000 0.881918
vn -0.471404 0.000000 0.881918
vn -0.471404 0.000000 0.881918
vn -0.634394 0.000000 0.773010
vn -0.634394 0.000000 0.773010
vn -0.634394 0.000000 0.773010
vn -0.634394 0.000000 0.773010
vn -0.773010 0.000000 0.634394
vn -0.773010 0.000000 0.634394
vn -0.773010 0.000000 0.634394
vn -0.773010 0.000000 0.634394
vn -0.881918 0.000000 0.471404
vn -0.881918 0.000000 0.471404
vn -0.881918 0.000000 0.471404
vn -0.881918 0.000000 0.471404
vn -0.956941 0.000000 0.290282
vn -0.956941 0.000000 0.290282
vn -0.956941 0.000000 0.290282
vn -0.956941 0.000000 0.290282
vn -0.995184 0.000000 0.098022
vn -0.995184 0.000000 0.098022
vn -0.995184 0.000000 0.098022
vn -0.995184 0.000000 0.098022
vn -0.995184 0.000000 -0.098022
vn -0.995184 0.000000 -0.098022
vn -0.995184 0.000000 -0.098022
vn -0.995184 0.000000 -0.098022
vn -0.956941 0.000000 -0.290282
vn -0.956941 0.000000 -0.290282
vn -0.956941 0.000000 -0.290282
vn -0.956941 0.000000 -0.290282
vn -0.881918 0.000000 -0.471404
vn -0.881918 0.000000 -0.471404
vn -0.881918 0.000000 -0.471404
vn -0.881918 0.000000 -0.471404
vn -0.773010 0.000000 -0.634394
vn -0.773010 0.000000 -0.634394
vn -0.773010 0.000000 -0.634394
vn -0.773010 0.000000 -0.634394
vn -0.634394 0.000000 -0.773010
vn -0.634394 0.000000 -0.773010
vn -0.634394 0.000000 -0.773010
vn -0.634394 0.000000 -0.773010
vn -0.471404 0.000000 -0.881918
vn -0.471404 0.000000 -0.881918
vn -0.471404 0.000000 -0.881918
vn -0.471404 0.000000 -0.881918
vn -0.290282 0.000000 -0.956941
vn -0.290282 0.000000 -0.956941
vn -0.290282 0.000000 -0.956941
vn -0.290282 0.000000 -0.956941
vn -0.098022 0.000000 -0.995184
vn -0.098022 0.000000 -0.995184
vn -0.098022 0.000000 -0.995184
vn -0.098022 0.000000 -0.995184
vn 0.098022 0.000000 -0.995184
vn 0.098022 0.000000 -0.995184
vn 0.098022 0.000000 -0.995184
vn 0.098022 0.000000 -0.995184
vn 0.290282 0.000000 -0.956941
vn 0.290282 0.000000 -0.956941
vn 0.290282 0.000000 -0.956941
vn 0.290282 0.000000 -0.956941
vn 0.471404 0.000000 -0.881918
vn 0.471404 0.000000 -0.881918
vn 0.471404 0.000000 -0.881918
vn 0.471404 0.000000 -0.881918
vn 0.634394 0.000000 -0.773010
vn 0.634394 0.000000 -0.773010
vn 0.634394 0.000000 -0.773010
vn 0.634394 0.000000 -0.773010
vn 0.773010 0.000000 -0.634394
vn 0.773010 0.000000 -0.634394
vn 0.773010 0.000000 -0.634394
vn 0.773010 0.000000 -0.634394
vn 0.881918 0.000000 -0.471404
vn 0.881918 0.000000 -0.471404
vn 0.881918 0.000000 -0.471404
vn 0.881918 0.000000 -0.471404
vn 0.956941 0.000000 -0.290282
vn 0.956941 0.000000 -0.290282
vn 0.956941 0.000000 -0.290282
vn 0.956941 0.000000 -0.290282
vn 0.995184 0.000000 -0.098022
vn 0.995184 0.000000 -0.098022
vn 0.995184 0.000000 -0.098022
vn 0.995184 0.000000 -0.098022
vn 0.000000 1.000000 0.000000
vn 0.000000 1.000000 0.000000
vn 0.000000 1.000000 0.000000
vn 0.000000 1.000000 0.000000
vn 0.000000 1.000000 0.000000
vn 0.000000 1.000000 0.000000
vn 0.000000 1.000000 0.000000
vn 0.000000 1.000000 0.000000
vn 0.000000 1.000000 0.000000
vn 0.000000 1.000000 0.000000
vn 0.000000 1.000000 0.000000
vn 0.000000 1.000000 0.000000
vn 0.000000 1.000000 0.000000
vn 0.000000 1.000000 0.000000
vn 0.000000 1.000000 0.000000
vn 0.000000 1.000000 0.000000
vn 0.000000 1.000000 0.000000
vn 0.000000 1.000000 0.000000
vn 0.000000 1.000000 0.000000
vn 0.000000 1.000000 0.000000
vn 0.000000 1.000000 0.000000
vn 0.000000 1.000000 0.000000
vn 0.000000 1.000000 0.000000
vn 0.000000 1.000000 0.000000
vn 0.000000 1.000000 0.000000
vn 0.000000 1.000000 0.000000
vn 0.000000 1.000000 0.000000
vn 0.000000 1.000000 0.000000
vn 0.000000 1.000000 0.000000
vn 0.000000 1.000000 0.000000
vn 0.000000 1.000000 0.000000
vn 0.000000 1.000000 0.000000
s off
g OneCent US_Coins_SD
usemtl OneCentSG
f 59/68/1 55/98/2 51/97/3 47/96/4 43/95/5 39/94/6 35/93/7 33/92/8 27/91/9 23/90/10 19/89/11 15/88/12 11/87/13 7/86/14 3/85/15 1/84/16 4/83/17 8/82/18 12/81/19 16/80/20 20/79/21 24/78/22 28/77/23 34/76/24 36/75/25 40/74/26 44/73/27 48/72/28 52/71/29 56/70/30 60/69/31 63/67/32
f 61/130/33 59/1/34 63/32/35 64/34/36
f 57/129/37 55/2/38 59/1/39 61/130/40
f 53/128/41 51/3/42 55/2/43 57/129/44
f 49/127/45 47/4/46 51/3/47 53/128/48
f 45/126/49 43/5/50 47/4/51 49/127/52
f 41/125/53 39/6/54 43/5/55 45/126/56
f 37/103/57 35/7/58 39/6/59 41/125/60
f 31/41/61 33/8/62 35/7/63 37/103/64
f 27/9/65 33/100/66 31/99/67 29/42/68
f 23/10/69 27/9/70 29/42/71 25/124/72
f 19/11/73 23/10/74 25/124/75 21/123/76
f 15/12/77 19/11/78 21/123/79 17/122/80
f 11/13/81 15/12/82 17/122/83 13/121/84
f 7/14/85 11/13/86 13/121/87 9/120/88
f 3/15/89 7/14/90 9/120/91 5/119/92
f 1/16/93 3/15/94 5/119/95 2/118/96
f 4/17/97 1/16/98 2/118/99 6/117/100
f 8/18/101 4/17/102 6/117/103 10/116/104
f 12/19/105 8/18/106 10/116/107 14/115/108
f 16/20/109 12/19/110 14/115/111 18/114/112
f 20/21/113 16/20/114 18/114/115 22/113/116
f 24/22/117 20/21/118 22/113/119 26/112/120
f 28/23/121 24/22/122 26/112/123 30/101/124
f 34/24/125 28/23/126 30/101/127 32/57/128
f 38/58/129 36/25/130 34/24/131 32/57/132
f 42/111/133 40/26/134 36/25/135 38/58/136
f 46/110/137 44/27/138 40/26/139 42/111/140
f 50/109/141 48/28/142 44/27/143 46/110/144
f 54/108/145 52/29/146 48/28/147 50/109/148
f 58/107/149 56/30/150 52/29/151 54/108/152
f 62/105/153 60/31/154 56/30/155 58/107/156
f 64/34/157 63/32/158 60/31/159 62/105/160
f 5/48/161 9/47/162 13/46/163 17/45/164 21/44/165 25/43/166 29/104/167 31/65/168 37/40/169 41/39/170 45/38/171 49/37/172 53/36/173 57/35/174 61/33/175 64/106/176 62/64/177 58/63/178 54/62/179 50/61/180 46/60/181 42/59/182 38/102/183 32/66/184 30/56/185 26/55/186 22/54/187 18/53/188 14/52/189 10/51/190 6/50/191 2/49/192
g default
v -1.330000 -0.039900 5.000000
v -1.330000 0.039900 5.000000
v -1.304443 -0.039900 5.259470
v -1.304443 -0.039900 4.740530
v -1.304443 0.039900 5.259470
v -1.304443 0.039900 4.740530
v -1.228759 -0.039900 5.508969
v -1.228759 -0.039900 4.491031
v -1.228759 0.039900 5.508969
v -1.228759 0.039900 4.491031
v -1.105853 -0.039900 5.738906
v -1.105853 -0.039900 4.261094
v -1.105853 0.039900 5.738906
v -1.105853 0.039900 4.261094
v -0.940450 -0.039900 5.940450
v -0.940450 -0.039900 4.059550
v -0.940450 0.039900 5.940450
v -0.940450 0.039900 4.059550
v -0.738906 -0.039900 6.105853
v -0.738906 -0.039900 3.894147
v -0.738906 0.039900 6.105853
v -0.738906 0.039900 3.894147
v -0.508969 -0.039900 6.228759
v -0.508969 -0.039900 3.771241
v -0.508969 0.039900 6.228759
v -0.508969 0.039900 3.771241
v -0.259470 -0.039900 6.304443
v -0.259470 -0.039900 3.695557
v -0.259470 0.039900 6.304443
v -0.259470 0.039900 3.695557
v 0.000000 0.039900 6.330000
v 0.000000 0.039900 3.670000
v 0.000000 -0.039900 6.330000
v 0.000000 -0.039900 3.670000
v 0.259470 -0.039900 6.304443
v 0.259470 -0.039900 3.695557
v 0.259470 0.039900 6.304443
v 0.259470 0.039900 3.695557
v 0.508969 -0.039900 6.228759
v 0.508969 -0.039900 3.771241
v 0.508969 0.039900 6.228759
v 0.508969 0.039900 3.771241
v 0.738906 -0.039900 6.105853
v 0.738906 -0.039900 3.894147
v 0.738906 0.039900 6.105853
v 0.738906 0.039900 3.894147
v 0.940450 -0.039900 5.940450
v 0.940450 -0.039900 4.059550
v 0.940450 0.039900 5.940450
v 0.940450 0.039900 4.059550
v 1.105853 -0.039900 5.738906
v 1.105853 -0.039900 4.261094
v 1.105853 0.039900 5.738906
v 1.105853 0.039900 4.261094
v 1.228759 -0.039900 5.508969
v 1.228759 -0.039900 4.491031
v 1.228759 0.039900 5.508969
v 1.228759 0.039900 4.491031
v 1.304443 -0.039900 5.259470
v 1.304443 -0.039900 4.740530
v 1.304443 0.039900 5.259470
v 1.304443 0.039900 4.740530
v 1.330000 -0.039900 5.000000
v 1.330000 0.039900 5.000000
vt 0.491549 0.777048
vt 0.491549 0.807724
vt 0.491549 0.838339
vt 0.491549 0.868891
vt 0.491549 0.899394
vt 0.491549 0.929859
vt 0.491549 0.960297
vt 0.491549 0.990714
vt 0.491549 0.041411
vt 0.491549 0.071624
vt 0.491549 0.101858
vt 0.491549 0.132132
vt 0.491549 0.162466
vt 0.491549 0.192870
vt 0.491549 0.223353
vt 0.491549 0.253903
vt 0.491549 0.284512
vt 0.491549 0.315169
vt 0.491549 0.345868
vt 0.491549 0.376597
vt 0.491549 0.407345
vt 0.491549 0.438108
vt 0.491549 0.468877
vt 0.491549 0.499643
vt 0.491549 0.530449
vt 0.491549 0.561180
vt 0.491549 0.591941
vt 0.491549 0.623045
vt 0.491549 0.653417
vt 0.491549 0.684737
vt 0.491549 0.715547
vt 0.491549 0.746320
vt 0.984514 0.400733
vt 0.510403 0.746320
vt 0.971743 0.310716
vt 0.951005 0.227757
vt 0.923095 0.155043
vt 0.889087 0.095367
vt 0.850289 0.051024
vt 0.808189 0.023718
vt 0.510403 0.990714
vt 0.510403 0.041411
vt 0.678526 0.051024
vt 0.639728 0.095367
vt 0.605720 0.155043
vt 0.577810 0.227757
vt 0.557072 0.310716
vt 0.544301 0.400733
vt 0.539989 0.494346
vt 0.544301 0.587960
vt 0.557072 0.677977
vt 0.577810 0.760935
vt 0.605720 0.833650
vt 0.639728 0.893326
vt 0.678526 0.937669
vt 0.720626 0.964975
vt 0.510403 0.499582
vt 0.510403 0.530449
vt 0.850289 0.937669
vt 0.889087 0.893326
vt 0.923095 0.833650
vt 0.951005 0.760935
vt 0.971743 0.677977
vt 0.984514 0.587960
vt 0.764408 0.014498
vt 0.764408 0.974195
vt 0.468891 0.497907
vt 0.464600 0.590832
vt 0.464600 0.404983
vt 0.451893 0.315629
vt 0.431258 0.233281
vt 0.403487 0.161102
vt 0.369649 0.101865
vt 0.331044 0.057849
vt 0.289154 0.030744
vt 0.245590 0.021591
vt 0.202026 0.030744
vt 0.160137 0.057849
vt 0.121531 0.101865
vt 0.087693 0.161102
vt 0.059923 0.233281
vt 0.039287 0.315629
vt 0.026580 0.404983
vt 0.022290 0.497907
vt 0.026580 0.590832
vt 0.039287 0.680186
vt 0.059923 0.762533
vt 0.087693 0.834713
vt 0.121531 0.893949
vt 0.160137 0.937966
vt 0.202026 0.965071
vt 0.245590 0.974223
vt 0.289154 0.965071
vt 0.331044 0.937966
vt 0.369649 0.893949
vt 0.403487 0.834713
vt 0.431258 0.762533
vt 0.451893 0.680186
vt 0.510403 0.009341
vt 0.491549 0.009341
vt 0.510403 0.468721
vt 0.808189 0.964975
vt 0.510403 0.960297
vt 0.720626 0.023718
vt 0.510403 0.715547
vt 0.988826 0.494346
vt 0.510403 0.684737
vt 0.510403 0.653899
vt 0.510403 0.623045
vt 0.510403 0.592183
vt 0.510403 0.561315
vt 0.510403 0.437862
vt 0.510403 0.407345
vt 0.510403 0.376597
vt 0.510403 0.345332
vt 0.510403 0.315169
vt 0.510403 0.284512
vt 0.510403 0.253903
vt 0.510403 0.223353
vt 0.510403 0.192870
vt 0.510403 0.162466
vt 0.510403 0.132132
vt 0.510403 0.101858
vt 0.510403 0.071624
vt 0.510403 0.929859
vt 0.510403 0.899394
vt 0.510403 0.868891
vt 0.510403 0.838339
vt 0.510403 0.807724
vt 0.510403 0.777048
vn 0.000000 -1.000000 0.000000
vn 0.000000 -1.000000 0.000000
vn 0.000000 -1.000000 0.000000
vn 0.000000 -1.000000 0.000000
vn 0.000000 -1.000000 0.000000
vn 0.000000 -1.000000 0.000000
vn 0.000000 -1.000000 0.000000
vn 0.000000 -1.000000 0.000000
vn 0.000000 -1.000000 0.000000
vn 0.000000 -1.000000 0.000000
vn 0.000000 -1.000000 0.000000
vn 0.000000 -1.000000 0.000000
vn 0.000000 -1.000000 0.000000
vn 0.000000 -1.000000 0.000000
vn 0.000000 -1.000000 0.000000
vn 0.000000 -1.000000 0.000000
vn 0.000000 -1.000000 0.000000
vn 0.000000 -1.000000 0.000000
vn 0.000000 -1.000000 0.000000
vn 0.000000 -1.000000 0.000000
vn 0.000000 -1.000000 0.000000
vn 0.000000 -1.000000 0.000000
vn 0.000000 -1.000000 0.000000
vn 0.000000 -1.000000 0.000000
vn 0.000000 -1.000000 0.000000
vn 0.000000 -1.000000 0.000000
vn 0.000000 -1.000000 0.000000
vn 0.000000 -1.000000 0.000000
vn 0.000000 -1.000000 0.000000
vn 0.000000 -1.000000 0.000000
vn 0.000000 -1.000000 0.000000
vn 0.000000 -1.000000 0.000000
vn 0.995184 0.000000 0.098022
vn 0.995184 0.000000 0.098022
vn 0.995184 0.000000 0.098022
vn 0.995184 0.000000 0.098022
vn 0.956941 0.000000 0.290282
vn 0.956941 0.000000 0.290282
vn 0.956941 0.000000 0.290282
vn 0.956941 0.000000 0.290282
vn 0.881918 0.000000 0.471403
vn 0.881918 0.000000 0.471403
vn 0.881918 0.000000 0.471403
vn 0.881918 0.000000 0.471403
vn 0.773010 0.000000 0.634394
vn 0.773010 0.000000 0.634394
vn 0.773010 0.000000 0.634394
vn 0.773010 0.000000 0.634394
vn 0.634394 0.000000 0.773010
vn 0.634394 0.000000 0.773010
vn 0.634394 0.000000 0.773010
vn 0.634394 0.000000 0.773010
vn 0.471402 0.000000 0.881919
vn 0.471402 0.000000 0.881919
vn 0.471402 0.000000 0.881919
vn 0.471402 0.000000 0.881919
vn 0.290284 0.000000 0.956940
vn 0.290284 0.000000 0.956940
vn 0.290284 0.000000 0.956940
vn 0.290284 0.000000 0.956940
vn 0.098021 0.000000 0.995184
vn 0.098021 0.000000 0.995184
vn 0.098021 0.000000 0.995184
vn 0.098021 0.000000 0.995184
vn -0.098021 0.000000 0.995184
vn -0.098021 0.000000 0.995184
vn -0.098021 0.000000 0.995184
vn -0.098021 0.000000 0.995184
vn -0.290284 0.000000 0.956940
vn -0.290284 0.000000 0.956940
vn -0.290284 0.000000 0.956940
vn -0.290284 0.000000 0.956940
vn -0.471402 0.000000 0.881919
vn -0.471402 0.000000 0.881919
vn -0.471402 0.000000 0.881919
vn -0.471402 0.000000 0.881919
vn -0.634394 0.000000 0.773010
vn -0.634394 0.000000 0.773010
vn -0.634394 0.000000 0.773010
vn -0.634394 0.000000 0.773010
vn -0.773010 0.000000 0.634394
vn -0.773010 0.000000 0.634394
vn -0.773010 0.000000 0.634394
vn -0.773010 0.000000 0.634394
vn -0.881918 0.000000 0.471403
vn -0.881918 0.000000 0.471403
vn -0.881918 0.000000 0.471403
vn -0.881918 0.000000 0.471403
vn -0.956941 0.000000 0.290282
vn -0.956941 0.000000 0.290282
vn -0.956941 0.000000 0.290282
vn -0.956941 0.000000 0.290282
vn -0.995184 0.000000 0.098022
vn -0.995184 0.000000 0.098022
vn -0.995184 0.000000 0.098022
vn -0.995184 0.000000 0.098022
vn -0.995184 0.000000 -0.098022
vn -0.995184 0.000000 -0.098022
vn -0.995184 0.000000 -0.098022
vn -0.995184 0.000000 -0.098022
vn -0.956941 0.000000 -0.290282
vn -0.956941 0.000000 -0.290282
vn -0.956941 0.000000 -0.290282
vn -0.956941 0.000000 -0.290282
vn -0.881918 0.000000 -0.471403
vn -0.881918 0.000000 -0.471403
vn -0.881918 0.000000 -0.471403
vn -0.881918 0.000000 -0.471403
vn -0.773010 0.000000 -0.634394
vn -0.773010 0.000000 -0.634394
vn -0.773010 0.000000 -0.634394
vn -0.773010 0.000000 -0.634394
vn -0.634393 0.000000 -0.773010
vn -0.634393 0.000000 -0.773010
vn -0.634393 0.000000 -0.773010
vn -0.634393 0.000000 -0.773010
vn -0.471403 0.000000 -0.881918
vn -0.471403 0.000000 -0.881918
vn -0.471403 0.000000 -0.881918
vn -0.471403 0.000000 -0.881918
vn -0.290282 0.000000 -0.956941
vn -0.290282 0.000000 -0.956941
vn -0.290282 0.000000 -0.956941
vn -0.290282 0.000000 -0.956941
vn -0.098022 0.000000 -0.995184
vn -0.098022 0.000000 -0.995184
vn -0.098022 0.000000 -0.995184
vn -0.098022 0.000000 -0.995184
vn 0.098022 0.000000 -0.995184
vn 0.098022 0.000000 -0.995184
vn 0.098022 0.000000 -0.995184
vn 0.098022 0.000000 -0.995184
vn 0.290282 0.000000 -0.956941
vn 0.290282 0.000000 -0.956941
vn 0.290282 0.000000 -0.956941
vn 0.290282 0.000000 -0.956941
vn 0.471403 0.000000 -0.881918
vn 0.471403 0.000000 -0.881918
vn 0.471403 0.000000 -0.881918
vn 0.471403 0.000000 -0.881918
vn 0.634393 0.000000 -0.773010
vn 0.634393 0.000000 -0.773010
vn 0.634393 0.000000 -0.773010
vn 0.634393 0.000000 -0.773010
vn 0.773010 0.000000 -0.634394
vn 0.773010 0.000000 -0.634394
vn 0.773010 0.000000 -0.634394
vn 0.773010 0.000000 -0.634394
vn 0.881918 0.000000 -0.471403
vn 0.881918 0.000000 -0.471403
vn 0.881918 0.000000 -0.471403
vn 0.881918 0.000000 -0.471403
vn 0.956941 0.000000 -0.290282
vn 0.956941 0.000000 -0.290282
vn 0.956941 0.000000 -0.290282
vn 0.956941 0.000000 -0.290282
vn 0.995184 0.000000 -0.098022
vn 0.995184 0.000000 -0.098022
vn 0.995184 0.000000 -0.098022
vn 0.995184 0.000000 -0.098022
vn 0.000000 1.000000 0.000000
vn 0.000000 1.000000 0.000000
vn 0.000000 1.000000 0.000000
vn 0.000000 1.000000 0.000000
vn 0.000000 1.000000 0.000000
vn 0.000000 1.000000 0.000000
vn 0.000000 1.000000 0.000000
vn 0.000000 1.000000 0.000000
vn 0.000000 1.000000 0.000000
vn 0.000000 1.000000 0.000000
vn 0.000000 1.000000 0.000000
vn 0.000000 1.000000 0.000000
vn 0.000000 1.000000 0.000000
vn 0.000000 1.000000 0.000000
vn 0.000000 1.000000 0.000000
vn 0.000000 1.000000 0.000000
vn 0.000000 1.000000 0.000000
vn 0.000000 1.000000 0.000000
vn 0.000000 1.000000 0.000000
vn 0.000000 1.000000 0.000000
vn 0.000000 1.000000 0.000000
vn 0.000000 1.000000 0.000000
vn 0.000000 1.000000 0.000000
vn 0.000000 1.000000 0.000000
vn 0.000000 1.000000 0.000000
vn 0.000000 1.000000 0.000000
vn 0.000000 1.000000 0.000000
vn 0.000000 1.000000 0.000000
vn 0.000000 1.000000 0.000000
vn 0.000000 1.000000 0.000000
vn 0.000000 1.000000 0.000000
vn 0.000000 1.000000 0.000000
s off
g US_Coins_SD FiveCent
usemtl FiveCentSG
f 123/198/193 119/228/194 115/227/195 111/226/196 107/225/197 103/224/198 99/223/199 97/222/200 91/221/201 87/220/202 83/219/203 79/218/204 75/217/205 71/216/206 67/215/207 65/214/208 68/213/209 72/212/210 76/211/211 80/210/212 84/209/213 88/208/214 92/207/215 98/206/216 100/205/217 104/204/218 108/203/219 112/202/220 116/201/221 120/200/222 124/199/223 127/197/224
f 125/260/225 123/131/226 127/162/227 128/164/228
f 121/259/229 119/132/230 123/131/231 125/260/232
f 117/258/233 115/133/234 119/132/235 121/259/236
f 113/257/237 111/134/238 115/133/239 117/258/240
f 109/256/241 107/135/242 111/134/243 113/257/244
f 105/255/245 103/136/246 107/135/247 109/256/248
f 101/233/249 99/137/250 103/136/251 105/255/252
f 95/171/253 97/138/254 99/137/255 101/233/256
f 91/139/257 97/230/258 95/229/259 93/172/260
f 87/140/261 91/139/262 93/172/263 89/254/264
f 83/141/265 87/140/266 89/254/267 85/253/268
f 79/142/269 83/141/270 85/253/271 81/252/272
f 75/143/273 79/142/274 81/252/275 77/251/276
f 71/144/277 75/143/278 77/251/279 73/250/280
f 67/145/281 71/144/282 73/250/283 69/249/284
f 65/146/285 67/145/286 69/249/287 66/248/288
f 68/147/289 65/146/290 66/248/291 70/247/292
f 72/148/293 68/147/294 70/247/295 74/246/296
f 76/149/297 72/148/298 74/246/299 78/245/300
f 80/150/301 76/149/302 78/245/303 82/244/304
f 84/151/305 80/150/306 82/244/307 86/243/308
f 88/152/309 84/151/310 86/243/311 90/242/312
f 92/153/313 88/152/314 90/242/315 94/231/316
f 98/154/317 92/153/318 94/231/319 96/187/320
f 102/188/321 100/155/322 98/154/323 96/187/324
f 106/241/325 104/156/326 100/155/327 102/188/328
f 110/240/329 108/157/330 104/156/331 106/241/332
f 114/239/333 112/158/334 108/157/335 110/240/336
f 118/238/337 116/159/338 112/158/339 114/239/340
f 122/237/341 120/160/342 116/159/343 118/238/344
f 126/235/345 124/161/346 120/160/347 122/237/348
f 128/164/349 127/162/350 124/161/351 126/235/352
f 69/178/353 73/177/354 77/176/355 81/175/356 85/174/357 89/173/358 93/234/359 95/195/360 101/170/361 105/169/362 109/168/363 113/167/364 117/166/365 121/165/366 125/163/367 128/236/368 126/194/369 122/193/370 118/192/371 114/191/372 110/190/373 106/189/374 102/232/375 96/196/376 94/186/377 90/185/378 86/184/379 82/183/380 78/182/381 74/181/382 70/180/383 66/179/384
g default
v -1.330000 -0.039900 10.000000
v -1.330000 0.039900 10.000000
v -1.304443 -0.039900 10.259470
v -1.304443 -0.039900 9.740530
v -1.304443 0.039900 10.259470
v -1.304443 0.039900 9.740530
v -1.228759 -0.039900 10.508969
v -1.228759 -0.039900 9.491031
v -1.228759 0.039900 10.508969
v -1.228759 0.039900 9.491031
v -1.105853 -0.039900 10.738906
v -1.105853 -0.039900 9.261094
v -1.105853 0.039900 10.738906
v -1.105853 0.039900 9.261094
v -0.940450 -0.039900 10.940450
v -0.940450 -0.039900 9.059550
v -0.940450 0.039900 10.940450
v -0.940450 0.039900 9.059550
v -0.738906 -0.039900 11.105853
v -0.738906 -0.039900 8.894147
v -0.738906 0.039900 11.105853
v -0.738906 0.039900 8.894147
v -0.508969 -0.039900 11.228759
v -0.508969 -0.039900 8.771241
v -0.508969 0.039900 11.228759
v -0.508969 0.039900 8.771241
v -0.259470 -0.039900 11.304443
v -0.259470 -0.039900 8.695557
v -0.259470 0.039900 11.304443
v -0.259470 0.039900 8.695557
v 0.000000 0.039900 11.330000
v 0.000000 0.039900 8.670000
v 0.000000 -0.039900 11.330000
v 0.000000 -0.039900 8.670000
v 0.259470 -0.039900 11.304443
v 0.259470 -0.039900 8.695557
v 0.259470 0.039900 11.304443
v 0.259470 0.039900 8.695557
v 0.508969 -0.039900 11.228759
v 0.508969 -0.039900 8.771241
v 0.508969 0.039900 11.228759
v 0.508969 0.039900 8.771241
v 0.738906 -0.039900 11.105853
v 0.738906 -0.039900 8.894147
v 0.738906 0.039900 11.105853
v 0.738906 0.039900 8.894147
v 0.940450 -0.039900 10.940450
v 0.940450 -0.039900 9.059550
v 0.940450 0.039900 10.940450
v 0.940450 0.039900 9.059550
v 1.105853 -0.039900 10.738906
v 1.105853 -0.039900 9.261094
v 1.105853 0.039900 10.738906
v 1.105853 0.039900 9.261094
v 1.228759 -0.039900 10.508969
v 1.228759 -0.039900 9.491031
v 1.228759 0.039900 10.508969
v 1.228759 0.039900 9.491031
v 1.304443 -0.039900 10.259470
v 1.304443 -0.039900 9.740530
v 1.304443 0.039900 10.259470
v 1.304443 0.039900 9.740530
v 1.330000 -0.039900 10.000000
v 1.330000 0.039900 10.000000
vt 0.494571 0.768593
vt 0.494571 0.798226
vt 0.494571 0.827800
vt 0.494571 0.857313
vt 0.494571 0.886778
vt 0.494571 0.916208
vt 0.494571 0.945610
vt 0.494571 0.974993
vt 0.494571 0.057972
vt 0.494571 0.087158
vt 0.494571 0.116364
vt 0.494571 0.145609
vt 0.494571 0.174911
vt 0.494571 0.204281
vt 0.494571 0.233727
vt 0.494571 0.263239
vt 0.494571 0.292806
vt 0.494571 0.322421
vt 0.494571 0.352076
vt 0.494571 0.381760
vt 0.494571 0.411463
vt 0.494571 0.441179
vt 0.494571 0.470902
vt 0.494571 0.500622
vt 0.494571 0.530380
vt 0.494571 0.560197
vt 0.494571 0.590014
vt 0.494571 0.619828
vt 0.494571 0.649632
vt 0.494571 0.679421
vt 0.494571 0.709184
vt 0.494571 0.738910
vt 0.983883 0.406349
vt 0.505112 0.738910
vt 0.970454 0.317124
vt 0.948646 0.234896
vt 0.919298 0.162821
vt 0.883536 0.103671
vt 0.842737 0.059718
vt 0.798467 0.032652
vt 0.505112 0.974993
vt 0.505112 0.057972
vt 0.662117 0.059718
vt 0.621318 0.103671
vt 0.585557 0.162821
vt 0.556208 0.234896
vt 0.534400 0.317124
vt 0.520971 0.406349
vt 0.516436 0.499139
vt 0.520971 0.591929
vt 0.534400 0.681153
vt 0.556208 0.763381
vt 0.585557 0.835456
vt 0.621318 0.894606
vt 0.662117 0.938559
vt 0.706388 0.965625
vt 0.505112 0.500622
vt 0.505112 0.530380
vt 0.842737 0.938559
vt 0.883536 0.894606
vt 0.919298 0.835456
vt 0.948646 0.763381
vt 0.970454 0.681153
vt 0.983883 0.591929
vt 0.752427 0.023513
vt 0.752427 0.974764
vt 0.489761 0.506866
vt 0.485256 0.599726
vt 0.485256 0.414006
vt 0.471914 0.324715
vt 0.450248 0.242425
vt 0.421090 0.170296
vt 0.385561 0.111100
vt 0.345027 0.067115
vt 0.301045 0.040029
vt 0.255305 0.030882
vt 0.209564 0.040029
vt 0.165582 0.067115
vt 0.125048 0.111100
vt 0.089519 0.170296
vt 0.060361 0.242425
vt 0.038695 0.324715
vt 0.025353 0.414006
vt 0.020848 0.506866
vt 0.025353 0.599726
vt 0.038695 0.689018
vt 0.060361 0.771308
vt 0.089519 0.843437
vt 0.125048 0.902632
vt 0.165582 0.946618
vt 0.209564 0.973704
vt 0.255305 0.982850
vt 0.301045 0.973704
vt 0.345027 0.946618
vt 0.385561 0.902632
vt 0.421090 0.843437
vt 0.450248 0.771308
vt 0.471914 0.689018
vt 0.505112 0.026993
vt 0.494571 0.026993
vt 0.505112 0.470902
vt 0.798467 0.965625
vt 0.505112 0.945610
vt 0.706388 0.032652
vt 0.505112 0.709184
vt 0.988418 0.499139
vt 0.505112 0.679421
vt 0.505112 0.649632
vt 0.505112 0.619828
vt 0.505112 0.590014
vt 0.505112 0.560197
vt 0.505112 0.441179
vt 0.505112 0.411463
vt 0.505112 0.381760
vt 0.505112 0.352076
vt 0.505112 0.322421
vt 0.505112 0.292806
vt 0.505112 0.263239
vt 0.505112 0.233727
vt 0.505112 0.204281
vt 0.505112 0.174911
vt 0.505112 0.145609
vt 0.505112 0.116364
vt 0.505112 0.087158
vt 0.505112 0.916208
vt 0.505112 0.886778
vt 0.505112 0.857313
vt 0.505112 0.827800
vt 0.505112 0.798226
vt 0.505112 0.768593
vn 0.000000 -1.000000 0.000000
vn 0.000000 -1.000000 0.000000
vn 0.000000 -1.000000 0.000000
vn 0.000000 -1.000000 0.000000
vn 0.000000 -1.000000 0.000000
vn 0.000000 -1.000000 0.000000
vn 0.000000 -1.000000 0.000000
vn 0.000000 -1.000000 0.000000
vn 0.000000 -1.000000 0.000000
vn 0.000000 -1.000000 0.000000
vn 0.000000 -1.000000 0.000000
vn 0.000000 -1.000000 0.000000
vn 0.000000 -1.000000 0.000000
vn 0.000000 -1.000000 0.000000
vn 0.000000 -1.000000 0.000000
vn 0.000000 -1.000000 0.000000
vn 0.000000 -1.000000 0.000000
vn 0.000000 -1.000000 0.000000
vn 0.000000 -1.000000 0.000000
vn 0.000000 -1.000000 0.000000
vn 0.000000 -1.000000 0.000000
vn 0.000000 -1.000000 0.000000
vn 0.000000 -1.000000 0.000000
vn 0.000000 -1.000000 0.000000
vn 0.000000 -1.000000 0.000000
vn 0.000000 -1.000000 0.000000
vn 0.000000 -1.000000 0.000000
vn 0.000000 -1.000000 0.000000
vn 0.000000 -1.000000 0.000000
vn 0.000000 -1.000000 0.000000
vn 0.000000 -1.000000 0.000000
vn 0.000000 -1.000000 0.000000
vn 0.995184 0.000000 0.098022
vn 0.995184 0.000000 0.098022
vn 0.995184 0.000000 0.098022
vn 0.995184 0.000000 0.098022
vn 0.956941 0.000000 0.290283
vn 0.956941 0.000000 0.290283
vn 0.956941 0.000000 0.290283
vn 0.956941 0.000000 0.290283
vn 0.881917 0.000000 0.471404
vn 0.881917 0.000000 0.471404
vn 0.881917 0.000000 0.471404
vn 0.881917 0.000000 0.471404
vn 0.773012 0.000000 0.634392
vn 0.773012 0.000000 0.634392
vn 0.773012 0.000000 0.634392
vn 0.773012 0.000000 0.634392
vn 0.634394 0.000000 0.773010
vn 0.634394 0.000000 0.773010
vn 0.634394 0.000000 0.773010
vn 0.634394 0.000000 0.773010
vn 0.471402 0.000000 0.881919
vn 0.471402 0.000000 0.881919
vn 0.471402 0.000000 0.881919
vn 0.471402 0.000000 0.881919
vn 0.290284 0.000000 0.956940
vn 0.290284 0.000000 0.956940
vn 0.290284 0.000000 0.956940
vn 0.290284 0.000000 0.956940
vn 0.098021 0.000000 0.995184
vn 0.098021 0.000000 0.995184
vn 0.098021 0.000000 0.995184
vn 0.098021 0.000000 0.995184
vn -0.098021 0.000000 0.995184
vn -0.098021 0.000000 0.995184
vn -0.098021 0.000000 0.995184
vn -0.098021 0.000000 0.995184
vn -0.290284 0.000000 0.956940
vn -0.290284 0.000000 0.956940
vn -0.290284 0.000000 0.956940
vn -0.290284 0.000000 0.956940
vn -0.471402 0.000000 0.881919
vn -0.471402 0.000000 0.881919
vn -0.471402 0.000000 0.881919
vn -0.471402 0.000000 0.881919
vn -0.634394 0.000000 0.773010
vn -0.634394 0.000000 0.773010
vn -0.634394 0.000000 0.773010
vn -0.634394 0.000000 0.773010
vn -0.773012 0.000000 0.634392
vn -0.773012 0.000000 0.634392
vn -0.773012 0.000000 0.634392
vn -0.773012 0.000000 0.634392
vn -0.881917 0.000000 0.471404
vn -0.881917 0.000000 0.471404
vn -0.881917 0.000000 0.471404
vn -0.881917 0.000000 0.471404
vn -0.956941 0.000000 0.290283
vn -0.956941 0.000000 0.290283
vn -0.956941 0.000000 0.290283
vn -0.956941 0.000000 0.290283
vn -0.995184 0.000000 0.098022
vn -0.995184 0.000000 0.098022
vn -0.995184 0.000000 0.098022
vn -0.995184 0.000000 0.098022
vn -0.995184 0.000000 -0.098022
vn -0.995184 0.000000 -0.098022
vn -0.995184 0.000000 -0.098022
vn -0.995184 0.000000 -0.098022
vn -0.956941 0.000000 -0.290282
vn -0.956941 0.000000 -0.290282
vn -0.956941 0.000000 -0.290282
vn -0.956941 0.000000 -0.290282
vn -0.881918 0.000000 -0.471403
vn -0.881918 0.000000 -0.471403
vn -0.881918 0.000000 -0.471403
vn -0.881918 0.000000 -0.471403
vn -0.773010 0.000000 -0.634394
vn -0.773010 0.000000 -0.634394
vn -0.773010 0.000000 -0.634394
vn -0.773010 0.000000 -0.634394
vn -0.634394 0.000000 -0.773010
vn -0.634394 0.000000 -0.773010
vn -0.634394 0.000000 -0.773010
vn -0.634394 0.000000 -0.773010
vn -0.471402 0.000000 -0.881919
vn -0.471402 0.000000 -0.881919
vn -0.471402 0.000000 -0.881919
vn -0.471402 0.000000 -0.881919
vn -0.290284 0.000000 -0.956940
vn -0.290284 0.000000 -0.956940
vn -0.290284 0.000000 -0.956940
vn -0.290284 0.000000 -0.956940
vn -0.098021 0.000000 -0.995184
vn -0.098021 0.000000 -0.995184
vn -0.098021 0.000000 -0.995184
vn -0.098021 0.000000 -0.995184
vn 0.098021 0.000000 -0.995184
vn 0.098021 0.000000 -0.995184
vn 0.098021 0.000000 -0.995184
vn 0.098021 0.000000 -0.995184
vn 0.290284 0.000000 -0.956940
vn 0.290284 0.000000 -0.956940
vn 0.290284 0.000000 -0.956940
vn 0.290284 0.000000 -0.956940
vn 0.471402 0.000000 -0.881919
vn 0.471402 0.000000 -0.881919
vn 0.471402 0.000000 -0.881919
vn 0.471402 0.000000 -0.881919
vn 0.634394 0.000000 -0.773010
vn 0.634394 0.000000 -0.773010
vn 0.634394 0.000000 -0.773010
vn 0.634394 0.000000 -0.773010
vn 0.773010 0.000000 -0.634394
vn 0.773010 0.000000 -0.634394
vn 0.773010 0.000000 -0.634394
vn 0.773010 0.000000 -0.634394
vn 0.881918 0.000000 -0.471403
vn 0.881918 0.000000 -0.471403
vn 0.881918 0.000000 -0.471403
vn 0.881918 0.000000 -0.471403
vn 0.956941 0.000000 -0.290282
vn 0.956941 0.000000 -0.290282
vn 0.956941 0.000000 -0.290282
vn 0.956941 0.000000 -0.290282
vn 0.995184 0.000000 -0.098022
vn 0.995184 0.000000 -0.098022
vn 0.995184 0.000000 -0.098022
vn 0.995184 0.000000 -0.098022
vn 0.000000 1.000000 0.000000
vn 0.000000 1.000000 0.000000
vn 0.000000 1.000000 0.000000
vn 0.000000 1.000000 0.000000
vn 0.000000 1.000000 0.000000
vn 0.000000 1.000000 0.000000
vn 0.000000 1.000000 0.000000
vn 0.000000 1.000000 0.000000
vn 0.000000 1.000000 0.000000
vn 0.000000 1.000000 0.000000
vn 0.000000 1.000000 0.000000
vn 0.000000 1.000000 0.000000
vn 0.000000 1.000000 0.000000
vn 0.000000 1.000000 0.000000
vn 0.000000 1.000000 0.000000
vn 0.000000 1.000000 0.000000
vn 0.000000 1.000000 0.000000
vn 0.000000 1.000000 0.000000
vn 0.000000 1.000000 0.000000
vn 0.000000 1.000000 0.000000
vn 0.000000 1.000000 0.000000
vn 0.000000 1.000000 0.000000
vn 0.000000 1.000000 0.000000
vn 0.000000 1.000000 0.000000
vn 0.000000 1.000000 0.000000
vn 0.000000 1.000000 0.000000
vn 0.000000 1.000000 0.000000
vn 0.000000 1.000000 0.000000
vn 0.000000 1.000000 0.000000
vn 0.000000 1.000000 0.000000
vn 0.000000 1.000000 0.000000
vn 0.000000 1.000000 0.000000
s off
g US_Coins_SD HundredCent
usemtl HundredCentSG
f 187/328/385 183/358/386 179/357/387 175/356/388 171/355/389 167/354/390 163/353/391 161/352/392 155/351/393 151/350/394 147/349/395 143/348/396 139/347/397 135/346/398 131/345/399 129/344/400 132/343/401 136/342/402 140/341/403 144/340/404 148/339/405 152/338/406 156/337/407 162/336/408 164/335/409 168/334/410 172/333/411 176/332/412 180/331/413 184/330/414 188/329/415 191/327/416
f 189/390/417 187/261/418 191/292/419 192/294/420
f 185/389/421 183/262/422 187/261/423 189/390/424
f 181/388/425 179/263/426 183/262/427 185/389/428
f 177/387/429 175/264/430 179/263/431 181/388/432
f 173/386/433 171/265/434 175/264/435 177/387/436
f 169/385/437 167/266/438 171/265/439 173/386/440
f 165/363/441 163/267/442 167/266/443 169/385/444
f 159/301/445 161/268/446 163/267/447 165/363/448
f 155/269/449 161/360/450 159/359/451 157/302/452
f 151/270/453 155/269/454 157/302/455 153/384/456
f 147/271/457 151/270/458 153/384/459 149/383/460
f 143/272/461 147/271/462 149/383/463 145/382/464
f 139/273/465 143/272/466 145/382/467 141/381/468
f 135/274/469 139/273/470 141/381/471 137/380/472
f 131/275/473 135/274/474 137/380/475 133/379/476
f 129/276/477 131/275/478 133/379/479 130/378/480
f 132/277/481 129/276/482 130/378/483 134/377/484
f 136/278/485 132/277/486 134/377/487 138/376/488
f 140/279/489 136/278/490 138/376/491 142/375/492
f 144/280/493 140/279/494 142/375/495 146/374/496
f 148/281/497 144/280/498 146/374/499 150/373/500
f 152/282/501 148/281/502 150/373/503 154/372/504
f 156/283/505 152/282/506 154/372/507 158/361/508
f 162/284/509 156/283/510 158/361/511 160/317/512
f 166/318/513 164/285/514 162/284/515 160/317/516
f 170/371/517 168/286/518 164/285/519 166/318/520
f 174/370/521 172/287/522 168/286/523 170/371/524
f 178/369/525 176/288/526 172/287/527 174/370/528
f 182/368/529 180/289/530 176/288/531 178/369/532
f 186/367/533 184/290/534 180/289/535 182/368/536
f 190/365/537 188/291/538 184/290/539 186/367/540
f 192/294/541 191/292/542 188/291/543 190/365/544
f 133/308/545 137/307/546 141/306/547 145/305/548 149/304/549 153/303/550 157/364/551 159/325/552 165/300/553 169/299/554 173/298/555 177/297/556 181/296/557 185/295/558 189/293/559 192/366/560 190/324/561 186/323/562 182/322/563 178/321/564 174/320/565 170/319/566 166/362/567 160/326/568 158/316/569 154/315/570 150/314/571 146/313/572 142/312/573 138/311/574 134/310/575 130/309/576
g default
v -0.883500 -0.026505 15.000000
v -0.883500 0.026505 15.000000
v -0.866523 -0.026505 15.172362
v -0.866523 -0.026505 14.827638
v -0.866523 0.026505 15.172362
v -0.866523 0.026505 14.827638
v -0.816247 -0.026505 15.338100
v -0.816247 -0.026505 14.661900
v -0.816247 0.026505 15.338100
v -0.816247 0.026505 14.661900
v -0.734602 -0.026505 15.490844
v -0.734602 -0.026505 14.509156
v -0.734602 0.026505 15.490844
v -0.734602 0.026505 14.509156
v -0.624727 -0.026505 15.624728
v -0.624727 -0.026505 14.375272
v -0.624727 0.026505 15.624728
v -0.624727 0.026505 14.375272
v -0.490845 -0.026505 15.734602
v -0.490845 -0.026505 14.265398
v -0.490845 0.026505 15.734602
v -0.490845 0.026505 14.265398
v -0.338101 -0.026505 15.816247
v -0.338101 -0.026505 14.183753
v -0.338101 0.026505 15.816247
v -0.338101 0.026505 14.183753
v -0.172362 -0.026505 15.866523
v -0.172362 -0.026505 14.133477
v -0.172362 0.026505 15.866523
v -0.172362 0.026505 14.133477
v 0.000000 0.026505 15.883501
v 0.000000 0.026505 14.116499
v 0.000000 -0.026505 15.883501
v 0.000000 -0.026505 14.116499
v 0.172362 -0.026505 15.866523
v 0.172362 -0.026505 14.133477
v 0.172362 0.026505 15.866523
v 0.172362 0.026505 14.133477
v 0.338101 -0.026505 15.816247
v 0.338101 -0.026505 14.183753
v 0.338101 0.026505 15.816247
v 0.338101 0.026505 14.183753
v 0.490845 -0.026505 15.734602
v 0.490845 -0.026505 14.265398
v 0.490845 0.026505 15.734602
v 0.490845 0.026505 14.265398
v 0.624727 -0.026505 15.624728
v 0.624727 -0.026505 14.375272
v 0.624727 0.026505 15.624728
v 0.624727 0.026505 14.375272
v 0.734602 -0.026505 15.490844
v 0.734602 -0.026505 14.509156
v 0.734602 0.026505 15.490844
v 0.734602 0.026505 14.509156
v 0.816247 -0.026505 15.338100
v 0.816247 -0.026505 14.661900
v 0.816247 0.026505 15.338100
v 0.816247 0.026505 14.661900
v 0.866523 -0.026505 15.172362
v 0.866523 -0.026505 14.827638
v 0.866523 0.026505 15.172362
v 0.866523 0.026505 14.827638
v 0.883500 -0.026505 15.000000
v 0.883500 0.026505 15.000000
vt 0.516278 0.223045
vt 0.516274 0.192503
vt 0.516270 0.162007
vt 0.516266 0.131547
vt 0.516262 0.101111
vt 0.516258 0.070692
vt 0.516254 0.040284
vt 0.516249 0.008341
vt 0.516376 0.959513
vt 0.516372 0.929256
vt 0.516368 0.898945
vt 0.516364 0.868558
vt 0.516360 0.838080
vt 0.516356 0.807508
vt 0.516352 0.776856
vt 0.516348 0.746140
vt 0.516344 0.715374
vt 0.516340 0.684573
vt 0.516336 0.653747
vt 0.516331 0.622912
vt 0.516327 0.592069
vt 0.516323 0.561217
vt 0.516319 0.530177
vt 0.516315 0.499412
vt 0.516311 0.468646
vt 0.516307 0.437875
vt 0.516303 0.407114
vt 0.516299 0.376366
vt 0.516294 0.345637
vt 0.516290 0.314937
vt 0.516286 0.284266
vt 0.516282 0.253635
vt 0.978131 0.399320
vt 0.482671 0.253635
vt 0.965175 0.310249
vt 0.944135 0.228162
vt 0.915819 0.156211
vt 0.881317 0.097163
vt 0.841954 0.053286
vt 0.799242 0.026267
vt 0.482638 0.008365
vt 0.482765 0.959513
vt 0.667693 0.053286
vt 0.628329 0.097163
vt 0.593827 0.156211
vt 0.565512 0.228162
vt 0.544471 0.310249
vt 0.531515 0.399320
vt 0.527140 0.491950
vt 0.531515 0.584581
vt 0.544471 0.673652
vt 0.565512 0.755738
vt 0.593827 0.827689
vt 0.628329 0.886738
vt 0.667693 0.930615
vt 0.710405 0.957634
vt 0.482704 0.499497
vt 0.482699 0.468630
vt 0.841954 0.930615
vt 0.881317 0.886738
vt 0.915819 0.827689
vt 0.944135 0.755738
vt 0.965175 0.673652
vt 0.978131 0.584581
vt 0.754823 0.017143
vt 0.754823 0.966758
vt 0.471438 0.495511
vt 0.467098 0.586736
vt 0.467098 0.404287
vt 0.454246 0.316568
vt 0.433375 0.235727
vt 0.405288 0.164868
vt 0.371064 0.106716
vt 0.332018 0.063505
vt 0.289651 0.036896
vt 0.245590 0.027911
vt 0.201529 0.036896
vt 0.159162 0.063505
vt 0.120116 0.106716
vt 0.085892 0.164868
vt 0.057805 0.235727
vt 0.036935 0.316568
vt 0.024083 0.404287
vt 0.019743 0.495511
vt 0.024083 0.586736
vt 0.036935 0.674454
vt 0.057805 0.755295
vt 0.085892 0.826154
vt 0.120116 0.884306
vt 0.159162 0.927518
vt 0.201529 0.954127
vt 0.245590 0.963112
vt 0.289651 0.954127
vt 0.332018 0.927518
vt 0.371064 0.884306
vt 0.405288 0.826154
vt 0.433375 0.755295
vt 0.454246 0.674454
vt 0.482769 0.989738
vt 0.516381 0.989714
vt 0.482708 0.530358
vt 0.799242 0.957634
vt 0.482642 0.040284
vt 0.710405 0.026267
vt 0.482675 0.284266
vt 0.982506 0.491950
vt 0.482679 0.314937
vt 0.482683 0.345637
vt 0.482687 0.376366
vt 0.482691 0.407114
vt 0.482695 0.437764
vt 0.482712 0.561217
vt 0.482716 0.592069
vt 0.482720 0.622912
vt 0.482724 0.653747
vt 0.482728 0.684573
vt 0.482732 0.715374
vt 0.482737 0.746140
vt 0.482741 0.776856
vt 0.482745 0.807508
vt 0.482749 0.838080
vt 0.482753 0.868558
vt 0.482757 0.898945
vt 0.482761 0.929256
vt 0.482646 0.070692
vt 0.482650 0.101111
vt 0.482654 0.131547
vt 0.482658 0.162007
vt 0.482662 0.192503
vt 0.482666 0.223045
vn 0.000000 -1.000000 -0.000000
vn 0.000000 -1.000000 -0.000000
vn 0.000000 -1.000000 -0.000000
vn 0.000000 -1.000000 -0.000000
vn 0.000000 -1.000000 -0.000000
vn 0.000000 -1.000000 -0.000000
vn 0.000000 -1.000000 -0.000000
vn 0.000000 -1.000000 -0.000000
vn 0.000000 -1.000000 -0.000000
vn 0.000000 -1.000000 -0.000000
vn 0.000000 -1.000000 -0.000000
vn 0.000000 -1.000000 -0.000000
vn 0.000000 -1.000000 -0.000000
vn 0.000000 -1.000000 -0.000000
vn 0.000000 -1.000000 -0.000000
vn 0.000000 -1.000000 -0.000000
vn 0.000000 -1.000000 -0.000000
vn 0.000000 -1.000000 -0.000000
vn 0.000000 -1.000000 -0.000000
vn 0.000000 -1.000000 -0.000000
vn 0.000000 -1.000000 -0.000000
vn 0.000000 -1.000000 -0.000000
vn 0.000000 -1.000000 -0.000000
vn 0.000000 -1.000000 -0.000000
vn 0.000000 -1.000000 -0.000000
vn 0.000000 -1.000000 -0.000000
vn 0.000000 -1.000000 -0.000000
vn 0.000000 -1.000000 -0.000000
vn 0.000000 -1.000000 -0.000000
vn 0.000000 -1.000000 -0.000000
vn 0.000000 -1.000000 -0.000000
vn 0.000000 -1.000000 -0.000000
vn 0.995184 0.000000 0.098022
vn 0.995184 0.000000 0.098022
vn 0.995184 0.000000 0.098022
vn 0.995184 0.000000 0.098022
vn 0.956941 0.000000 0.290282
vn 0.956941 0.000000 0.290282
vn 0.956941 0.000000 0.290282
vn 0.956941 0.000000 0.290282
vn 0.881917 0.000000 0.471405
vn 0.881917 0.000000 0.471405
vn 0.881917 0.000000 0.471405
vn 0.881917 0.000000 0.471405
vn 0.773015 0.000000 0.634388
vn 0.773015 0.000000 0.634388
vn 0.773015 0.000000 0.634388
vn 0.773015 0.000000 0.634388
vn 0.634389 0.000000 0.773014
vn 0.634389 0.000000 0.773014
vn 0.634389 0.000000 0.773014
vn 0.634389 0.000000 0.773014
vn 0.471408 0.000000 0.881915
vn 0.471408 0.000000 0.881915
vn 0.471408 0.000000 0.881915
vn 0.471408 0.000000 0.881915
vn 0.290278 0.000000 0.956942
vn 0.290278 0.000000 0.956942
vn 0.290278 0.000000 0.956942
vn 0.290278 0.000000 0.956942
vn 0.098020 0.000000 0.995184
vn 0.098020 0.000000 0.995184
vn 0.098020 0.000000 0.995184
vn 0.098020 0.000000 0.995184
vn -0.098020 0.000000 0.995184
vn -0.098020 0.000000 0.995184
vn -0.098020 0.000000 0.995184
vn -0.098020 0.000000 0.995184
vn -0.290278 0.000000 0.956942
vn -0.290278 0.000000 0.956942
vn -0.290278 0.000000 0.956942
vn -0.290278 0.000000 0.956942
vn -0.471408 0.000000 0.881915
vn -0.471408 0.000000 0.881915
vn -0.471408 0.000000 0.881915
vn -0.471408 0.000000 0.881915
vn -0.634389 0.000000 0.773014
vn -0.634389 0.000000 0.773014
vn -0.634389 0.000000 0.773014
vn -0.634389 0.000000 0.773014
vn -0.773015 0.000000 0.634388
vn -0.773015 0.000000 0.634388
vn -0.773015 0.000000 0.634388
vn -0.773015 0.000000 0.634388
vn -0.881917 0.000000 0.471405
vn -0.881917 0.000000 0.471405
vn -0.881917 0.000000 0.471405
vn -0.881917 0.000000 0.471405
vn -0.956941 0.000000 0.290282
vn -0.956941 0.000000 0.290282
vn -0.956941 0.000000 0.290282
vn -0.956941 0.000000 0.290282
vn -0.995184 0.000000 0.098022
vn -0.995184 0.000000 0.098022
vn -0.995184 0.000000 0.098022
vn -0.995184 0.000000 0.098022
vn -0.995184 0.000000 -0.098022
vn -0.995184 0.000000 -0.098022
vn -0.995184 0.000000 -0.098022
vn -0.995184 0.000000 -0.098022
vn -0.956940 0.000000 -0.290285
vn -0.956940 0.000000 -0.290285
vn -0.956940 0.000000 -0.290285
vn -0.956940 0.000000 -0.290285
vn -0.881918 0.000000 -0.471403
vn -0.881918 0.000000 -0.471403
vn -0.881918 0.000000 -0.471403
vn -0.881918 0.000000 -0.471403
vn -0.773013 0.000000 -0.634390
vn -0.773013 0.000000 -0.634390
vn -0.773013 0.000000 -0.634390
vn -0.773013 0.000000 -0.634390
vn -0.634392 0.000000 -0.773011
vn -0.634392 0.000000 -0.773011
vn -0.634392 0.000000 -0.773011
vn -0.634392 0.000000 -0.773011
vn -0.471404 0.000000 -0.881917
vn -0.471404 0.000000 -0.881917
vn -0.471404 0.000000 -0.881917
vn -0.471404 0.000000 -0.881917
vn -0.290282 0.000000 -0.956941
vn -0.290282 0.000000 -0.956941
vn -0.290282 0.000000 -0.956941
vn -0.290282 0.000000 -0.956941
vn -0.098025 0.000000 -0.995184
vn -0.098025 0.000000 -0.995184
vn -0.098025 0.000000 -0.995184
vn -0.098025 0.000000 -0.995184
vn 0.098025 0.000000 -0.995184
vn 0.098025 0.000000 -0.995184
vn 0.098025 0.000000 -0.995184
vn 0.098025 0.000000 -0.995184
vn 0.290282 0.000000 -0.956941
vn 0.290282 0.000000 -0.956941
vn 0.290282 0.000000 -0.956941
vn 0.290282 0.000000 -0.956941
vn 0.471404 0.000000 -0.881917
vn 0.471404 0.000000 -0.881917
vn 0.471404 0.000000 -0.881917
vn 0.471404 0.000000 -0.881917
vn 0.634392 0.000000 -0.773011
vn 0.634392 0.000000 -0.773011
vn 0.634392 0.000000 -0.773011
vn 0.634392 0.000000 -0.773011
vn 0.773013 0.000000 -0.634390
vn 0.773013 0.000000 -0.634390
vn 0.773013 0.000000 -0.634390
vn 0.773013 0.000000 -0.634390
vn 0.881918 0.000000 -0.471403
vn 0.881918 0.000000 -0.471403
vn 0.881918 0.000000 -0.471403
vn 0.881918 0.000000 -0.471403
vn 0.956940 0.000000 -0.290285
vn 0.956940 0.000000 -0.290285
vn 0.956940 0.000000 -0.290285
vn 0.956940 0.000000 -0.290285
vn 0.995184 0.000000 -0.098022
vn 0.995184 0.000000 -0.098022
vn 0.995184 0.000000 -0.098022
vn 0.995184 0.000000 -0.098022
vn 0.000000 1.000000 -0.000000
vn 0.000000 1.000000 -0.000000
vn 0.000000 1.000000 -0.000000
vn 0.000000 1.000000 -0.000000
vn 0.000000 1.000000 -0.000000
vn 0.000000 1.000000 -0.000000
vn 0.000000 1.000000 -0.000000
vn 0.000000 1.000000 -0.000000
vn 0.000000 1.000000 -0.000000
vn 0.000000 1.000000 -0.000000
vn 0.000000 1.000000 -0.000000
vn 0.000000 1.000000 -0.000000
vn 0.000000 1.000000 -0.000000
vn 0.000000 1.000000 -0.000000
vn 0.000000 1.000000 -0.000000
vn 0.000000 1.000000 -0.000000
vn 0.000000 1.000000 -0.000000
vn 0.000000 1.000000 -0.000000
vn 0.000000 1.000000 -0.000000
vn 0.000000 1.000000 -0.000000
vn 0.000000 1.000000 -0.000000
vn 0.000000 1.000000 -0.000000
vn 0.000000 1.000000 -0.000000
vn 0.000000 1.000000 -0.000000
vn 0.000000 1.000000 -0.000000
vn 0.000000 1.000000 -0.000000
vn 0.000000 1.000000 -0.000000
vn 0.000000 1.000000 -0.000000
vn 0.000000 1.000000 -0.000000
vn 0.000000 1.000000 -0.000000
vn 0.000000 1.000000 -0.000000
vn 0.000000 1.000000 -0.000000
s off
g US_Coins_SD TenCent
usemtl TenCentSG
f 251/458/577 247/488/578 243/487/579 239/486/580 235/485/581 231/484/582 227/483/583 225/482/584 219/481/585 215/480/586 211/479/587 207/478/588 203/477/589 199/476/590 195/475/591 193/474/592 196/473/593 200/472/594 204/471/595 208/470/596 212/469/597 216/468/598 220/467/599 226/466/600 228/465/601 232/464/602 236/463/603 240/462/604 244/461/605 248/460/606 252/459/607 255/457/608
f 253/520/609 251/391/610 255/422/611 256/424/612
f 249/519/613 247/392/614 251/391/615 253/520/616
f 245/518/617 243/393/618 247/392/619 249/519/620
f 241/517/621 239/394/622 243/393/623 245/518/624
f 237/516/625 235/395/626 239/394/627 241/517/628
f 233/515/629 231/396/630 235/395/631 237/516/632
f 229/493/633 227/397/634 231/396/635 233/515/636
f 223/431/637 225/398/638 227/397/639 229/493/640
f 219/399/641 225/490/642 223/489/643 221/432/644
f 215/400/645 219/399/646 221/432/647 217/514/648
f 211/401/649 215/400/650 217/514/651 213/513/652
f 207/402/653 211/401/654 213/513/655 209/512/656
f 203/403/657 207/402/658 209/512/659 205/511/660
f 199/404/661 203/403/662 205/511/663 201/510/664
f 195/405/665 199/404/666 201/510/667 197/509/668
f 193/406/669 195/405/670 197/509/671 194/508/672
f 196/407/673 193/406/674 194/508/675 198/507/676
f 200/408/677 196/407/678 198/507/679 202/506/680
f 204/409/681 200/408/682 202/506/683 206/505/684
f 208/410/685 204/409/686 206/505/687 210/504/688
f 212/411/689 208/410/690 210/504/691 214/503/692
f 216/412/693 212/411/694 214/503/695 218/502/696
f 220/413/697 216/412/698 218/502/699 222/491/700
f 226/414/701 220/413/702 222/491/703 224/447/704
f 230/448/705 228/415/706 226/414/707 224/447/708
f 234/501/709 232/416/710 228/415/711 230/448/712
f 238/500/713 236/417/714 232/416/715 234/501/716
f 242/499/717 240/418/718 236/417/719 238/500/720
f 246/498/721 244/419/722 240/418/723 242/499/724
f 250/497/725 248/420/726 244/419/727 246/498/728
f 254/495/729 252/421/730 248/420/731 250/497/732
f 256/424/733 255/422/734 252/421/735 254/495/736
f 197/438/737 201/437/738 205/436/739 209/435/740 213/434/741 217/433/742 221/494/743 223/455/744 229/430/745 233/429/746 237/428/747 241/427/748 245/426/749 249/425/750 253/423/751 256/496/752 254/454/753 250/453/754 246/452/755 242/451/756 238/450/757 234/449/758 230/492/759 224/456/760 222/446/761 218/445/762 214/444/763 210/443/764 206/442/765 202/441/766 198/440/767 194/439/768
g default
v -1.197000 -0.035910 20.000000
v -1.197000 0.035910 20.000000
v -1.173999 -0.035910 20.233524
v -1.173999 -0.035910 19.766477
v -1.173999 0.035910 20.233524
v -1.173999 0.035910 19.766477
v -1.105883 -0.035910 20.458074
v -1.105883 -0.035910 19.541928
v -1.105883 0.035910 20.458074
v -1.105883 0.035910 19.541928
v -0.995268 -0.035910 20.665016
v -0.995268 -0.035910 19.334985
v -0.995268 0.035910 20.665016
v -0.995268 0.035910 19.334985
v -0.846405 -0.035910 20.846405
v -0.846405 -0.035910 19.153595
v -0.846405 0.035910 20.846405
v -0.846405 0.035910 19.153595
v -0.665015 -0.035910 20.995269
v -0.665015 -0.035910 19.004732
v -0.665015 0.035910 20.995269
v -0.665015 0.035910 19.004732
v -0.458072 -0.035910 21.105883
v -0.458072 -0.035910 18.894117
v -0.458072 0.035910 21.105883
v -0.458072 0.035910 18.894117
v -0.233523 -0.035910 21.173999
v -0.233523 -0.035910 18.826002
v -0.233523 0.035910 21.173999
v -0.233523 0.035910 18.826002
v 0.000000 0.035910 21.197000
v 0.000000 0.035910 18.802999
v 0.000000 -0.035910 21.197000
v 0.000000 -0.035910 18.802999
v 0.233523 -0.035910 21.173999
v 0.233523 -0.035910 18.826002
v 0.233523 0.035910 21.173999
v 0.233523 0.035910 18.826002
v 0.458072 -0.035910 21.105883
v 0.458072 -0.035910 18.894117
v 0.458072 0.035910 21.105883
v 0.458072 0.035910 18.894117
v 0.665015 -0.035910 20.995269
v 0.665015 -0.035910 19.004732
v 0.665015 0.035910 20.995269
v 0.665015 0.035910 19.004732
v 0.846405 -0.035910 20.846405
v 0.846405 -0.035910 19.153595
v 0.846405 0.035910 20.846405
v 0.846405 0.035910 19.153595
v 0.995268 -0.035910 20.665016
v 0.995268 -0.035910 19.334985
v 0.995268 0.035910 20.665016
v 0.995268 0.035910 19.334985
v 1.105883 -0.035910 20.458074
v 1.105883 -0.035910 19.541928
v 1.105883 0.035910 20.458074
v 1.105883 0.035910 19.541928
v 1.173999 -0.035910 20.233524
v 1.173999 -0.035910 19.766477
v 1.173999 0.035910 20.233524
v 1.173999 0.035910 19.766477
v 1.197000 -0.035910 20.000000
v 1.197000 0.035910 20.000000
vt 0.508759 0.249707
vt 0.508759 0.220203
vt 0.508759 0.190744
vt 0.508759 0.161320
vt 0.508759 0.131919
vt 0.508759 0.102534
vt 0.508759 0.073161
vt 0.508759 0.042304
vt 0.508757 0.961106
vt 0.508757 0.931878
vt 0.508757 0.902597
vt 0.508757 0.873243
vt 0.508757 0.843802
vt 0.508757 0.814270
vt 0.508757 0.784660
vt 0.508758 0.754989
vt 0.508758 0.725269
vt 0.508758 0.695515
vt 0.508758 0.665738
vt 0.508758 0.635952
vt 0.508758 0.605834
vt 0.508758 0.576354
vt 0.508758 0.546394
vt 0.508758 0.516675
vt 0.508758 0.486956
vt 0.508758 0.457231
vt 0.508758 0.427515
vt 0.508758 0.397813
vt 0.508758 0.368130
vt 0.508758 0.338473
vt 0.508758 0.308845
vt 0.508759 0.279256
vt 0.982615 0.400500
vt 0.486803 0.279256
vt 0.969766 0.310463
vt 0.948899 0.227485
vt 0.920818 0.154754
vt 0.886600 0.095064
vt 0.847563 0.050711
vt 0.805204 0.023399
vt 0.486803 0.042303
vt 0.486801 0.961106
vt 0.674741 0.050711
vt 0.635703 0.095064
vt 0.601486 0.154754
vt 0.573405 0.227485
vt 0.552538 0.310463
vt 0.539689 0.400500
vt 0.535350 0.494136
vt 0.539689 0.587772
vt 0.552538 0.677809
vt 0.573405 0.760786
vt 0.601486 0.833518
vt 0.635703 0.893207
vt 0.674741 0.937561
vt 0.717100 0.964873
vt 0.486802 0.516733
vt 0.486802 0.486916
vt 0.847563 0.937561
vt 0.886600 0.893207
vt 0.920818 0.833518
vt 0.948899 0.760786
vt 0.969766 0.677809
vt 0.982615 0.587772
vt 0.761152 0.014176
vt 0.761152 0.974096
vt 0.469750 0.495961
vt 0.465414 0.589205
vt 0.465414 0.402717
vt 0.452574 0.313057
vt 0.431722 0.230426
vt 0.403660 0.157999
vt 0.369466 0.098560
vt 0.330456 0.054392
vt 0.288127 0.027194
vt 0.244105 0.018010
vt 0.200084 0.027194
vt 0.157755 0.054392
vt 0.118744 0.098560
vt 0.084551 0.157999
vt 0.056489 0.230426
vt 0.035637 0.313057
vt 0.022797 0.402717
vt 0.018461 0.495961
vt 0.022797 0.589205
vt 0.035637 0.678865
vt 0.056489 0.761495
vt 0.084551 0.833923
vt 0.118744 0.893362
vt 0.157755 0.937530
vt 0.200084 0.964728
vt 0.244105 0.973912
vt 0.288127 0.964728
vt 0.330456 0.937530
vt 0.369466 0.893362
vt 0.403660 0.833923
vt 0.431722 0.761495
vt 0.452574 0.678865
vt 0.486801 0.990303
vt 0.508757 0.990304
vt 0.486802 0.546545
vt 0.805204 0.964873
vt 0.486803 0.073161
vt 0.717100 0.023399
vt 0.486803 0.308845
vt 0.986954 0.494136
vt 0.486803 0.338473
vt 0.486803 0.368130
vt 0.486803 0.397813
vt 0.486803 0.427282
vt 0.486803 0.457099
vt 0.486802 0.576354
vt 0.486802 0.606157
vt 0.486802 0.635952
vt 0.486802 0.665738
vt 0.486802 0.695515
vt 0.486802 0.725269
vt 0.486802 0.754989
vt 0.486802 0.784660
vt 0.486802 0.814270
vt 0.486802 0.843802
vt 0.486802 0.873243
vt 0.486802 0.902597
vt 0.486802 0.931878
vt 0.486803 0.102534
vt 0.486803 0.131919
vt 0.486803 0.161320
vt 0.486803 0.190744
vt 0.486803 0.220203
vt 0.486803 0.249707
vn 0.000000 -1.000000 -0.000000
vn 0.000000 -1.000000 -0.000000
vn 0.000000 -1.000000 -0.000000
vn 0.000000 -1.000000 -0.000000
vn 0.000000 -1.000000 -0.000000
vn 0.000000 -1.000000 -0.000000
vn 0.000000 -1.000000 -0.000000
vn 0.000000 -1.000000 -0.000000
vn 0.000000 -1.000000 -0.000000
vn 0.000000 -1.000000 -0.000000
vn 0.000000 -1.000000 -0.000000
vn 0.000000 -1.000000 -0.000000
vn 0.000000 -1.000000 -0.000000
vn 0.000000 -1.000000 -0.000000
vn 0.000000 -1.000000 -0.000000
vn 0.000000 -1.000000 -0.000000
vn 0.000000 -1.000000 -0.000000
vn 0.000000 -1.000000 -0.000000
vn 0.000000 -1.000000 -0.000000
vn 0.000000 -1.000000 -0.000000
vn 0.000000 -1.000000 -0.000000
vn 0.000000 -1.000000 -0.000000
vn 0.000000 -1.000000 -0.000000
vn 0.000000 -1.000000 -0.000000
vn 0.000000 -1.000000 -0.000000
vn 0.000000 -1.000000 -0.000000
vn 0.000000 -1.000000 -0.000000
vn 0.000000 -1.000000 -0.000000
vn 0.000000 -1.000000 -0.000000
vn 0.000000 -1.000000 -0.000000
vn 0.000000 -1.000000 -0.000000
vn 0.000000 -1.000000 -0.000000
vn 0.995184 0.000000 0.098021
vn 0.995184 0.000000 0.098021
vn 0.995184 0.000000 0.098021
vn 0.995184 0.000000 0.098021
vn 0.956941 0.000000 0.290282
vn 0.956941 0.000000 0.290282
vn 0.956941 0.000000 0.290282
vn 0.956941 0.000000 0.290282
vn 0.881917 0.000000 0.471405
vn 0.881917 0.000000 0.471405
vn 0.881917 0.000000 0.471405
vn 0.881917 0.000000 0.471405
vn 0.773009 0.000000 0.634395
vn 0.773009 0.000000 0.634395
vn 0.773009 0.000000 0.634395
vn 0.773009 0.000000 0.634395
vn 0.634396 0.000000 0.773008
vn 0.634396 0.000000 0.773008
vn 0.634396 0.000000 0.773008
vn 0.634396 0.000000 0.773008
vn 0.471398 0.000000 0.881921
vn 0.471398 0.000000 0.881921
vn 0.471398 0.000000 0.881921
vn 0.471398 0.000000 0.881921
vn 0.290287 0.000000 0.956940
vn 0.290287 0.000000 0.956940
vn 0.290287 0.000000 0.956940
vn 0.290287 0.000000 0.956940
vn 0.098019 0.000000 0.995185
vn 0.098019 0.000000 0.995185
vn 0.098019 0.000000 0.995185
vn 0.098019 0.000000 0.995185
vn -0.098019 0.000000 0.995185
vn -0.098019 0.000000 0.995185
vn -0.098019 0.000000 0.995185
vn -0.098019 0.000000 0.995185
vn -0.290287 0.000000 0.956940
vn -0.290287 0.000000 0.956940
vn -0.290287 0.000000 0.956940
vn -0.290287 0.000000 0.956940
vn -0.471398 0.000000 0.881921
vn -0.471398 0.000000 0.881921
vn -0.471398 0.000000 0.881921
vn -0.471398 0.000000 0.881921
vn -0.634396 0.000000 0.773008
vn -0.634396 0.000000 0.773008
vn -0.634396 0.000000 0.773008
vn -0.634396 0.000000 0.773008
vn -0.773009 0.000000 0.634395
vn -0.773009 0.000000 0.634395
vn -0.773009 0.000000 0.634395
vn -0.773009 0.000000 0.634395
vn -0.881917 0.000000 0.471405
vn -0.881917 0.000000 0.471405
vn -0.881917 0.000000 0.471405
vn -0.881917 0.000000 0.471405
vn -0.956941 0.000000 0.290282
vn -0.956941 0.000000 0.290282
vn -0.956941 0.000000 0.290282
vn -0.956941 0.000000 0.290282
vn -0.995184 0.000000 0.098021
vn -0.995184 0.000000 0.098021
vn -0.995184 0.000000 0.098021
vn -0.995184 0.000000 0.098021
vn -0.995184 0.000000 -0.098022
vn -0.995184 0.000000 -0.098022
vn -0.995184 0.000000 -0.098022
vn -0.995184 0.000000 -0.098022
vn -0.956941 0.000000 -0.290282
vn -0.956941 0.000000 -0.290282
vn -0.956941 0.000000 -0.290282
vn -0.956941 0.000000 -0.290282
vn -0.881917 0.000000 -0.471405
vn -0.881917 0.000000 -0.471405
vn -0.881917 0.000000 -0.471405
vn -0.881917 0.000000 -0.471405
vn -0.773011 0.000000 -0.634393
vn -0.773011 0.000000 -0.634393
vn -0.773011 0.000000 -0.634393
vn -0.773011 0.000000 -0.634393
vn -0.634393 0.000000 -0.773011
vn -0.634393 0.000000 -0.773011
vn -0.634393 0.000000 -0.773011
vn -0.634393 0.000000 -0.773011
vn -0.471402 0.000000 -0.881918
vn -0.471402 0.000000 -0.881918
vn -0.471402 0.000000 -0.881918
vn -0.471402 0.000000 -0.881918
vn -0.290282 0.000000 -0.956941
vn -0.290282 0.000000 -0.956941
vn -0.290282 0.000000 -0.956941
vn -0.290282 0.000000 -0.956941
vn -0.098029 0.000000 -0.995184
vn -0.098029 0.000000 -0.995184
vn -0.098029 0.000000 -0.995184
vn -0.098029 0.000000 -0.995184
vn 0.098029 0.000000 -0.995184
vn 0.098029 0.000000 -0.995184
vn 0.098029 0.000000 -0.995184
vn 0.098029 0.000000 -0.995184
vn 0.290282 0.000000 -0.956941
vn 0.290282 0.000000 -0.956941
vn 0.290282 0.000000 -0.956941
vn 0.290282 0.000000 -0.956941
vn 0.471402 0.000000 -0.881918
vn 0.471402 0.000000 -0.881918
vn 0.471402 0.000000 -0.881918
vn 0.471402 0.000000 -0.881918
vn 0.634393 0.000000 -0.773011
vn 0.634393 0.000000 -0.773011
vn 0.634393 0.000000 -0.773011
vn 0.634393 0.000000 -0.773011
vn 0.773011 0.000000 -0.634393
vn 0.773011 0.000000 -0.634393
vn 0.773011 0.000000 -0.634393
vn 0.773011 0.000000 -0.634393
vn 0.881917 0.000000 -0.471405
vn 0.881917 0.000000 -0.471405
vn 0.881917 0.000000 -0.471405
vn 0.881917 0.000000 -0.471405
vn 0.956941 0.000000 -0.290282
vn 0.956941 0.000000 -0.290282
vn 0.956941 0.000000 -0.290282
vn 0.956941 0.000000 -0.290282
vn 0.995184 0.000000 -0.098022
vn 0.995184 0.000000 -0.098022
vn 0.995184 0.000000 -0.098022
vn 0.995184 0.000000 -0.098022
vn 0.000000 1.000000 -0.000000
vn 0.000000 1.000000 -0.000000
vn 0.000000 1.000000 -0.000000
vn 0.000000 1.000000 -0.000000
vn 0.000000 1.000000 -0.000000
vn 0.000000 1.000000 -0.000000
vn 0.000000 1.000000 -0.000000
vn 0.000000 1.000000 -0.000000
vn 0.000000 1.000000 -0.000000
vn 0.000000 1.000000 -0.000000
vn 0.000000 1.000000 -0.000000
vn 0.000000 1.000000 -0.000000
vn 0.000000 1.000000 -0.000000
vn 0.000000 1.000000 -0.000000
vn 0.000000 1.000000 -0.000000
vn 0.000000 1.000000 -0.000000
vn 0.000000 1.000000 -0.000000
vn 0.000000 1.000000 -0.000000
vn 0.000000 1.000000 -0.000000
vn 0.000000 1.000000 -0.000000
vn 0.000000 1.000000 -0.000000
vn 0.000000 1.000000 -0.000000
vn 0.000000 1.000000 -0.000000
vn 0.000000 1.000000 -0.000000
vn 0.000000 1.000000 -0.000000
vn 0.000000 1.000000 -0.000000
vn 0.000000 1.000000 -0.000000
vn 0.000000 1.000000 -0.000000
vn 0.000000 1.000000 -0.000000
vn 0.000000 1.000000 -0.000000
vn 0.000000 1.000000 -0.000000
vn 0.000000 1.000000 -0.000000
s off
g US_Coins_SD TwentyFiveCent
usemtl TwentyFiveCentSG
f 315/588/769 311/618/770 307/617/771 303/616/772 299/615/773 295/614/774 291/613/775 289/612/776 283/611/777 279/610/778 275/609/779 271/608/780 267/607/781 263/606/782 259/605/783 257/604/784 260/603/785 264/602/786 268/601/787 272/600/788 276/599/789 280/598/790 284/597/791 290/596/792 292/595/793 296/594/794 300/593/795 304/592/796 308/591/797 312/590/798 316/589/799 319/587/800
f 317/650/801 315/521/802 319/552/803 320/554/804
f 313/649/805 311/522/806 315/521/807 317/650/808
f 309/648/809 307/523/810 311/522/811 313/649/812
f 305/647/813 303/524/814 307/523/815 309/648/816
f 301/646/817 299/525/818 303/524/819 305/647/820
f 297/645/821 295/526/822 299/525/823 301/646/824
f 293/623/825 291/527/826 295/526/827 297/645/828
f 287/561/829 289/528/830 291/527/831 293/623/832
f 283/529/833 289/620/834 287/619/835 285/562/836
f 279/530/837 283/529/838 285/562/839 281/644/840
f 275/531/841 279/530/842 281/644/843 277/643/844
f 271/532/845 275/531/846 277/643/847 273/642/848
f 267/533/849 271/532/850 273/642/851 269/641/852
f 263/534/853 267/533/854 269/641/855 265/640/856
f 259/535/857 263/534/858 265/640/859 261/639/860
f 257/536/861 259/535/862 261/639/863 258/638/864
f 260/537/865 257/536/866 258/638/867 262/637/868
f 264/538/869 260/537/870 262/637/871 266/636/872
f 268/539/873 264/538/874 266/636/875 270/635/876
f 272/540/877 268/539/878 270/635/879 274/634/880
f 276/541/881 272/540/882 274/634/883 278/633/884
f 280/542/885 276/541/886 278/633/887 282/632/888
f 284/543/889 280/542/890 282/632/891 286/621/892
f 290/544/893 284/543/894 286/621/895 288/577/896
f 294/578/897 292/545/898 290/544/899 288/577/900
f 298/631/901 296/546/902 292/545/903 294/578/904
f 302/630/905 300/547/906 296/546/907 298/631/908
f 306/629/909 304/548/910 300/547/911 302/630/912
f 310/628/913 308/549/914 304/548/915 306/629/916
f 314/627/917 312/550/918 308/549/919 310/628/920
f 318/625/921 316/551/922 312/550/923 314/627/924
f 320/554/925 319/552/926 316/551/927 318/625/928
f 261/568/929 265/567/930 269/566/931 273/565/932 277/564/933 281/563/934 285/624/935 287/585/936 293/560/937 297/559/938 301/558/939 305/557/940 309/556/941 313/555/942 317/553/943 320/626/944 318/584/945 314/583/946 310/582/947 306/581/948 302/580/949 298/579/950 294/622/951 288/586/952 286/576/953 282/575/954 278/574/955 274/573/956 270/572/957 266/571/958 262/570/959 258/569/960
g default
v 5.751153 0.028500 -0.501903
v 5.638802 0.028500 -0.638802
v 5.638802 -0.028500 -0.638802
v 5.751153 -0.028500 -0.501903
v 4.498097 -0.028500 0.751153
v 4.361198 -0.028500 0.638802
v 4.361198 0.028500 0.638802
v 4.498097 0.028500 0.751153
v 5.789895 0.028500 -0.527790
v 5.789895 -0.028500 -0.527790
v 5.671750 -0.028500 -0.671750
v 5.671750 0.028500 -0.671750
v 4.328250 -0.028500 0.671750
v 4.472210 -0.028500 0.789895
v 4.472210 0.028500 0.789895
v 4.328250 0.028500 0.671750
v 5.834637 0.028500 -0.345718
v 5.834637 -0.028500 -0.345718
v 4.654282 -0.028500 0.834637
v 4.654282 0.028500 0.834637
v 5.877685 0.028500 -0.363550
v 5.877685 -0.028500 -0.363550
v 4.636450 -0.028500 0.877685
v 4.636450 0.028500 0.877685
v 5.886045 0.028500 -0.176246
v 5.886045 -0.028500 -0.176246
v 4.823754 -0.028500 0.886045
v 4.823754 0.028500 0.886045
v 5.931745 0.028500 -0.185336
v 5.931745 -0.028500 -0.185336
v 4.814664 -0.028500 0.931745
v 4.814664 0.028500 0.931745
v 5.903405 0.028500 -0.000000
v 5.903405 -0.028500 -0.000000
v 5.000000 -0.028500 0.903405
v 5.000000 0.028500 0.903405
v 5.950000 0.028500 -0.000000
v 5.950000 -0.028500 -0.000000
v 5.000000 -0.028500 0.950000
v 5.000000 0.028500 0.950000
v 5.886045 0.028500 0.176246
v 5.886045 -0.028500 0.176246
v 5.176246 0.028500 0.886045
v 5.176246 -0.028500 0.886045
v 5.931745 0.028500 0.185336
v 5.931745 -0.028500 0.185336
v 5.185336 -0.028500 0.931745
v 5.185336 0.028500 0.931745
v 5.834637 0.028500 0.345718
v 5.834637 -0.028500 0.345718
v 5.345718 0.028500 0.834637
v 5.345718 -0.028500 0.834637
v 5.877685 0.028500 0.363550
v 5.877685 -0.028500 0.363550
v 5.363550 -0.028500 0.877685
v 5.363550 0.028500 0.877685
v 5.501903 0.028500 0.751153
v 5.501903 -0.028500 0.751153
v 5.751153 0.028500 0.501903
v 5.751153 -0.028500 0.501903
v 5.638802 0.028500 0.638802
v 5.638802 -0.028500 0.638802
v 5.527790 -0.028500 0.789895
v 5.527790 0.028500 0.789895
v 5.789895 0.028500 0.527790
v 5.789895 -0.028500 0.527790
v 5.671750 0.028500 0.671750
v 5.671750 -0.028500 0.671750
v 5.501903 -0.028500 -0.751153
v 5.345718 -0.028500 -0.834637
v 5.176246 -0.028500 -0.886045
v 5.000000 -0.028500 -0.903405
v 5.000000 -0.028500 -0.950000
v 5.185336 -0.028500 -0.931745
v 5.363550 -0.028500 -0.877685
v 5.527790 -0.028500 -0.789895
v 4.068255 0.028500 0.185336
v 4.122315 0.028500 0.363550
v 4.210105 0.028500 0.527790
v 4.248847 0.028500 0.501903
v 4.165363 0.028500 0.345718
v 4.113955 0.028500 0.176246
v 4.096595 0.028500 0.000000
v 4.050000 0.028500 0.000000
v 5.501903 0.028500 -0.751153
v 4.248847 -0.028500 0.501903
v 5.527790 0.028500 -0.789895
v 4.210105 -0.028500 0.527790
v 5.345718 0.028500 -0.834637
v 4.165363 -0.028500 0.345718
v 5.363550 0.028500 -0.877685
v 4.122315 -0.028500 0.363550
v 5.176246 0.028500 -0.886045
v 4.113955 -0.028500 0.176246
v 5.185336 0.028500 -0.931745
v 4.068255 -0.028500 0.185336
v 5.000000 0.028500 -0.903405
v 4.096595 -0.028500 0.000000
v 5.000000 0.028500 -0.950000
v 4.050000 -0.028500 0.000000
v 4.823754 -0.028500 -0.886045
v 4.823754 0.028500 -0.886045
v 4.113955 -0.028500 -0.176246
v 4.113955 0.028500 -0.176246
v 4.814664 -0.028500 -0.931745
v 4.814664 0.028500 -0.931745
v 4.068255 -0.028500 -0.185336
v 4.068255 0.028500 -0.185336
v 4.654282 -0.028500 -0.834637
v 4.654282 0.028500 -0.834637
v 4.165363 -0.028500 -0.345718
v 4.165363 0.028500 -0.345718
v 4.636450 -0.028500 -0.877685
v 4.636450 0.028500 -0.877685
v 4.122315 -0.028500 -0.363550
v 4.122315 0.028500 -0.363550
v 4.498097 -0.028500 -0.751153
v 4.498097 0.028500 -0.751153
v 4.248847 -0.028500 -0.501903
v 4.248847 0.028500 -0.501903
v 4.361198 -0.028500 -0.638802
v 4.361198 0.028500 -0.638802
v 4.472210 -0.028500 -0.789895
v 4.472210 0.028500 -0.789895
v 4.210105 -0.028500 -0.527790
v 4.210105 0.028500 -0.527790
v 4.328250 -0.028500 -0.671750
v 4.328250 0.028500 -0.671750
v 5.000000 0.018500 -0.903405
v 4.823754 0.018500 -0.886045
v 4.654282 0.018500 -0.834637
v 4.498097 0.018500 -0.751153
v 4.361198 0.018500 -0.638802
v 4.248847 0.018500 -0.501903
v 4.165363 0.018500 -0.345718
v 4.113955 0.018500 -0.176246
v 4.096595 0.018500 -0.000000
v 4.113955 0.018500 0.176246
v 4.165363 0.018500 0.345718
v 4.248847 0.018500 0.501903
v 4.361198 0.018500 0.638802
v 4.498097 0.018500 0.751153
v 4.654282 0.018500 0.834637
v 4.823754 0.018500 0.886045
v 5.000000 0.018500 0.903405
v 5.176246 0.018500 0.886045
v 5.345718 0.018500 0.834637
v 5.501903 0.018500 0.751153
v 5.638802 0.018500 0.638802
v 5.751153 0.018500 0.501903
v 5.834637 0.018500 0.345718
v 5.886045 0.018500 0.176246
v 5.903405 0.018500 -0.000000
v 5.886045 0.018500 -0.176246
v 5.834637 0.018500 -0.345718
v 5.751153 0.018500 -0.501903
v 5.638802 0.018500 -0.638802
v 5.501903 0.018500 -0.751153
v 5.345718 0.018500 -0.834637
v 5.176246 0.018500 -0.886045
v 5.176246 -0.018500 -0.886045
v 5.000000 -0.018500 -0.903405
v 5.345718 -0.018500 -0.834637
v 5.501903 -0.018500 -0.751153
v 5.638802 -0.018500 -0.638802
v 5.751153 -0.018500 -0.501903
v 5.834637 -0.018500 -0.345718
v 5.886045 -0.018500 -0.176246
v 5.903405 -0.018500 -0.000000
v 5.886045 -0.018500 0.176246
v 5.834637 -0.018500 0.345718
v 5.751153 -0.018500 0.501903
v 5.638802 -0.018500 0.638802
v 5.501903 -0.018500 0.751153
v 5.345718 -0.018500 0.834637
v 5.176246 -0.018500 0.886045
v 5.000000 -0.018500 0.903405
v 4.823754 -0.018500 0.886045
v 4.654282 -0.018500 0.834637
v 4.498097 -0.018500 0.751153
v 4.361198 -0.018500 0.638802
v 4.248847 -0.018500 0.501903
v 4.165363 -0.018500 0.345718
v 4.113955 -0.018500 0.176246
v 4.096595 -0.018500 -0.000000
v 4.113955 -0.018500 -0.176246
v 4.165363 -0.018500 -0.345718
v 4.248847 -0.018500 -0.501903
v 4.361198 -0.018500 -0.638802
v 4.498097 -0.018500 -0.751153
v 4.654282 -0.018500 -0.834637
v 4.823754 -0.018500 -0.886045
vt 0.518884 0.651201
vt 0.494485 0.651201
vt 0.494485 0.620262
vt 0.518884 0.620262
vt 0.494485 0.127985
vt 0.494485 0.097627
vt 0.518884 0.097627
vt 0.518884 0.127985
vt 0.518884 0.682124
vt 0.494485 0.682124
vt 0.494485 0.067309
vt 0.518884 0.067309
vt 0.518884 0.713021
vt 0.494485 0.713021
vt 0.494485 0.037012
vt 0.518884 0.037012
vt 0.518884 0.743879
vt 0.494485 0.743879
vt 0.494485 0.004853
vt 0.518884 0.004853
vt 0.518884 0.774693
vt 0.494485 0.774693
vt 0.518884 0.988951
vt 0.494485 0.988951
vt 0.494485 0.958450
vt 0.518884 0.958450
vt 0.518884 0.805454
vt 0.494485 0.805454
vt 0.494485 0.927928
vt 0.518884 0.927928
vt 0.494485 0.897378
vt 0.518884 0.897378
vt 0.518884 0.836153
vt 0.494485 0.836153
vt 0.518884 0.866790
vt 0.494485 0.866790
vt 0.485138 0.591558
vt 0.471994 0.678614
vt 0.450648 0.758844
vt 0.421922 0.829168
vt 0.386920 0.886881
vt 0.346986 0.929765
vt 0.303655 0.956173
vt 0.258592 0.942330
vt 0.301445 0.933849
vt 0.342650 0.908737
vt 0.380625 0.867956
vt 0.413911 0.813073
vt 0.441229 0.746199
vt 0.461527 0.669904
vt 0.474026 0.587118
vt 0.478247 0.501023
vt 0.474027 0.414929
vt 0.461527 0.332143
vt 0.441229 0.255848
vt 0.413911 0.188973
vt 0.380625 0.134091
vt 0.342650 0.093310
vt 0.301445 0.068197
vt 0.258592 0.059717
vt 0.258592 0.036956
vt 0.303655 0.045873
vt 0.346986 0.072281
vt 0.386920 0.115166
vt 0.421922 0.172879
vt 0.450648 0.243202
vt 0.471994 0.323432
vt 0.485138 0.410488
vt 0.489576 0.501023
vt 0.524907 0.410352
vt 0.538044 0.322693
vt 0.559379 0.241906
vt 0.588089 0.171096
vt 0.623073 0.112983
vt 0.662986 0.069801
vt 0.706295 0.043210
vt 0.751334 0.034231
vt 0.796373 0.043210
vt 0.839681 0.069801
vt 0.879593 0.112983
vt 0.914578 0.171096
vt 0.943288 0.241906
vt 0.964623 0.322693
vt 0.977760 0.410352
vt 0.982196 0.501514
vt 0.977760 0.592677
vt 0.966654 0.414823
vt 0.954161 0.331463
vt 0.933874 0.254639
vt 0.906571 0.187302
vt 0.873303 0.132039
vt 0.835348 0.090975
vt 0.794164 0.065689
vt 0.751333 0.057150
vt 0.708503 0.065689
vt 0.667319 0.090975
vt 0.629364 0.132039
vt 0.596096 0.187302
vt 0.568793 0.254640
vt 0.548506 0.331463
vt 0.536013 0.414823
vt 0.531794 0.501514
vt 0.520471 0.501514
vt 0.494485 0.589313
vt 0.518884 0.589313
vt 0.494485 0.158403
vt 0.518884 0.158403
vt 0.494485 0.558360
vt 0.518884 0.558360
vt 0.494485 0.188892
vt 0.518884 0.188892
vt 0.494485 0.527408
vt 0.518884 0.527408
vt 0.494485 0.219459
vt 0.518884 0.219459
vt 0.494485 0.496517
vt 0.518884 0.496517
vt 0.494485 0.250095
vt 0.518884 0.250095
vt 0.494485 0.465666
vt 0.518884 0.465666
vt 0.494485 0.280788
vt 0.518884 0.280788
vt 0.494485 0.434811
vt 0.518884 0.434811
vt 0.494485 0.311531
vt 0.518884 0.311531
vt 0.494485 0.403963
vt 0.518884 0.403963
vt 0.494485 0.342315
vt 0.518884 0.342315
vt 0.494485 0.373129
vt 0.518884 0.373129
vt 0.964623 0.680336
vt 0.943288 0.761122
vt 0.914578 0.831933
vt 0.879593 0.890046
vt 0.839681 0.933228
vt 0.796373 0.959818
vt 0.751334 0.968798
vt 0.706295 0.959818
vt 0.662986 0.933228
vt 0.623073 0.890046
vt 0.588089 0.831933
vt 0.559379 0.761122
vt 0.538044 0.680336
vt 0.524907 0.592677
vt 0.536013 0.588206
vt 0.548506 0.671565
vt 0.568793 0.748389
vt 0.596096 0.815727
vt 0.629364 0.870989
vt 0.667319 0.912053
vt 0.708504 0.937340
vt 0.751334 0.945879
vt 0.794164 0.937340
vt 0.835348 0.912053
vt 0.873303 0.870989
vt 0.906571 0.815727
vt 0.933873 0.748389
vt 0.954161 0.671565
vt 0.966654 0.588206
vt 0.970873 0.501514
vt 0.258592 0.965091
vt 0.213529 0.956173
vt 0.170198 0.929765
vt 0.130264 0.886881
vt 0.095261 0.829168
vt 0.066536 0.758844
vt 0.045190 0.678614
vt 0.032046 0.591558
vt 0.027607 0.501023
vt 0.032046 0.410488
vt 0.045190 0.323432
vt 0.066536 0.243202
vt 0.095261 0.172879
vt 0.130264 0.115166
vt 0.170198 0.072281
vt 0.213529 0.045873
vt 0.215739 0.068197
vt 0.174533 0.093310
vt 0.136558 0.134091
vt 0.103272 0.188973
vt 0.075955 0.255848
vt 0.055657 0.332143
vt 0.043157 0.414929
vt 0.038937 0.501023
vt 0.043157 0.587118
vt 0.055657 0.669904
vt 0.075955 0.746199
vt 0.103272 0.813073
vt 0.136558 0.867956
vt 0.174533 0.908737
vt 0.215739 0.933849
vt 0.751334 0.945879
vt 0.708504 0.937340
vt 0.667319 0.912053
vt 0.629364 0.870989
vt 0.596096 0.815727
vt 0.568793 0.748389
vt 0.548506 0.671565
vt 0.536013 0.588206
vt 0.531794 0.501514
vt 0.536013 0.414823
vt 0.548506 0.331463
vt 0.568793 0.254640
vt 0.596096 0.187302
vt 0.629364 0.132039
vt 0.667319 0.090975
vt 0.708503 0.065689
vt 0.751333 0.057150
vt 0.794164 0.065689
vt 0.835348 0.090975
vt 0.873303 0.132039
vt 0.906571 0.187302
vt 0.933874 0.254639
vt 0.954161 0.331463
vt 0.966654 0.414823
vt 0.970873 0.501514
vt 0.966654 0.588206
vt 0.954161 0.671565
vt 0.933873 0.748389
vt 0.906571 0.815727
vt 0.873303 0.870989
vt 0.835348 0.912053
vt 0.794164 0.937340
vt 0.258592 0.059717
vt 0.301445 0.068197
vt 0.342650 0.093310
vt 0.380625 0.134091
vt 0.413911 0.188973
vt 0.441229 0.255848
vt 0.461527 0.332143
vt 0.474027 0.414929
vt 0.478247 0.501023
vt 0.474026 0.587118
vt 0.461527 0.669904
vt 0.441229 0.746199
vt 0.413911 0.813073
vt 0.380625 0.867956
vt 0.342650 0.908737
vt 0.301445 0.933849
vt 0.258592 0.942330
vt 0.215739 0.933849
vt 0.174533 0.908737
vt 0.136558 0.867956
vt 0.103272 0.813073
vt 0.075955 0.746199
vt 0.055657 0.669904
vt 0.043157 0.587118
vt 0.038937 0.501023
vt 0.043157 0.414929
vt 0.055657 0.332143
vt 0.075955 0.255848
vt 0.103272 0.188973
vt 0.136558 0.134091
vt 0.174533 0.093310
vt 0.215739 0.068197
vt 0.751334 0.945879
vt 0.708504 0.937340
vt 0.667319 0.912053
vt 0.629364 0.870989
vt 0.596096 0.815727
vt 0.568793 0.748389
vt 0.548506 0.671565
vt 0.536013 0.588206
vt 0.531794 0.501514
vt 0.536013 0.414823
vt 0.548506 0.331463
vt 0.568793 0.254640
vt 0.596096 0.187302
vt 0.629364 0.132039
vt 0.667319 0.090975
vt 0.708503 0.065689
vt 0.751333 0.057150
vt 0.794164 0.065689
vt 0.835348 0.090975
vt 0.873303 0.132039
vt 0.906571 0.187302
vt 0.933874 0.254639
vt 0.954161 0.331463
vt 0.966654 0.414823
vt 0.970873 0.501514
vt 0.966654 0.588206
vt 0.954161 0.671565
vt 0.933873 0.748389
vt 0.906571 0.815727
vt 0.873303 0.870989
vt 0.835348 0.912053
vt 0.794164 0.937340
vt 0.258592 0.059717
vt 0.301445 0.068197
vt 0.342650 0.093310
vt 0.380625 0.134091
vt 0.413911 0.188973
vt 0.441229 0.255848
vt 0.461527 0.332143
vt 0.474027 0.414929
vt 0.478247 0.501023
vt 0.474026 0.587118
vt 0.461527 0.669904
vt 0.441229 0.746199
vt 0.413911 0.813073
vt 0.380625 0.867956
vt 0.342650 0.908737
vt 0.301445 0.933849
vt 0.258592 0.942330
vt 0.215739 0.933849
vt 0.174533 0.908737
vt 0.136558 0.867956
vt 0.103272 0.813073
vt 0.075955 0.746199
vt 0.055657 0.669904
vt 0.043157 0.587118
vt 0.038937 0.501023
vt 0.043157 0.414929
vt 0.055657 0.332143
vt 0.075955 0.255848
vt 0.103272 0.188973
vt 0.136558 0.134091
vt 0.174533 0.093310
vt 0.215739 0.068197
vn 0.773010 0.000000 -0.634394
vn 0.773010 0.000000 -0.634394
vn 0.773010 0.000000 -0.634394
vn 0.773010 0.000000 -0.634394
vn -0.634394 0.000000 0.773010
vn -0.634394 0.000000 0.773010
vn -0.634394 0.000000 0.773010
vn -0.634394 0.000000 0.773010
vn 0.881918 0.000000 -0.471404
vn 0.881918 0.000000 -0.471404
vn 0.881918 0.000000 -0.471404
vn 0.881918 0.000000 -0.471404
vn -0.471404 0.000000 0.881918
vn -0.471404 0.000000 0.881918
vn -0.471404 0.000000 0.881918
vn -0.471404 0.000000 0.881918
vn 0.956941 0.000000 -0.290282
vn 0.956941 0.000000 -0.290282
vn 0.956941 0.000000 -0.290282
vn 0.956941 0.000000 -0.290282
vn -0.290282 0.000000 0.956941
vn -0.290282 0.000000 0.956941
vn -0.290282 0.000000 0.956941
vn -0.290282 0.000000 0.956941
vn 0.995184 0.000000 -0.098022
vn 0.995184 0.000000 -0.098022
vn 0.995184 0.000000 -0.098022
vn 0.995184 0.000000 -0.098022
vn -0.098022 0.000000 0.995184
vn -0.098022 0.000000 0.995184
vn -0.098022 0.000000 0.995184
vn -0.098022 0.000000 0.995184
vn 0.995184 0.000000 0.098022
vn 0.995184 0.000000 0.098022
vn 0.995184 0.000000 0.098022
vn 0.995184 0.000000 0.098022
vn 0.098022 0.000000 0.995184
vn 0.098022 0.000000 0.995184
vn 0.098022 0.000000 0.995184
vn 0.098022 0.000000 0.995184
vn 0.956941 0.000000 0.290282
vn 0.956941 0.000000 0.290282
vn 0.956941 0.000000 0.290282
vn 0.956941 0.000000 0.290282
vn 0.290282 0.000000 0.956941
vn 0.290282 0.000000 0.956941
vn 0.290282 0.000000 0.956941
vn 0.290282 0.000000 0.956941
vn 0.471404 0.000000 0.881918
vn 0.471404 0.000000 0.881918
vn 0.471404 0.000000 0.881918
vn 0.471404 0.000000 0.881918
vn 0.881918 0.000000 0.471404
vn 0.881918 0.000000 0.471404
vn 0.881918 0.000000 0.471404
vn 0.881918 0.000000 0.471404
vn 0.773010 0.000000 0.634394
vn 0.773010 0.000000 0.634394
vn 0.773010 0.000000 0.634394
vn 0.773010 0.000000 0.634394
vn 0.634394 0.000000 0.773010
vn 0.634394 0.000000 0.773010
vn 0.634394 0.000000 0.773010
vn 0.634394 0.000000 0.773010
vn 0.000000 -1.000000 0.000000
vn 0.000000 -1.000000 0.000000
vn 0.000000 -1.000000 0.000000
vn 0.000000 -1.000000 0.000000
vn 0.000000 1.000000 0.000000
vn 0.000000 1.000000 0.000000
vn 0.000000 1.000000 0.000000
vn 0.000000 1.000000 0.000000
vn 0.634394 0.000000 -0.773010
vn 0.634394 0.000000 -0.773010
vn 0.634394 0.000000 -0.773010
vn 0.634394 0.000000 -0.773010
vn -0.773010 0.000000 0.634394
vn -0.773010 0.000000 0.634394
vn -0.773010 0.000000 0.634394
vn -0.773010 0.000000 0.634394
vn 0.471404 0.000000 -0.881918
vn 0.471404 0.000000 -0.881918
vn 0.471404 0.000000 -0.881918
vn 0.471404 0.000000 -0.881918
vn -0.881918 0.000000 0.471404
vn -0.881918 0.000000 0.471404
vn -0.881918 0.000000 0.471404
vn -0.881918 0.000000 0.471404
vn 0.290282 0.000000 -0.956941
vn 0.290282 0.000000 -0.956941
vn 0.290282 0.000000 -0.956941
vn 0.290282 0.000000 -0.956941
vn -0.956941 0.000000 0.290282
vn -0.956941 0.000000 0.290282
vn -0.956941 0.000000 0.290282
vn -0.956941 0.000000 0.290282
vn 0.098022 0.000000 -0.995184
vn 0.098022 0.000000 -0.995184
vn 0.098022 0.000000 -0.995184
vn 0.098022 0.000000 -0.995184
vn -0.995184 0.000000 0.098022
vn -0.995184 0.000000 0.098022
vn -0.995184 0.000000 0.098022
vn -0.995184 0.000000 0.098022
vn -0.098022 0.000000 -0.995184
vn -0.098022 0.000000 -0.995184
vn -0.098022 0.000000 -0.995184
vn -0.098022 0.000000 -0.995184
vn -0.995184 0.000000 -0.098022
vn -0.995184 0.000000 -0.098022
vn -0.995184 0.000000 -0.098022
vn -0.995184 0.000000 -0.098022
vn -0.290282 0.000000 -0.956941
vn -0.290282 0.000000 -0.956941
vn -0.290282 0.000000 -0.956941
vn -0.290282 0.000000 -0.956941
vn -0.956941 0.000000 -0.290282
vn -0.956941 0.000000 -0.290282
vn -0.956941 0.000000 -0.290282
vn -0.956941 0.000000 -0.290282
vn -0.471404 0.000000 -0.881918
vn -0.471404 0.000000 -0.881918
vn -0.471404 0.000000 -0.881918
vn -0.471404 0.000000 -0.881918
vn -0.881918 0.000000 -0.471404
vn -0.881918 0.000000 -0.471404
vn -0.881918 0.000000 -0.471404
vn -0.881918 0.000000 -0.471404
vn -0.634394 0.000000 -0.773010
vn -0.634394 0.000000 -0.773010
vn -0.634394 0.000000 -0.773010
vn -0.634394 0.000000 -0.773010
vn -0.773010 0.000000 -0.634394
vn -0.773010 0.000000 -0.634394
vn -0.773010 0.000000 -0.634394
vn -0.773010 0.000000 -0.634394
vn 0.000000 1.000000 0.000000
vn 0.000000 1.000000 0.000000
vn 0.000000 1.000000 0.000000
vn 0.000000 1.000000 0.000000
vn 0.000000 1.000000 0.000000
vn 0.000000 1.000000 0.000000
vn 0.000000 1.000000 0.000000
vn 0.000000 1.000000 0.000000
vn 0.000000 1.000000 0.000000
vn 0.000000 1.000000 0.000000
vn 0.000000 1.000000 0.000000
vn 0.000000 1.000000 0.000000
vn 0.000000 1.000000 0.000000
vn 0.000000 1.000000 0.000000
vn 0.000000 1.000000 0.000000
vn 0.000000 1.000000 0.000000
vn 0.000000 1.000000 0.000000
vn 0.000000 1.000000 0.000000
vn 0.000000 1.000000 0.000000
vn 0.000000 1.000000 0.000000
vn 0.000000 1.000000 0.000000
vn 0.000000 1.000000 0.000000
vn 0.000000 1.000000 0.000000
vn 0.000000 1.000000 0.000000
vn 0.000000 1.000000 0.000000
vn 0.000000 1.000000 0.000000
vn 0.000000 1.000000 0.000000
vn 0.000000 1.000000 0.000000
vn 0.000000 1.000000 0.000000
vn 0.000000 1.000000 0.000000
vn 0.000000 1.000000 0.000000
vn 0.000000 1.000000 0.000000
vn 0.000000 -1.000000 0.000000
vn 0.000000 -1.000000 0.000000
vn 0.000000 -1.000000 0.000000
vn 0.000000 -1.000000 0.000000
vn 0.000000 -1.000000 0.000000
vn 0.000000 -1.000000 0.000000
vn 0.000000 -1.000000 0.000000
vn 0.000000 -1.000000 0.000000
vn 0.000000 -1.000000 0.000000
vn 0.000000 -1.000000 0.000000
vn 0.000000 -1.000000 0.000000
vn 0.000000 -1.000000 0.000000
vn 0.000000 -1.000000 0.000000
vn 0.000000 -1.000000 0.000000
vn 0.000000 -1.000000 0.000000
vn 0.000000 -1.000000 0.000000
vn 0.000000 -1.000000 0.000000
vn 0.000000 -1.000000 0.000000
vn 0.000000 -1.000000 0.000000
vn 0.000000 -1.000000 0.000000
vn 0.000000 -1.000000 0.000000
vn 0.000000 -1.000000 0.000000
vn 0.000000 -1.000000 0.000000
vn 0.000000 -1.000000 0.000000
vn 0.000000 -1.000000 0.000000
vn 0.000000 -1.000000 0.000000
vn 0.000000 -1.000000 0.000000
vn 0.000000 -1.000000 0.000000
vn 0.000000 -1.000000 0.000000
vn 0.000000 -1.000000 0.000000
vn 0.000000 -1.000000 0.000000
vn 0.000000 -1.000000 0.000000
vn 0.000000 1.000000 0.000000
vn 0.000000 1.000000 0.000000
vn 0.000000 1.000000 0.000000
vn 0.000000 1.000000 0.000000
vn 0.000000 1.000000 0.000000
vn 0.000000 1.000000 0.000000
vn 0.000000 1.000000 0.000000
vn 0.000000 1.000000 0.000000
vn 0.000000 1.000000 0.000000
vn 0.000000 1.000000 0.000000
vn 0.000000 1.000000 0.000000
vn 0.000000 1.000000 0.000000
vn 0.000000 1.000000 0.000000
vn 0.000000 1.000000 0.000000
vn 0.000000 1.000000 0.000000
vn 0.000000 1.000000 0.000000
vn 0.000000 1.000000 0.000000
vn 0.000000 1.000000 0.000000
vn 0.000000 1.000000 0.000000
vn 0.000000 1.000000 0.000000
vn 0.000000 1.000000 0.000000
vn 0.000000 1.000000 0.000000
vn 0.000000 1.000000 0.000000
vn 0.000000 1.000000 0.000000
vn 0.000000 1.000000 0.000000
vn 0.000000 1.000000 0.000000
vn 0.000000 1.000000 0.000000
vn 0.000000 1.000000 0.000000
vn 0.000000 1.000000 0.000000
vn 0.000000 1.000000 0.000000
vn 0.000000 1.000000 0.000000
vn 0.000000 1.000000 0.000000
vn 0.000000 1.000000 0.000000
vn 0.000000 1.000000 0.000000
vn 0.000000 1.000000 0.000000
vn 0.000000 1.000000 0.000000
vn 0.000000 1.000000 0.000000
vn 0.000000 1.000000 0.000000
vn 0.000000 1.000000 0.000000
vn 0.000000 1.000000 0.000000
vn 0.000000 1.000000 0.000000
vn 0.000000 1.000000 0.000000
vn 0.000000 1.000000 0.000000
vn 0.000000 1.000000 0.000000
vn 0.000000 1.000000 0.000000
vn 0.000000 1.000000 0.000000
vn 0.000000 1.000000 0.000000
vn 0.000000 1.000000 0.000000
vn 0.000000 1.000000 0.000000
vn 0.000000 1.000000 0.000000
vn 0.000000 1.000000 0.000000
vn 0.000000 1.000000 0.000000
vn 0.000000 1.000000 0.000000
vn 0.000000 1.000000 0.000000
vn 0.000000 1.000000 0.000000
vn 0.000000 1.000000 0.000000
vn 0.000000 1.000000 0.000000
vn 0.000000 1.000000 0.000000
vn 0.000000 1.000000 0.000000
vn 0.000000 1.000000 0.000000
vn 0.000000 -1.000000 0.000000
vn 0.000000 -1.000000 0.000000
vn 0.000000 -1.000000 0.000000
vn 0.000000 -1.000000 0.000000
vn 0.000000 -1.000000 0.000000
vn 0.000000 -1.000000 0.000000
vn 0.000000 -1.000000 0.000000
vn 0.000000 -1.000000 0.000000
vn 0.000000 -1.000000 0.000000
vn 0.000000 -1.000000 0.000000
vn 0.000000 -1.000000 0.000000
vn 0.000000 -1.000000 0.000000
vn 0.000000 -1.000000 0.000000
vn 0.000000 -1.000000 0.000000
vn 0.000000 -1.000000 0.000000
vn 0.000000 -1.000000 0.000000
vn 0.000000 -1.000000 0.000000
vn 0.000000 -1.000000 0.000000
vn 0.000000 -1.000000 0.000000
vn 0.000000 -1.000000 0.000000
vn 0.000000 -1.000000 0.000000
vn 0.000000 -1.000000 0.000000
vn 0.000000 -1.000000 0.000000
vn 0.000000 -1.000000 0.000000
vn 0.000000 -1.000000 0.000000
vn 0.000000 -1.000000 0.000000
vn 0.000000 -1.000000 0.000000
vn 0.000000 -1.000000 0.000000
vn 0.000000 -1.000000 0.000000
vn 0.000000 -1.000000 0.000000
vn 0.000000 -1.000000 0.000000
vn 0.000000 -1.000000 0.000000
vn 0.000000 -1.000000 0.000000
vn 0.000000 -1.000000 0.000000
vn 0.000000 -1.000000 0.000000
vn 0.000000 -1.000000 0.000000
vn 0.000000 -1.000000 0.000000
vn 0.000000 -1.000000 0.000000
vn 0.000000 -1.000000 0.000000
vn 0.000000 -1.000000 0.000000
vn 0.000000 -1.000000 0.000000
vn 0.000000 -1.000000 0.000000
vn 0.000000 -1.000000 0.000000
vn 0.000000 -1.000000 0.000000
vn 0.000000 -1.000000 0.000000
vn 0.000000 -1.000000 0.000000
vn 0.000000 -1.000000 0.000000
vn 0.000000 -1.000000 0.000000
vn 0.000000 -1.000000 0.000000
vn 0.000000 -1.000000 0.000000
vn 0.000000 -1.000000 0.000000
vn 0.000000 -1.000000 0.000000
vn 0.000000 -1.000000 0.000000
vn 0.000000 -1.000000 0.000000
vn 0.000000 -1.000000 0.000000
vn 0.000000 -1.000000 0.000000
vn 0.000000 -1.000000 0.000000
vn 0.000000 -1.000000 0.000000
vn 0.000000 -1.000000 0.000000
vn 0.000000 -1.000000 0.000000
vn 0.000000 1.000000 0.000000
vn 0.000000 1.000000 0.000000
vn 0.000000 1.000000 0.000000
vn 0.000000 1.000000 0.000000
vn 0.000000 1.000000 0.000000
vn 0.000000 1.000000 0.000000
vn 0.000000 1.000000 0.000000
vn 0.000000 1.000000 0.000000
vn 0.000000 1.000000 0.000000
vn 0.000000 1.000000 0.000000
vn 0.000000 1.000000 0.000000
vn 0.000000 1.000000 0.000000
vn 0.000000 1.000000 0.000000
vn 0.000000 1.000000 0.000000
vn 0.000000 1.000000 0.000000
vn 0.000000 1.000000 0.000000
vn 0.000000 1.000000 0.000000
vn 0.000000 1.000000 0.000000
vn 0.000000 1.000000 0.000000
vn 0.000000 1.000000 0.000000
vn 0.000000 1.000000 0.000000
vn 0.000000 1.000000 0.000000
vn 0.000000 1.000000 0.000000
vn 0.000000 1.000000 0.000000
vn 0.000000 1.000000 0.000000
vn 0.000000 1.000000 0.000000
vn 0.000000 1.000000 0.000000
vn 0.000000 1.000000 0.000000
vn 0.000000 1.000000 0.000000
vn 0.000000 1.000000 0.000000
vn 0.000000 1.000000 0.000000
vn 0.000000 1.000000 0.000000
vn 0.000000 1.000000 0.000000
vn 0.000000 1.000000 0.000000
vn 0.000000 1.000000 0.000000
vn 0.000000 1.000000 0.000000
vn 0.000000 1.000000 0.000000
vn 0.000000 1.000000 0.000000
vn 0.000000 1.000000 0.000000
vn 0.000000 1.000000 0.000000
vn 0.000000 1.000000 0.000000
vn 0.000000 1.000000 0.000000
vn 0.000000 1.000000 0.000000
vn 0.000000 1.000000 0.000000
vn 0.000000 1.000000 0.000000
vn 0.000000 1.000000 0.000000
vn 0.000000 1.000000 0.000000
vn 0.000000 1.000000 0.000000
vn 0.000000 1.000000 0.000000
vn 0.000000 1.000000 0.000000
vn 0.000000 1.000000 0.000000
vn 0.000000 1.000000 0.000000
vn 0.000000 1.000000 0.000000
vn 0.000000 1.000000 0.000000
vn 0.000000 1.000000 0.000000
vn 0.000000 1.000000 0.000000
vn 0.000000 1.000000 0.000000
vn 0.000000 1.000000 0.000000
vn 0.000000 1.000000 0.000000
vn 0.000000 1.000000 0.000000
vn 0.000000 1.000000 0.000000
vn 0.000000 1.000000 0.000000
vn 0.000000 1.000000 0.000000
vn 0.000000 1.000000 0.000000
vn 0.000000 -1.000000 0.000000
vn 0.000000 -1.000000 0.000000
vn 0.000000 -1.000000 0.000000
vn 0.000000 -1.000000 0.000000
vn 0.000000 -1.000000 0.000000
vn 0.000000 -1.000000 0.000000
vn 0.000000 -1.000000 0.000000
vn 0.000000 -1.000000 0.000000
vn 0.000000 -1.000000 0.000000
vn 0.000000 -1.000000 0.000000
vn 0.000000 -1.000000 0.000000
vn 0.000000 -1.000000 0.000000
vn 0.000000 -1.000000 0.000000
vn 0.000000 -1.000000 0.000000
vn 0.000000 -1.000000 0.000000
vn 0.000000 -1.000000 0.000000
vn 0.000000 -1.000000 0.000000
vn 0.000000 -1.000000 0.000000
vn 0.000000 -1.000000 0.000000
vn 0.000000 -1.000000 0.000000
vn 0.000000 -1.000000 0.000000
vn 0.000000 -1.000000 0.000000
vn 0.000000 -1.000000 0.000000
vn 0.000000 -1.000000 0.000000
vn 0.000000 -1.000000 0.000000
vn 0.000000 -1.000000 0.000000
vn 0.000000 -1.000000 0.000000
vn 0.000000 -1.000000 0.000000
vn 0.000000 -1.000000 0.000000
vn 0.000000 -1.000000 0.000000
vn 0.000000 -1.000000 0.000000
vn 0.000000 -1.000000 0.000000
vn 0.000000 -1.000000 0.000000
vn 0.000000 -1.000000 0.000000
vn 0.000000 -1.000000 0.000000
vn 0.000000 -1.000000 0.000000
vn 0.000000 -1.000000 0.000000
vn 0.000000 -1.000000 0.000000
vn 0.000000 -1.000000 0.000000
vn 0.000000 -1.000000 0.000000
vn 0.000000 -1.000000 0.000000
vn 0.000000 -1.000000 0.000000
vn 0.000000 -1.000000 0.000000
vn 0.000000 -1.000000 0.000000
vn 0.000000 -1.000000 0.000000
vn 0.000000 -1.000000 0.000000
vn 0.000000 -1.000000 0.000000
vn 0.000000 -1.000000 0.000000
vn 0.000000 -1.000000 0.000000
vn 0.000000 -1.000000 0.000000
vn 0.000000 -1.000000 0.000000
vn 0.000000 -1.000000 0.000000
vn 0.000000 -1.000000 0.000000
vn 0.000000 -1.000000 0.000000
vn 0.000000 -1.000000 0.000000
vn 0.000000 -1.000000 0.000000
vn 0.000000 -1.000000 0.000000
vn 0.000000 -1.000000 0.000000
vn 0.000000 -1.000000 0.000000
vn 0.000000 -1.000000 0.000000
vn 0.000000 -1.000000 0.000000
vn 0.000000 -1.000000 0.000000
vn 0.000000 -1.000000 0.000000
vn 0.000000 -1.000000 0.000000
s off
g OneCent Us_Coins_MD
usemtl OneCentSG
f 329/651/961 330/652/962 331/653/963 332/654/964
f 333/655/965 334/656/966 335/657/967 336/658/968
f 341/659/969 342/660/970 330/652/971 329/651/972
f 334/656/973 343/661/974 344/662/975 335/657/976
f 349/663/977 350/664/978 342/660/979 341/659/980
f 343/661/981 351/665/982 352/666/983 344/662/984
f 357/667/985 358/668/986 350/664/987 349/663/988
f 351/665/989 359/669/990 360/670/991 352/666/992
f 365/671/993 366/672/994 358/668/995 357/667/996
f 360/673/997 359/674/998 367/675/999 368/676/1000
f 373/677/1001 374/678/1002 366/672/1003 365/671/1004
f 368/676/1005 367/675/1006 375/679/1007 376/680/1008
f 376/680/1009 375/679/1010 383/681/1011 384/682/1012
f 385/683/1013 386/684/1014 374/678/1015 373/677/1016
f 387/685/1017 388/686/1018 386/684/1019 385/683/1020
f 384/682/1021 383/681/1022 388/686/1023 387/685/1024
s 1
f 350/718/1025 346/703/1026 338/704/1027 342/717/1028
s 2
f 397/720/1029 402/751/1030 403/752/1031 404/753/1032
s off
f 332/654/1033 331/653/1034 396/754/1035 407/755/1036
f 408/756/1037 333/655/1038 336/658/1039 399/757/1040
f 407/755/1041 396/754/1042 395/758/1043 411/759/1044
f 412/760/1045 408/756/1046 399/757/1047 398/761/1048
f 411/759/1049 395/758/1050 394/762/1051 415/763/1052
f 416/764/1053 412/760/1054 398/761/1055 397/765/1056
f 415/763/1057 394/762/1058 393/766/1059 419/767/1060
f 420/768/1061 416/764/1062 397/765/1063 404/769/1064
f 393/766/1065 425/770/1066 426/771/1067 419/767/1068
f 427/772/1069 420/768/1070 404/769/1071 428/773/1072
f 425/770/1073 433/774/1074 434/775/1075 426/771/1076
f 435/776/1077 427/772/1078 428/773/1079 436/777/1080
f 433/774/1081 443/778/1082 444/779/1083 434/775/1084
f 445/780/1085 435/776/1086 436/777/1087 446/781/1088
f 443/778/1089 447/782/1090 448/783/1091 444/779/1092
f 447/782/1093 445/780/1094 446/781/1095 448/783/1096
f 449/909/1097 450/910/1098 451/911/1099 452/912/1100 453/913/1101 454/914/1102 455/915/1103 456/916/1104 457/917/1105 458/918/1106 459/919/1107 460/920/1108 461/921/1109 462/922/1110 463/923/1111 464/924/1112 465/925/1113 466/926/1114 467/927/1115 468/928/1116 469/929/1117 470/930/1118 471/931/1119 472/932/1120 473/933/1121 474/934/1122 475/935/1123 476/936/1124 477/937/1125 478/938/1126 479/939/1127 480/940/1128
f 482/941/1129 481/942/1130 483/943/1131 484/944/1132 485/945/1133 486/946/1134 487/947/1135 488/948/1136 489/949/1137 490/950/1138 491/951/1139 492/952/1140 493/953/1141 494/954/1142 495/955/1143 496/956/1144 497/957/1145 498/958/1146 499/959/1147 500/960/1148 501/961/1149 502/962/1150 503/963/1151 504/964/1152 505/965/1153 506/966/1154 507/967/1155 508/968/1156 509/969/1157 510/970/1158 511/971/1159 512/972/1160
s 2
f 417/805/1161 419/790/1162 426/791/1163 422/804/1164
f 422/804/1164 426/791/1163 434/792/1165 430/803/1166
f 438/802/1167 444/793/1168 448/794/1169 442/801/1170
f 430/803/1166 434/792/1165 444/793/1168 438/802/1167
f 424/798/1171 428/797/1172 404/753/1032 403/752/1031
f 442/801/1170 448/794/1169 446/795/1173 440/800/1174
f 440/800/1174 446/795/1173 436/796/1175 432/799/1176
f 432/799/1176 436/796/1175 428/797/1172 424/798/1171
f 397/720/1029 398/721/1177 401/750/1178 402/751/1030
f 400/749/1179 399/722/1180 336/723/1181 327/748/1182
f 401/750/1178 398/721/1177 399/722/1180 400/749/1179
f 328/747/1183 335/724/1184 344/725/1185 340/746/1186
f 327/748/1182 336/723/1181 335/724/1184 328/747/1183
f 340/746/1186 344/725/1185 352/726/1187 348/745/1188
f 356/744/1189 360/727/1190 368/728/1191 363/743/1192
f 348/745/1188 352/726/1187 360/727/1190 356/744/1189
f 371/742/1193 376/729/1194 384/730/1195 377/741/1196
f 363/743/1192 368/728/1191 376/729/1194 371/742/1193
f 377/741/1196 384/730/1195 387/731/1197 381/740/1198
f 381/740/1198 387/731/1197 385/732/1199 379/739/1200
f 379/739/1200 385/732/1199 373/733/1201 369/738/1202
f 369/738/1202 373/733/1201 365/734/1203 361/737/1204
f 361/737/1204 365/734/1203 357/735/1205 353/813/1206
f 349/736/1207 341/784/1208 337/811/1209 345/812/1210
f 337/811/1209 341/784/1208 329/785/1211 321/810/1212
f 321/810/1212 329/785/1211 332/786/1213 322/809/1214
f 322/809/1214 332/786/1213 407/787/1215 405/808/1216
f 405/808/1216 407/787/1215 411/788/1217 409/807/1218
f 409/807/1218 411/788/1217 415/789/1219 413/806/1220
f 413/806/1220 415/789/1219 419/790/1162 417/805/1161
f 353/813/1206 357/735/1205 349/736/1207 345/812/1210
s 1
f 418/837/1221 420/822/1222 427/823/1223 423/836/1224
f 355/694/1225 364/695/1226 367/693/1227 359/814/1228
f 439/834/1229 431/835/1230 435/824/1231 445/825/1232
f 421/830/1233 425/829/1234 393/711/1235 392/710/1236
f 423/836/1224 427/823/1223 435/824/1231 431/835/1230
f 410/839/1237 412/820/1238 416/821/1239 414/838/1240
f 414/838/1240 416/821/1239 420/822/1222 418/837/1221
f 406/840/1241 408/819/1242 412/820/1238 410/839/1237
f 325/842/1243 334/817/1244 333/818/1245 326/841/1246
f 326/841/1246 333/818/1245 408/819/1242 406/840/1241
f 347/844/1247 351/815/1248 343/816/1249 339/843/1250
f 339/843/1250 343/816/1249 334/817/1244 325/842/1243
f 355/694/1225 359/814/1228 351/815/1248 347/844/1247
f 372/696/1251 375/692/1252 367/693/1227 364/695/1226
f 378/697/1253 383/691/1254 375/692/1252 372/696/1251
f 382/698/1255 388/690/1256 383/691/1254 378/697/1253
f 380/699/1257 386/689/1258 388/690/1256 382/698/1255
f 370/700/1259 374/688/1260 386/689/1258 380/699/1257
f 366/687/1261 374/688/1260 370/700/1259 362/701/1262
f 366/687/1261 362/701/1262 354/702/1263 358/719/1264
f 358/719/1264 354/702/1263 346/703/1026 350/718/1025
f 342/717/1028 338/704/1027 324/705/1265 330/716/1266
f 330/716/1266 324/705/1265 323/706/1267 331/715/1268
f 331/715/1268 323/706/1267 389/707/1269 396/714/1270
f 396/714/1270 389/707/1269 390/708/1271 395/713/1272
f 395/713/1272 390/708/1271 391/709/1273 394/712/1274
f 394/712/1274 391/709/1273 392/710/1236 393/711/1235
f 429/831/1275 433/828/1276 425/829/1234 421/830/1233
f 437/832/1277 443/827/1278 433/828/1276 429/831/1275
f 441/833/1279 447/826/1280 443/827/1278 437/832/1277
f 439/834/1229 445/825/1232 447/826/1280 441/833/1279
s 10
f 417/845/1281 422/846/1282 450/910/1283 449/909/1284
f 422/846/1282 430/847/1285 451/911/1286 450/910/1283
f 430/847/1285 438/848/1287 452/912/1288 451/911/1286
f 438/848/1287 442/849/1289 453/913/1290 452/912/1288
f 442/849/1289 440/850/1291 454/914/1292 453/913/1290
f 440/850/1291 432/851/1293 455/915/1294 454/914/1292
f 432/851/1293 424/852/1295 456/916/1296 455/915/1294
f 424/852/1295 403/853/1297 457/917/1298 456/916/1296
f 403/853/1297 402/854/1299 458/918/1300 457/917/1298
f 402/854/1299 401/855/1301 459/919/1302 458/918/1300
f 401/855/1301 400/856/1303 460/920/1304 459/919/1302
f 400/856/1303 327/857/1305 461/921/1306 460/920/1304
f 327/857/1305 328/858/1307 462/922/1308 461/921/1306
f 328/858/1307 340/859/1309 463/923/1310 462/922/1308
f 340/859/1309 348/860/1311 464/924/1312 463/923/1310
f 348/860/1311 356/861/1313 465/925/1314 464/924/1312
f 356/861/1313 363/862/1315 466/926/1316 465/925/1314
f 363/862/1315 371/863/1317 467/927/1318 466/926/1316
f 371/863/1317 377/864/1319 468/928/1320 467/927/1318
f 377/864/1319 381/865/1321 469/929/1322 468/928/1320
f 381/865/1321 379/866/1323 470/930/1324 469/929/1322
f 379/866/1323 369/867/1325 471/931/1326 470/930/1324
f 369/867/1325 361/868/1327 472/932/1328 471/931/1326
f 361/868/1327 353/869/1329 473/933/1330 472/932/1328
f 353/869/1329 345/870/1331 474/934/1332 473/933/1330
f 345/870/1331 337/871/1333 475/935/1334 474/934/1332
f 337/871/1333 321/872/1335 476/936/1336 475/935/1334
f 321/872/1335 322/873/1337 477/937/1338 476/936/1336
f 322/873/1337 405/874/1339 478/938/1340 477/937/1338
f 405/874/1339 409/875/1341 479/939/1342 478/938/1340
f 409/875/1341 413/876/1343 480/940/1344 479/939/1342
f 413/876/1343 417/845/1281 449/909/1284 480/940/1344
s 11
f 392/877/1345 391/878/1346 481/942/1347 482/941/1348
f 391/878/1346 390/879/1349 483/943/1350 481/942/1347
f 390/879/1349 389/880/1351 484/944/1352 483/943/1350
f 389/880/1351 323/881/1353 485/945/1354 484/944/1352
f 323/881/1353 324/882/1355 486/946/1356 485/945/1354
f 324/882/1355 338/883/1357 487/947/1358 486/946/1356
f 338/883/1357 346/884/1359 488/948/1360 487/947/1358
f 346/884/1359 354/885/1361 489/949/1362 488/948/1360
f 354/885/1361 362/886/1363 490/950/1364 489/949/1362
f 362/886/1363 370/887/1365 491/951/1366 490/950/1364
f 370/887/1365 380/888/1367 492/952/1368 491/951/1366
f 380/888/1367 382/889/1369 493/953/1370 492/952/1368
f 382/889/1369 378/890/1371 494/954/1372 493/953/1370
f 378/890/1371 372/891/1373 495/955/1374 494/954/1372
f 372/891/1373 364/892/1375 496/956/1376 495/955/1374
f 364/892/1375 355/893/1377 497/957/1378 496/956/1376
f 355/893/1377 347/894/1379 498/958/1380 497/957/1378
f 347/894/1379 339/895/1381 499/959/1382 498/958/1380
f 339/895/1381 325/896/1383 500/960/1384 499/959/1382
f 325/896/1383 326/897/1385 501/961/1386 500/960/1384
f 326/897/1385 406/898/1387 502/962/1388 501/961/1386
f 406/898/1387 410/899/1389 503/963/1390 502/962/1388
f 410/899/1389 414/900/1391 504/964/1392 503/963/1390
f 414/900/1391 418/901/1393 505/965/1394 504/964/1392
f 418/901/1393 423/902/1395 506/966/1396 505/965/1394
f 423/902/1395 431/903/1397 507/967/1398 506/966/1396
f 431/903/1397 439/904/1399 508/968/1400 507/967/1398
f 439/904/1399 441/905/1401 509/969/1402 508/968/1400
f 441/905/1401 437/906/1403 510/970/1404 509/969/1402
f 437/906/1403 429/907/1405 511/971/1406 510/970/1404
f 429/907/1405 421/908/1407 512/972/1408 511/971/1406
f 421/908/1407 392/877/1345 482/941/1348 512/972/1408
g default
v 3.948386 -0.039900 4.297335
v 3.948386 0.039900 4.297335
v 4.105677 0.039900 4.105677
v 4.105677 -0.039900 4.105677
v 4.297335 0.039900 3.948386
v 4.297335 -0.039900 3.948386
v 3.831508 -0.039900 4.515994
v 3.831508 0.039900 4.515994
v 4.515994 0.039900 3.831508
v 4.515994 -0.039900 3.831508
v 3.759537 -0.039900 4.753256
v 3.759537 0.039900 4.753256
v 4.753256 0.039900 3.759537
v 4.753256 -0.039900 3.759537
v 5.000000 0.039900 3.735233
v 5.000000 -0.039900 3.735233
v 3.735233 -0.039900 5.000000
v 3.735233 0.039900 5.000000
v 5.246744 0.039900 3.759537
v 5.246744 -0.039900 3.759537
v 3.759537 -0.039900 5.246744
v 3.759537 0.039900 5.246744
v 5.484006 0.039900 3.831508
v 5.484006 -0.039900 3.831508
v 3.831508 -0.039900 5.484006
v 3.831508 0.039900 5.484006
v 5.702665 0.039900 3.948386
v 5.702665 -0.039900 3.948386
v 3.948386 -0.039900 5.702665
v 3.948386 0.039900 5.702665
v 5.894323 0.039900 4.105677
v 5.894323 -0.039900 4.105677
v 4.105677 -0.039900 5.894324
v 4.105677 0.039900 5.894324
v 6.051614 0.039900 4.297335
v 6.051614 -0.039900 4.297335
v 4.297335 -0.039900 6.051614
v 4.297335 0.039900 6.051614
v 6.168492 0.039900 4.515994
v 6.168492 -0.039900 4.515994
v 4.515994 -0.039900 6.168491
v 4.515994 0.039900 6.168491
v 6.240463 0.039900 4.753256
v 6.240463 -0.039900 4.753256
v 4.753256 -0.039900 6.240464
v 4.753256 0.039900 6.240464
v 6.264767 0.039900 5.000000
v 6.264767 -0.039900 5.000000
v 5.000000 -0.039900 6.264767
v 5.000000 0.039900 6.264767
v 6.240463 0.039900 5.246744
v 6.240463 -0.039900 5.246744
v 5.246744 -0.039900 6.240464
v 5.246744 0.039900 6.240464
v 5.484006 -0.039900 6.168491
v 5.484006 0.039900 6.168491
v 6.168492 0.039900 5.484006
v 6.168492 -0.039900 5.484006
v 5.702665 -0.039900 6.051614
v 5.702665 0.039900 6.051614
v 6.051614 0.039900 5.702665
v 6.051614 -0.039900 5.702665
v 5.894323 0.039900 5.894324
v 5.894323 -0.039900 5.894324
v 4.059550 -0.039900 4.059550
v 3.894147 -0.039900 4.261094
v 3.894147 0.039900 4.261094
v 4.059550 0.039900 4.059550
v 4.261094 -0.039900 3.894147
v 4.261094 0.039900 3.894147
v 3.771241 -0.039900 4.491031
v 3.771241 0.039900 4.491031
v 4.491031 -0.039900 3.771241
v 4.491031 0.039900 3.771241
v 3.695557 -0.039900 4.740530
v 3.695557 0.039900 4.740530
v 4.740530 -0.039900 3.695557
v 4.740530 0.039900 3.695557
v 3.670000 -0.039900 5.000000
v 3.670000 0.039900 5.000000
v 5.000000 -0.039900 3.670000
v 5.000000 0.039900 3.670000
v 3.695557 -0.039900 5.259470
v 3.695557 0.039900 5.259470
v 5.259470 0.039900 3.695557
v 5.259470 -0.039900 3.695557
v 3.771241 -0.039900 5.508969
v 3.771241 0.039900 5.508969
v 5.508969 0.039900 3.771241
v 5.508969 -0.039900 3.771241
v 5.738906 0.039900 3.894147
v 5.738906 -0.039900 3.894147
v 3.894147 -0.039900 5.738906
v 3.894147 0.039900 5.738906
v 5.940450 0.039900 4.059550
v 5.940450 -0.039900 4.059550
v 4.059550 -0.039900 5.940451
v 4.059550 0.039900 5.940451
v 6.105853 0.039900 4.261094
v 6.105853 -0.039900 4.261094
v 4.261094 -0.039900 6.105853
v 4.261094 0.039900 6.105853
v 6.228759 0.039900 4.491031
v 6.228759 -0.039900 4.491031
v 4.491031 -0.039900 6.228759
v 4.491031 0.039900 6.228759
v 6.304443 0.039900 4.740530
v 6.304443 -0.039900 4.740530
v 4.740530 -0.039900 6.304443
v 4.740530 0.039900 6.304443
v 5.000000 -0.039900 6.329999
v 5.000000 0.039900 6.329999
v 6.330000 0.039900 5.000000
v 6.330000 -0.039900 5.000000
v 5.259470 -0.039900 6.304443
v 5.259470 0.039900 6.304443
v 6.304443 0.039900 5.259470
v 6.304443 -0.039900 5.259470
v 6.228759 0.039900 5.508969
v 6.228759 -0.039900 5.508969
v 5.508969 -0.039900 6.228759
v 5.508969 0.039900 6.228759
v 5.738906 -0.039900 6.105853
v 5.738906 0.039900 6.105853
v 6.105853 0.039900 5.738906
v 6.105853 -0.039900 5.738906
v 5.940450 -0.039900 5.940451
v 5.940450 0.039900 5.940451
v 5.484006 -0.029900 3.831508
v 5.246744 -0.029900 3.759537
v 5.702665 -0.029900 3.948386
v 5.894323 -0.029900 4.105677
v 6.051614 -0.029900 4.297335
v 6.168492 -0.029900 4.515994
v 6.240463 -0.029900 4.753256
v 6.264767 -0.029900 5.000000
v 6.240463 -0.029900 5.246744
v 6.168492 -0.029900 5.484006
v 6.051614 -0.029900 5.702665
v 5.894323 -0.029900 5.894324
v 5.702665 -0.029900 6.051614
v 5.484006 -0.029900 6.168491
v 5.246744 -0.029900 6.240464
v 5.000000 -0.029900 6.264767
v 4.753256 -0.029900 6.240464
v 4.515994 -0.029900 6.168491
v 4.297335 -0.029900 6.051614
v 4.105677 -0.029900 5.894324
v 3.948386 -0.029900 5.702665
v 3.831508 -0.029900 5.484006
v 3.759537 -0.029900 5.246744
v 3.735233 -0.029900 5.000000
v 3.759537 -0.029900 4.753256
v 3.831508 -0.029900 4.515994
v 3.948386 -0.029900 4.297335
v 4.105677 -0.029900 4.105677
v 4.297335 -0.029900 3.948386
v 4.515994 -0.029900 3.831508
v 4.753256 -0.029900 3.759537
v 5.000000 -0.029900 3.735233
v 3.948386 0.029900 4.297335
v 4.105677 0.029900 4.105677
v 3.831508 0.029900 4.515994
v 3.759537 0.029900 4.753256
v 3.735233 0.029900 5.000000
v 3.759537 0.029900 5.246744
v 3.831508 0.029900 5.484006
v 3.948386 0.029900 5.702665
v 4.105677 0.029900 5.894324
v 4.297335 0.029900 6.051614
v 4.515994 0.029900 6.168491
v 4.753256 0.029900 6.240464
v 5.000000 0.029900 6.264767
v 5.246744 0.029900 6.240464
v 5.484006 0.029900 6.168491
v 5.702665 0.029900 6.051614
v 5.894323 0.029900 5.894324
v 6.051614 0.029900 5.702665
v 6.168492 0.029900 5.484006
v 6.240463 0.029900 5.246744
v 6.264767 0.029900 5.000000
v 6.240463 0.029900 4.753256
v 6.168492 0.029900 4.515994
v 6.051614 0.029900 4.297335
v 5.894323 0.029900 4.105677
v 5.702665 0.029900 3.948386
v 5.484006 0.029900 3.831508
v 5.246744 0.029900 3.759537
v 5.000000 0.029900 3.735233
v 4.753256 0.029900 3.759537
v 4.515994 0.029900 3.831508
v 4.297335 0.029900 3.948386
vt 0.287017 0.053657
vt 0.326852 0.079433
vt 0.363564 0.121290
vt 0.395743 0.177621
vt 0.422151 0.246260
vt 0.441774 0.324569
vt 0.453858 0.409540
vt 0.457938 0.497907
vt 0.453858 0.586274
vt 0.441774 0.671246
vt 0.422151 0.749554
vt 0.395743 0.818194
vt 0.363564 0.874524
vt 0.326852 0.916382
vt 0.287017 0.942158
vt 0.245590 0.950861
vt 0.204163 0.942158
vt 0.164328 0.916382
vt 0.127616 0.874524
vt 0.095438 0.818193
vt 0.069029 0.749554
vt 0.049406 0.671245
vt 0.037322 0.586274
vt 0.033242 0.497907
vt 0.037322 0.409540
vt 0.049406 0.324569
vt 0.069029 0.246260
vt 0.095438 0.177621
vt 0.127616 0.121290
vt 0.164328 0.079433
vt 0.204163 0.053657
vt 0.245590 0.044953
vt 0.613503 0.817008
vt 0.586963 0.747860
vt 0.567241 0.668970
vt 0.555097 0.583369
vt 0.550996 0.494346
vt 0.555097 0.405324
vt 0.567241 0.319723
vt 0.586962 0.240833
vt 0.613503 0.171685
vt 0.645843 0.114936
vt 0.682738 0.072768
vt 0.722773 0.046801
vt 0.764408 0.038033
vt 0.806042 0.046801
vt 0.846077 0.072768
vt 0.882972 0.114936
vt 0.915312 0.171685
vt 0.941852 0.240833
vt 0.961574 0.319723
vt 0.973718 0.405324
vt 0.977819 0.494346
vt 0.973718 0.583369
vt 0.961574 0.668970
vt 0.941852 0.747860
vt 0.915312 0.817008
vt 0.882972 0.873757
vt 0.846077 0.915925
vt 0.806042 0.941892
vt 0.764408 0.950660
vt 0.722773 0.941892
vt 0.682738 0.915925
vt 0.645843 0.873757
vt 0.491549 0.376597
vt 0.491549 0.345868
vt 0.510403 0.345332
vt 0.510403 0.376597
vt 0.491549 0.407345
vt 0.510403 0.407345
vt 0.491549 0.315169
vt 0.510403 0.315169
vt 0.491549 0.438108
vt 0.510403 0.437862
vt 0.491549 0.284512
vt 0.510403 0.284512
vt 0.491549 0.468877
vt 0.510403 0.468721
vt 0.491549 0.253903
vt 0.510403 0.253903
vt 0.491549 0.499643
vt 0.510403 0.499582
vt 0.491549 0.223353
vt 0.510403 0.223353
vt 0.510403 0.530449
vt 0.491549 0.530449
vt 0.491549 0.192870
vt 0.510403 0.192870
vt 0.510403 0.561315
vt 0.491549 0.561180
vt 0.510403 0.592183
vt 0.491549 0.591941
vt 0.491549 0.162466
vt 0.510403 0.162466
vt 0.510403 0.623045
vt 0.491549 0.623045
vt 0.491549 0.132132
vt 0.510403 0.132132
vt 0.510403 0.653899
vt 0.491549 0.653417
vt 0.491549 0.101858
vt 0.510403 0.101858
vt 0.510403 0.684737
vt 0.491549 0.684737
vt 0.491549 0.071624
vt 0.510403 0.071624
vt 0.510403 0.715547
vt 0.491549 0.715547
vt 0.491549 0.041411
vt 0.510403 0.041411
vt 0.491549 0.009341
vt 0.510403 0.009341
vt 0.510403 0.746320
vt 0.491549 0.746320
vt 0.510403 0.990714
vt 0.491549 0.990714
vt 0.491549 0.960297
vt 0.510403 0.960297
vt 0.510403 0.777048
vt 0.491549 0.777048
vt 0.510403 0.807724
vt 0.491549 0.807724
vt 0.491549 0.929859
vt 0.510403 0.929859
vt 0.491549 0.899394
vt 0.510403 0.899394
vt 0.510403 0.838339
vt 0.491549 0.838339
vt 0.491549 0.868891
vt 0.510403 0.868891
vt 0.202026 0.965071
vt 0.160137 0.937966
vt 0.121531 0.893949
vt 0.087693 0.834713
vt 0.059923 0.762533
vt 0.039287 0.680186
vt 0.026580 0.590832
vt 0.022290 0.497907
vt 0.026580 0.404983
vt 0.039287 0.315629
vt 0.059923 0.233281
vt 0.087693 0.161102
vt 0.121531 0.101865
vt 0.160137 0.057849
vt 0.202026 0.030744
vt 0.245590 0.021591
vt 0.245590 0.044953
vt 0.204163 0.053657
vt 0.164328 0.079433
vt 0.127616 0.121290
vt 0.095438 0.177621
vt 0.069029 0.246260
vt 0.049406 0.324569
vt 0.037322 0.409540
vt 0.033242 0.497907
vt 0.037322 0.586274
vt 0.049406 0.671245
vt 0.069029 0.749554
vt 0.095438 0.818193
vt 0.127616 0.874524
vt 0.164328 0.916382
vt 0.204163 0.942158
vt 0.245590 0.950861
vt 0.287017 0.942158
vt 0.984514 0.400733
vt 0.988826 0.494346
vt 0.984514 0.587960
vt 0.971743 0.677977
vt 0.951005 0.760935
vt 0.923095 0.833650
vt 0.889087 0.893326
vt 0.850289 0.937669
vt 0.808189 0.964975
vt 0.764408 0.974195
vt 0.720626 0.964975
vt 0.678526 0.937669
vt 0.639728 0.893326
vt 0.605720 0.833650
vt 0.577810 0.760935
vt 0.557072 0.677977
vt 0.544301 0.587960
vt 0.539989 0.494346
vt 0.550996 0.494346
vt 0.555097 0.583369
vt 0.567241 0.668970
vt 0.586963 0.747860
vt 0.613503 0.817008
vt 0.645843 0.873757
vt 0.682738 0.915925
vt 0.722773 0.941892
vt 0.764408 0.950660
vt 0.806042 0.941892
vt 0.846077 0.915925
vt 0.882972 0.873757
vt 0.915312 0.817008
vt 0.941852 0.747860
vt 0.961574 0.668970
vt 0.973718 0.583369
vt 0.977819 0.494346
vt 0.544301 0.400733
vt 0.557072 0.310716
vt 0.577810 0.227757
vt 0.605720 0.155043
vt 0.639728 0.095367
vt 0.678526 0.051024
vt 0.720626 0.023718
vt 0.764408 0.014498
vt 0.808189 0.023718
vt 0.850289 0.051024
vt 0.889087 0.095367
vt 0.923095 0.155043
vt 0.951005 0.227757
vt 0.971743 0.310716
vt 0.973718 0.405324
vt 0.961574 0.319723
vt 0.941852 0.240833
vt 0.915312 0.171685
vt 0.882972 0.114936
vt 0.846077 0.072768
vt 0.806042 0.046801
vt 0.764408 0.038033
vt 0.722773 0.046801
vt 0.682738 0.072768
vt 0.645843 0.114936
vt 0.613503 0.171685
vt 0.586962 0.240833
vt 0.567241 0.319723
vt 0.555097 0.405324
vt 0.464600 0.590832
vt 0.451893 0.680186
vt 0.431258 0.762533
vt 0.403487 0.834713
vt 0.369649 0.893949
vt 0.331044 0.937966
vt 0.289154 0.965071
vt 0.245590 0.974223
vt 0.326852 0.916382
vt 0.363564 0.874524
vt 0.395743 0.818194
vt 0.422151 0.749554
vt 0.441774 0.671246
vt 0.453858 0.586274
vt 0.457938 0.497907
vt 0.453858 0.409540
vt 0.441774 0.324569
vt 0.422151 0.246260
vt 0.395743 0.177621
vt 0.363564 0.121290
vt 0.326852 0.079433
vt 0.287017 0.053657
vt 0.289154 0.030744
vt 0.331044 0.057849
vt 0.369649 0.101865
vt 0.403487 0.161102
vt 0.431258 0.233281
vt 0.451893 0.315629
vt 0.464600 0.404983
vt 0.468891 0.497907
vt 0.287017 0.053657
vt 0.326852 0.079433
vt 0.363564 0.121290
vt 0.395743 0.177621
vt 0.422151 0.246260
vt 0.441774 0.324569
vt 0.453858 0.409540
vt 0.457938 0.497907
vt 0.453858 0.586274
vt 0.441774 0.671246
vt 0.422151 0.749554
vt 0.395743 0.818194
vt 0.363564 0.874524
vt 0.326852 0.916382
vt 0.287017 0.942158
vt 0.245590 0.950861
vt 0.204163 0.942158
vt 0.164328 0.916382
vt 0.127616 0.874524
vt 0.095438 0.818193
vt 0.069029 0.749554
vt 0.049406 0.671245
vt 0.037322 0.586274
vt 0.033242 0.497907
vt 0.037322 0.409540
vt 0.049406 0.324569
vt 0.069029 0.246260
vt 0.095438 0.177621
vt 0.127616 0.121290
vt 0.164328 0.079433
vt 0.204163 0.053657
vt 0.245590 0.044953
vt 0.613503 0.817008
vt 0.586963 0.747860
vt 0.567241 0.668970
vt 0.555097 0.583369
vt 0.550996 0.494346
vt 0.555097 0.405324
vt 0.567241 0.319723
vt 0.586962 0.240833
vt 0.613503 0.171685
vt 0.645843 0.114936
vt 0.682738 0.072768
vt 0.722773 0.046801
vt 0.764408 0.038033
vt 0.806042 0.046801
vt 0.846077 0.072768
vt 0.882972 0.114936
vt 0.915312 0.171685
vt 0.941852 0.240833
vt 0.961574 0.319723
vt 0.973718 0.405324
vt 0.977819 0.494346
vt 0.973718 0.583369
vt 0.961574 0.668970
vt 0.941852 0.747860
vt 0.915312 0.817008
vt 0.882972 0.873757
vt 0.846077 0.915925
vt 0.806042 0.941892
vt 0.764408 0.950660
vt 0.722773 0.941892
vt 0.682738 0.915925
vt 0.645843 0.873757
vn 0.000000 -1.000000 0.000000
vn 0.000000 -1.000000 0.000000
vn 0.000000 -1.000000 0.000000
vn 0.000000 -1.000000 0.000000
vn 0.000000 -1.000000 0.000000
vn 0.000000 -1.000000 0.000000
vn 0.000000 -1.000000 0.000000
vn 0.000000 -1.000000 0.000000
vn 0.000000 -1.000000 0.000000
vn 0.000000 -1.000000 0.000000
vn 0.000000 -1.000000 0.000000
vn 0.000000 -1.000000 0.000000
vn 0.000000 -1.000000 0.000000
vn 0.000000 -1.000000 0.000000
vn 0.000000 -1.000000 0.000000
vn 0.000000 -1.000000 0.000000
vn 0.000000 -1.000000 0.000000
vn 0.000000 -1.000000 0.000000
vn 0.000000 -1.000000 0.000000
vn 0.000000 -1.000000 0.000000
vn 0.000000 -1.000000 0.000000
vn 0.000000 -1.000000 0.000000
vn 0.000000 -1.000000 0.000000
vn 0.000000 -1.000000 0.000000
vn 0.000000 -1.000000 0.000000
vn 0.000000 -1.000000 0.000000
vn 0.000000 -1.000000 0.000000
vn 0.000000 -1.000000 0.000000
vn 0.000000 -1.000000 0.000000
vn 0.000000 -1.000000 0.000000
vn 0.000000 -1.000000 0.000000
vn 0.000000 -1.000000 0.000000
vn 0.000000 1.000000 0.000000
vn 0.000000 1.000000 0.000000
vn 0.000000 1.000000 0.000000
vn 0.000000 1.000000 0.000000
vn 0.000000 1.000000 0.000000
vn 0.000000 1.000000 0.000000
vn 0.000000 1.000000 0.000000
vn 0.000000 1.000000 0.000000
vn 0.000000 1.000000 0.000000
vn 0.000000 1.000000 0.000000
vn 0.000000 1.000000 0.000000
vn 0.000000 1.000000 0.000000
vn 0.000000 1.000000 0.000000
vn 0.000000 1.000000 0.000000
vn 0.000000 1.000000 0.000000
vn 0.000000 1.000000 0.000000
vn 0.000000 1.000000 0.000000
vn 0.000000 1.000000 0.000000
vn 0.000000 1.000000 0.000000
vn 0.000000 1.000000 0.000000
vn 0.000000 1.000000 0.000000
vn 0.000000 1.000000 0.000000
vn 0.000000 1.000000 0.000000
vn 0.000000 1.000000 0.000000
vn 0.000000 1.000000 0.000000
vn 0.000000 1.000000 0.000000
vn 0.000000 1.000000 0.000000
vn 0.000000 1.000000 0.000000
vn 0.000000 1.000000 0.000000
vn 0.000000 1.000000 0.000000
vn 0.000000 1.000000 0.000000
vn 0.000000 1.000000 0.000000
vn -0.773010 0.000000 -0.634394
vn -0.773010 0.000000 -0.634394
vn -0.773010 0.000000 -0.634394
vn -0.773010 0.000000 -0.634394
vn -0.634393 0.000000 -0.773010
vn -0.634393 0.000000 -0.773010
vn -0.634393 0.000000 -0.773010
vn -0.634393 0.000000 -0.773010
vn -0.881918 0.000000 -0.471403
vn -0.881918 0.000000 -0.471403
vn -0.881918 0.000000 -0.471403
vn -0.881918 0.000000 -0.471403
vn -0.471403 0.000000 -0.881918
vn -0.471403 0.000000 -0.881918
vn -0.471403 0.000000 -0.881918
vn -0.471403 0.000000 -0.881918
vn -0.956941 0.000000 -0.290282
vn -0.956941 0.000000 -0.290282
vn -0.956941 0.000000 -0.290282
vn -0.956941 0.000000 -0.290282
vn -0.290282 0.000000 -0.956941
vn -0.290282 0.000000 -0.956941
vn -0.290282 0.000000 -0.956941
vn -0.290282 0.000000 -0.956941
vn -0.995184 0.000000 -0.098022
vn -0.995184 0.000000 -0.098022
vn -0.995184 0.000000 -0.098022
vn -0.995184 0.000000 -0.098022
vn -0.098022 0.000000 -0.995184
vn -0.098022 0.000000 -0.995184
vn -0.098022 0.000000 -0.995184
vn -0.098022 0.000000 -0.995184
vn -0.995184 0.000000 0.098022
vn -0.995184 0.000000 0.098022
vn -0.995184 0.000000 0.098022
vn -0.995184 0.000000 0.098022
vn 0.098022 0.000000 -0.995184
vn 0.098022 0.000000 -0.995184
vn 0.098022 0.000000 -0.995184
vn 0.098022 0.000000 -0.995184
vn -0.956941 0.000000 0.290282
vn -0.956941 0.000000 0.290282
vn -0.956941 0.000000 0.290282
vn -0.956941 0.000000 0.290282
vn 0.290282 0.000000 -0.956941
vn 0.290282 0.000000 -0.956941
vn 0.290282 0.000000 -0.956941
vn 0.290282 0.000000 -0.956941
vn 0.471403 0.000000 -0.881918
vn 0.471403 0.000000 -0.881918
vn 0.471403 0.000000 -0.881918
vn 0.471403 0.000000 -0.881918
vn -0.881918 0.000000 0.471403
vn -0.881918 0.000000 0.471403
vn -0.881918 0.000000 0.471403
vn -0.881918 0.000000 0.471403
vn 0.634393 0.000000 -0.773010
vn 0.634393 0.000000 -0.773010
vn 0.634393 0.000000 -0.773010
vn 0.634393 0.000000 -0.773010
vn -0.773010 0.000000 0.634394
vn -0.773010 0.000000 0.634394
vn -0.773010 0.000000 0.634394
vn -0.773010 0.000000 0.634394
vn 0.773010 0.000000 -0.634394
vn 0.773010 0.000000 -0.634394
vn 0.773010 0.000000 -0.634394
vn 0.773010 0.000000 -0.634394
vn -0.634394 0.000000 0.773010
vn -0.634394 0.000000 0.773010
vn -0.634394 0.000000 0.773010
vn -0.634394 0.000000 0.773010
vn 0.881918 0.000000 -0.471403
vn 0.881918 0.000000 -0.471403
vn 0.881918 0.000000 -0.471403
vn 0.881918 0.000000 -0.471403
vn -0.471402 0.000000 0.881919
vn -0.471402 0.000000 0.881919
vn -0.471402 0.000000 0.881919
vn -0.471402 0.000000 0.881919
vn 0.956941 0.000000 -0.290282
vn 0.956941 0.000000 -0.290282
vn 0.956941 0.000000 -0.290282
vn 0.956941 0.000000 -0.290282
vn -0.290284 0.000000 0.956941
vn -0.290284 0.000000 0.956941
vn -0.290284 0.000000 0.956941
vn -0.290284 0.000000 0.956941
vn -0.098021 0.000000 0.995184
vn -0.098021 0.000000 0.995184
vn -0.098021 0.000000 0.995184
vn -0.098021 0.000000 0.995184
vn 0.995184 0.000000 -0.098022
vn 0.995184 0.000000 -0.098022
vn 0.995184 0.000000 -0.098022
vn 0.995184 0.000000 -0.098022
vn 0.098021 0.000000 0.995184
vn 0.098021 0.000000 0.995184
vn 0.098021 0.000000 0.995184
vn 0.098021 0.000000 0.995184
vn 0.995184 0.000000 0.098022
vn 0.995184 0.000000 0.098022
vn 0.995184 0.000000 0.098022
vn 0.995184 0.000000 0.098022
vn 0.956941 0.000000 0.290282
vn 0.956941 0.000000 0.290282
vn 0.956941 0.000000 0.290282
vn 0.956941 0.000000 0.290282
vn 0.290284 0.000000 0.956941
vn 0.290284 0.000000 0.956941
vn 0.290284 0.000000 0.956941
vn 0.290284 0.000000 0.956941
vn 0.471402 0.000000 0.881919
vn 0.471402 0.000000 0.881919
vn 0.471402 0.000000 0.881919
vn 0.471402 0.000000 0.881919
vn 0.881918 0.000000 0.471403
vn 0.881918 0.000000 0.471403
vn 0.881918 0.000000 0.471403
vn 0.881918 0.000000 0.471403
vn 0.634394 0.000000 0.773010
vn 0.634394 0.000000 0.773010
vn 0.634394 0.000000 0.773010
vn 0.634394 0.000000 0.773010
vn 0.773010 0.000000 0.634394
vn 0.773010 0.000000 0.634394
vn 0.773010 0.000000 0.634394
vn 0.773010 0.000000 0.634394
vn 0.000000 -1.000000 0.000000
vn 0.000000 -1.000000 0.000000
vn 0.000000 -1.000000 0.000000
vn 0.000000 -1.000000 0.000000
vn 0.000000 -1.000000 0.000000
vn 0.000000 -1.000000 0.000000
vn 0.000000 -1.000000 0.000000
vn 0.000000 -1.000000 0.000000
vn 0.000000 -1.000000 0.000000
vn 0.000000 -1.000000 0.000000
vn 0.000000 -1.000000 0.000000
vn 0.000000 -1.000000 0.000000
vn 0.000000 -1.000000 0.000000
vn 0.000000 -1.000000 0.000000
vn 0.000000 -1.000000 0.000000
vn 0.000000 -1.000000 0.000000
vn 0.000000 -1.000000 0.000000
vn 0.000000 -1.000000 0.000000
vn 0.000000 -1.000000 0.000000
vn 0.000000 -1.000000 0.000000
vn 0.000000 -1.000000 0.000000
vn 0.000000 -1.000000 0.000000
vn 0.000000 -1.000000 0.000000
vn 0.000000 -1.000000 0.000000
vn 0.000000 -1.000000 0.000000
vn 0.000000 -1.000000 0.000000
vn 0.000000 -1.000000 0.000000
vn 0.000000 -1.000000 0.000000
vn 0.000000 -1.000000 0.000000
vn 0.000000 -1.000000 0.000000
vn 0.000000 -1.000000 0.000000
vn 0.000000 -1.000000 0.000000
vn 0.000000 -1.000000 0.000000
vn 0.000000 -1.000000 0.000000
vn 0.000000 1.000000 0.000000
vn 0.000000 1.000000 0.000000
vn 0.000000 1.000000 0.000000
vn 0.000000 1.000000 0.000000
vn 0.000000 1.000000 0.000000
vn 0.000000 1.000000 0.000000
vn 0.000000 1.000000 0.000000
vn 0.000000 1.000000 0.000000
vn 0.000000 1.000000 0.000000
vn 0.000000 1.000000 0.000000
vn 0.000000 1.000000 0.000000
vn 0.000000 1.000000 0.000000
vn 0.000000 1.000000 0.000000
vn 0.000000 1.000000 0.000000
vn 0.000000 1.000000 0.000000
vn 0.000000 1.000000 0.000000
vn 0.000000 1.000000 0.000000
vn 0.000000 1.000000 0.000000
vn 0.000000 1.000000 0.000000
vn 0.000000 1.000000 0.000000
vn 0.000000 1.000000 0.000000
vn 0.000000 1.000000 0.000000
vn 0.000000 1.000000 0.000000
vn 0.000000 1.000000 0.000000
vn 0.000000 1.000000 0.000000
vn 0.000000 1.000000 0.000000
vn 0.000000 1.000000 0.000000
vn 0.000000 1.000000 0.000000
vn 0.000000 1.000000 0.000000
vn 0.000000 1.000000 0.000000
vn 0.000000 1.000000 0.000000
vn 0.000000 1.000000 0.000000
vn 0.000000 1.000000 0.000000
vn 0.000000 1.000000 0.000000
vn 0.000000 1.000000 0.000000
vn 0.000000 1.000000 0.000000
vn 0.000000 1.000000 0.000000
vn 0.000000 1.000000 0.000000
vn 0.000000 1.000000 0.000000
vn 0.000000 1.000000 0.000000
vn 0.000000 1.000000 0.000000
vn 0.000000 1.000000 0.000000
vn 0.000000 1.000000 0.000000
vn 0.000000 1.000000 0.000000
vn 0.000000 1.000000 0.000000
vn 0.000000 1.000000 0.000000
vn 0.000000 1.000000 0.000000
vn 0.000000 1.000000 0.000000
vn 0.000000 1.000000 0.000000
vn 0.000000 1.000000 0.000000
vn 0.000000 1.000000 0.000000
vn 0.000000 1.000000 0.000000
vn 0.000000 1.000000 0.000000
vn 0.000000 1.000000 0.000000
vn 0.000000 1.000000 0.000000
vn 0.000000 1.000000 0.000000
vn 0.000000 1.000000 0.000000
vn 0.000000 1.000000 0.000000
vn 0.000000 1.000000 0.000000
vn 0.000000 1.000000 0.000000
vn 0.000000 1.000000 0.000000
vn 0.000000 1.000000 0.000000
vn 0.000000 1.000000 0.000000
vn 0.000000 1.000000 0.000000
vn 0.000000 -1.000000 0.000000
vn 0.000000 -1.000000 0.000000
vn 0.000000 -1.000000 0.000000
vn 0.000000 -1.000000 0.000000
vn 0.000000 -1.000000 0.000000
vn 0.000000 -1.000000 0.000000
vn 0.000000 -1.000000 0.000000
vn 0.000000 -1.000000 0.000000
vn 0.000000 -1.000000 0.000000
vn 0.000000 -1.000000 0.000000
vn 0.000000 -1.000000 0.000000
vn 0.000000 -1.000000 0.000000
vn 0.000000 -1.000000 0.000000
vn 0.000000 -1.000000 0.000000
vn 0.000000 -1.000000 0.000000
vn 0.000000 -1.000000 0.000000
vn 0.000000 -1.000000 0.000000
vn 0.000000 -1.000000 0.000000
vn 0.000000 -1.000000 0.000000
vn 0.000000 -1.000000 0.000000
vn 0.000000 -1.000000 0.000000
vn 0.000000 -1.000000 0.000000
vn 0.000000 -1.000000 0.000000
vn 0.000000 -1.000000 0.000000
vn 0.000000 -1.000000 0.000000
vn 0.000000 -1.000000 0.000000
vn 0.000000 -1.000000 0.000000
vn 0.000000 -1.000000 0.000000
vn 0.000000 -1.000000 0.000000
vn 0.000000 -1.000000 0.000000
vn 0.000000 -1.000000 0.000000
vn 0.000000 -1.000000 0.000000
vn 0.000000 -1.000000 0.000000
vn 0.000000 -1.000000 0.000000
vn 0.000000 -1.000000 0.000000
vn 0.000000 -1.000000 0.000000
vn 0.000000 -1.000000 0.000000
vn 0.000000 -1.000000 0.000000
vn 0.000000 -1.000000 0.000000
vn 0.000000 -1.000000 0.000000
vn 0.000000 -1.000000 0.000000
vn 0.000000 -1.000000 0.000000
vn 0.000000 -1.000000 0.000000
vn 0.000000 -1.000000 0.000000
vn 0.000000 -1.000000 0.000000
vn 0.000000 -1.000000 0.000000
vn 0.000000 -1.000000 0.000000
vn 0.000000 -1.000000 0.000000
vn 0.000000 -1.000000 0.000000
vn 0.000000 -1.000000 0.000000
vn 0.000000 -1.000000 0.000000
vn 0.000000 -1.000000 0.000000
vn 0.000000 -1.000000 0.000000
vn 0.000000 -1.000000 0.000000
vn 0.000000 -1.000000 0.000000
vn 0.000000 -1.000000 0.000000
vn 0.000000 -1.000000 0.000000
vn 0.000000 -1.000000 0.000000
vn 0.000000 -1.000000 0.000000
vn 0.000000 -1.000000 0.000000
vn 0.000000 -1.000000 0.000000
vn 0.000000 -1.000000 0.000000
vn 0.000000 -1.000000 0.000000
vn 0.000000 -1.000000 0.000000
vn 0.000000 -1.000000 0.000000
vn 0.000000 -1.000000 0.000000
vn 0.000000 -1.000000 0.000000
vn 0.000000 -1.000000 0.000000
vn 0.000000 -1.000000 0.000000
vn 0.000000 -1.000000 0.000000
vn 0.000000 -1.000000 0.000000
vn 0.000000 -1.000000 0.000000
vn 0.000000 -1.000000 0.000000
vn 0.000000 -1.000000 0.000000
vn 0.000000 -1.000000 0.000000
vn 0.000000 -1.000000 0.000000
vn 0.000000 -1.000000 0.000000
vn 0.000000 -1.000000 0.000000
vn 0.000000 -1.000000 0.000000
vn 0.000000 -1.000000 0.000000
vn 0.000000 -1.000000 0.000000
vn 0.000000 -1.000000 0.000000
vn 0.000000 -1.000000 0.000000
vn 0.000000 -1.000000 0.000000
vn 0.000000 -1.000000 0.000000
vn 0.000000 -1.000000 0.000000
vn 0.000000 -1.000000 0.000000
vn 0.000000 -1.000000 0.000000
vn 0.000000 -1.000000 0.000000
vn 0.000000 -1.000000 0.000000
vn 0.000000 -1.000000 0.000000
vn 0.000000 -1.000000 0.000000
vn 0.000000 -1.000000 0.000000
vn 0.000000 -1.000000 0.000000
vn 0.000000 1.000000 0.000000
vn 0.000000 1.000000 0.000000
vn 0.000000 1.000000 0.000000
vn 0.000000 1.000000 0.000000
vn 0.000000 1.000000 0.000000
vn 0.000000 1.000000 0.000000
vn 0.000000 1.000000 0.000000
vn 0.000000 1.000000 0.000000
vn 0.000000 1.000000 0.000000
vn 0.000000 1.000000 0.000000
vn 0.000000 1.000000 0.000000
vn 0.000000 1.000000 0.000000
vn 0.000000 1.000000 0.000000
vn 0.000000 1.000000 0.000000
vn 0.000000 1.000000 0.000000
vn 0.000000 1.000000 0.000000
vn 0.000000 1.000000 0.000000
vn 0.000000 1.000000 0.000000
vn 0.000000 1.000000 0.000000
vn 0.000000 1.000000 0.000000
vn 0.000000 1.000000 0.000000
vn 0.000000 1.000000 0.000000
vn 0.000000 1.000000 0.000000
vn 0.000000 1.000000 0.000000
vn 0.000000 1.000000 0.000000
vn 0.000000 1.000000 0.000000
vn 0.000000 1.000000 0.000000
vn 0.000000 1.000000 0.000000
vn 0.000000 1.000000 0.000000
vn 0.000000 1.000000 0.000000
vn 0.000000 1.000000 0.000000
vn 0.000000 1.000000 0.000000
vn 0.000000 1.000000 0.000000
vn 0.000000 1.000000 0.000000
vn 0.000000 1.000000 0.000000
vn 0.000000 1.000000 0.000000
vn 0.000000 1.000000 0.000000
vn 0.000000 1.000000 0.000000
vn 0.000000 1.000000 0.000000
vn 0.000000 1.000000 0.000000
vn 0.000000 1.000000 0.000000
vn 0.000000 1.000000 0.000000
vn 0.000000 1.000000 0.000000
vn 0.000000 1.000000 0.000000
vn 0.000000 1.000000 0.000000
vn 0.000000 1.000000 0.000000
vn 0.000000 1.000000 0.000000
vn 0.000000 1.000000 0.000000
vn 0.000000 1.000000 0.000000
vn 0.000000 1.000000 0.000000
vn 0.000000 1.000000 0.000000
vn 0.000000 1.000000 0.000000
vn 0.000000 1.000000 0.000000
vn 0.000000 1.000000 0.000000
vn 0.000000 1.000000 0.000000
vn 0.000000 1.000000 0.000000
vn 0.000000 1.000000 0.000000
vn 0.000000 1.000000 0.000000
vn 0.000000 1.000000 0.000000
vn 0.000000 1.000000 0.000000
vn 0.000000 1.000000 0.000000
vn 0.000000 1.000000 0.000000
vn 0.000000 1.000000 0.000000
vn 0.000000 1.000000 0.000000
s off
g Us_Coins_MD FiveCent
usemtl FiveCentSG
f 642/1231/1409 641/1232/1410 643/1233/1411 644/1234/1412 645/1235/1413 646/1236/1414 647/1237/1415 648/1238/1416 649/1239/1417 650/1240/1418 651/1241/1419 652/1242/1420 653/1243/1421 654/1244/1422 655/1245/1423 656/1246/1424 657/1247/1425 658/1248/1426 659/1249/1427 660/1250/1428 661/1251/1429 662/1252/1430 663/1253/1431 664/1254/1432 665/1255/1433 666/1256/1434 667/1257/1435 668/1258/1436 669/1259/1437 670/1260/1438 671/1261/1439 672/1262/1440
f 674/1263/1441 673/1264/1442 675/1265/1443 676/1266/1444 677/1267/1445 678/1268/1446 679/1269/1447 680/1270/1448 681/1271/1449 682/1272/1450 683/1273/1451 684/1274/1452 685/1275/1453 686/1276/1454 687/1277/1455 688/1278/1456 689/1279/1457 690/1280/1458 691/1281/1459 692/1282/1460 693/1283/1461 694/1284/1462 695/1285/1463 696/1286/1464 697/1287/1465 698/1288/1466 699/1289/1467 700/1290/1468 701/1291/1469 702/1292/1470 703/1293/1471 704/1294/1472
f 577/1037/1473 578/1038/1474 579/1039/1475 580/1040/1476
f 581/1041/1477 577/1037/1478 580/1040/1479 582/1042/1480
f 578/1038/1481 583/1043/1482 584/1044/1483 579/1039/1484
f 585/1045/1485 581/1041/1486 582/1042/1487 586/1046/1488
f 583/1043/1489 587/1047/1490 588/1048/1491 584/1044/1492
f 589/1049/1493 585/1045/1494 586/1046/1495 590/1050/1496
f 587/1047/1497 591/1051/1498 592/1052/1499 588/1048/1500
f 593/1053/1501 589/1049/1502 590/1050/1503 594/1054/1504
f 591/1051/1505 595/1055/1506 596/1056/1507 592/1052/1508
f 597/1057/1509 598/1058/1510 593/1053/1511 594/1054/1512
f 595/1055/1513 599/1059/1514 600/1060/1515 596/1056/1516
f 601/1061/1517 602/1062/1518 598/1058/1519 597/1057/1520
f 603/1063/1521 604/1064/1522 602/1062/1523 601/1061/1524
f 599/1059/1525 605/1065/1526 606/1066/1527 600/1060/1528
f 607/1067/1529 608/1068/1530 604/1064/1531 603/1063/1532
f 605/1065/1533 609/1069/1534 610/1070/1535 606/1066/1536
f 611/1071/1537 612/1072/1538 608/1068/1539 607/1067/1540
f 609/1069/1541 613/1073/1542 614/1074/1543 610/1070/1544
f 615/1075/1545 616/1076/1546 612/1072/1547 611/1071/1548
f 613/1073/1549 617/1077/1550 618/1078/1551 614/1074/1552
f 619/1079/1553 620/1080/1554 616/1076/1555 615/1075/1556
f 617/1077/1557 621/1081/1558 622/1082/1559 618/1078/1560
f 621/1081/1561 623/1083/1562 624/1084/1563 622/1082/1564
f 625/1085/1565 626/1086/1566 620/1080/1567 619/1079/1568
f 624/1087/1569 623/1088/1570 627/1089/1571 628/1090/1572
f 629/1091/1573 630/1092/1574 626/1086/1575 625/1085/1576
f 631/1093/1577 632/1094/1578 630/1092/1579 629/1091/1580
f 628/1090/1581 627/1089/1582 633/1095/1583 634/1096/1584
f 634/1096/1585 633/1095/1586 635/1097/1587 636/1098/1588
f 637/1099/1589 638/1100/1590 632/1094/1591 631/1093/1592
f 636/1098/1593 635/1097/1594 639/1101/1595 640/1102/1596
f 640/1102/1597 639/1101/1598 638/1100/1599 637/1099/1600
s 1
f 561/1135/1601 623/1208/1602 621/1103/1603 557/1134/1604
f 557/1134/1604 621/1103/1603 617/1104/1605 553/1133/1606
f 553/1133/1606 617/1104/1605 613/1105/1607 549/1132/1608
f 549/1132/1608 613/1105/1607 609/1106/1609 545/1131/1610
f 545/1131/1610 609/1106/1609 605/1107/1611 541/1130/1612
f 541/1130/1612 605/1107/1611 599/1108/1613 537/1129/1614
f 537/1129/1614 599/1108/1613 595/1109/1615 533/1128/1616
f 533/1128/1616 595/1109/1615 591/1110/1617 529/1127/1618
f 529/1127/1618 591/1110/1617 587/1111/1619 523/1126/1620
f 523/1126/1620 587/1111/1619 583/1112/1621 519/1125/1622
f 519/1125/1622 583/1112/1621 578/1113/1623 513/1124/1624
f 513/1124/1624 578/1113/1623 577/1114/1625 516/1123/1626
f 516/1123/1626 577/1114/1625 581/1115/1627 518/1122/1628
f 518/1122/1628 581/1115/1627 585/1116/1629 522/1121/1630
f 522/1121/1630 585/1116/1629 589/1117/1631 526/1120/1632
f 526/1120/1632 589/1117/1631 593/1118/1633 528/1119/1634
s 2
f 629/1137/1635 625/1138/1636 559/1171/1637 563/1186/1638
f 559/1171/1637 625/1138/1636 619/1139/1639 555/1170/1640
f 551/1169/1641 555/1170/1640 619/1139/1639 615/1140/1642
f 547/1168/1643 551/1169/1641 615/1140/1642 611/1141/1644
f 547/1168/1643 611/1141/1644 607/1142/1645 543/1167/1646
f 543/1167/1646 607/1142/1645 603/1143/1647 539/1166/1648
f 539/1166/1648 603/1143/1647 601/1144/1649 535/1165/1650
f 535/1165/1650 601/1144/1649 597/1145/1651 531/1164/1652
f 531/1164/1652 597/1145/1651 594/1146/1653 527/1163/1654
f 527/1163/1654 594/1146/1653 590/1147/1655 525/1162/1656
f 525/1162/1656 590/1147/1655 586/1148/1657 521/1161/1658
f 521/1161/1658 586/1148/1657 582/1149/1659 517/1160/1660
f 517/1160/1660 582/1149/1659 580/1150/1661 515/1159/1662
f 515/1159/1662 580/1150/1661 579/1151/1663 514/1158/1664
f 514/1158/1664 579/1151/1663 584/1152/1665 520/1157/1666
f 520/1157/1666 584/1152/1665 588/1153/1667 524/1156/1668
f 524/1156/1668 588/1153/1667 592/1154/1669 530/1155/1670
f 631/1185/1671 629/1137/1635 563/1186/1638 569/1187/1672
f 637/1184/1673 631/1185/1671 569/1187/1672 573/1188/1674
f 640/1183/1675 637/1184/1673 573/1188/1674 575/1189/1676
f 636/1182/1677 640/1183/1675 575/1189/1676 572/1190/1678
f 634/1181/1679 636/1182/1677 572/1190/1678 568/1191/1680
f 628/1180/1681 634/1181/1679 568/1191/1680 566/1192/1682
f 624/1179/1683 628/1180/1681 566/1192/1682 562/1193/1684
f 622/1178/1685 624/1179/1683 562/1193/1684 558/1194/1686
f 618/1177/1687 622/1178/1685 558/1194/1686 554/1195/1688
f 614/1176/1689 618/1177/1687 554/1195/1688 550/1196/1690
f 610/1175/1691 614/1176/1689 550/1196/1690 546/1197/1692
f 606/1174/1693 610/1175/1691 546/1197/1692 542/1198/1694
f 600/1173/1695 606/1174/1693 542/1198/1694 538/1199/1696
f 596/1172/1697 600/1173/1695 538/1199/1696 534/1200/1698
f 592/1154/1669 596/1172/1697 534/1200/1698 530/1155/1670
s 1
f 633/1206/1699 627/1207/1700 565/1136/1701 567/1209/1702
f 635/1205/1703 633/1206/1699 567/1209/1702 571/1210/1704
f 639/1204/1705 635/1205/1703 571/1210/1704 576/1211/1706
f 638/1203/1707 639/1204/1705 576/1211/1706 574/1212/1708
f 632/1202/1709 638/1203/1707 574/1212/1708 570/1213/1710
f 630/1201/1711 632/1202/1709 570/1213/1710 564/1214/1712
f 626/1230/1713 630/1201/1711 564/1214/1712 560/1215/1714
f 528/1119/1634 593/1118/1633 598/1223/1715 532/1222/1716
f 532/1222/1716 598/1223/1715 602/1224/1717 536/1221/1718
f 536/1221/1718 602/1224/1717 604/1225/1719 540/1220/1720
f 540/1220/1720 604/1225/1719 608/1226/1721 544/1219/1722
f 544/1219/1722 608/1226/1721 612/1227/1723 548/1218/1724
f 552/1217/1725 548/1218/1724 612/1227/1723 616/1228/1726
f 556/1216/1727 552/1217/1725 616/1228/1726 620/1229/1728
f 556/1216/1727 620/1229/1728 626/1230/1713 560/1215/1714
f 623/1208/1602 561/1135/1601 565/1136/1701 627/1207/1700
s 3
f 532/973/1729 536/974/1730 641/1232/1731 642/1231/1732
f 536/974/1730 540/975/1733 643/1233/1734 641/1232/1731
f 540/975/1733 544/976/1735 644/1234/1736 643/1233/1734
f 544/976/1735 548/977/1737 645/1235/1738 644/1234/1736
f 548/977/1737 552/978/1739 646/1236/1740 645/1235/1738
f 552/978/1739 556/979/1741 647/1237/1742 646/1236/1740
f 556/979/1741 560/980/1743 648/1238/1744 647/1237/1742
f 560/980/1743 564/981/1745 649/1239/1746 648/1238/1744
f 564/981/1745 570/982/1747 650/1240/1748 649/1239/1746
f 570/982/1747 574/983/1749 651/1241/1750 650/1240/1748
f 574/983/1749 576/984/1751 652/1242/1752 651/1241/1750
f 576/984/1751 571/985/1753 653/1243/1754 652/1242/1752
f 571/985/1753 567/986/1755 654/1244/1756 653/1243/1754
f 567/986/1755 565/987/1757 655/1245/1758 654/1244/1756
f 565/987/1757 561/988/1759 656/1246/1760 655/1245/1758
f 561/988/1759 557/989/1761 657/1247/1762 656/1246/1760
f 557/989/1761 553/990/1763 658/1248/1764 657/1247/1762
f 553/990/1763 549/991/1765 659/1249/1766 658/1248/1764
f 549/991/1765 545/992/1767 660/1250/1768 659/1249/1766
f 545/992/1767 541/993/1769 661/1251/1770 660/1250/1768
f 541/993/1769 537/994/1771 662/1252/1772 661/1251/1770
f 537/994/1771 533/995/1773 663/1253/1774 662/1252/1772
f 533/995/1773 529/996/1775 664/1254/1776 663/1253/1774
f 529/996/1775 523/997/1777 665/1255/1778 664/1254/1776
f 523/997/1777 519/998/1779 666/1256/1780 665/1255/1778
f 519/998/1779 513/999/1781 667/1257/1782 666/1256/1780
f 513/999/1781 516/1000/1783 668/1258/1784 667/1257/1782
f 516/1000/1783 518/1001/1785 669/1259/1786 668/1258/1784
f 518/1001/1785 522/1002/1787 670/1260/1788 669/1259/1786
f 522/1002/1787 526/1003/1789 671/1261/1790 670/1260/1788
f 526/1003/1789 528/1004/1791 672/1262/1792 671/1261/1790
f 528/1004/1791 532/973/1729 642/1231/1732 672/1262/1792
s 4
f 515/1005/1793 514/1006/1794 673/1264/1795 674/1263/1796
f 514/1006/1794 520/1007/1797 675/1265/1798 673/1264/1795
f 520/1007/1797 524/1008/1799 676/1266/1800 675/1265/1798
f 524/1008/1799 530/1009/1801 677/1267/1802 676/1266/1800
f 530/1009/1801 534/1010/1803 678/1268/1804 677/1267/1802
f 534/1010/1803 538/1011/1805 679/1269/1806 678/1268/1804
f 538/1011/1805 542/1012/1807 680/1270/1808 679/1269/1806
f 542/1012/1807 546/1013/1809 681/1271/1810 680/1270/1808
f 546/1013/1809 550/1014/1811 682/1272/1812 681/1271/1810
f 550/1014/1811 554/1015/1813 683/1273/1814 682/1272/1812
f 554/1015/1813 558/1016/1815 684/1274/1816 683/1273/1814
f 558/1016/1815 562/1017/1817 685/1275/1818 684/1274/1816
f 562/1017/1817 566/1018/1819 686/1276/1820 685/1275/1818
f 566/1018/1819 568/1019/1821 687/1277/1822 686/1276/1820
f 568/1019/1821 572/1020/1823 688/1278/1824 687/1277/1822
f 572/1020/1823 575/1021/1825 689/1279/1826 688/1278/1824
f 575/1021/1825 573/1022/1827 690/1280/1828 689/1279/1826
f 573/1022/1827 569/1023/1829 691/1281/1830 690/1280/1828
f 569/1023/1829 563/1024/1831 692/1282/1832 691/1281/1830
f 563/1024/1831 559/1025/1833 693/1283/1834 692/1282/1832
f 559/1025/1833 555/1026/1835 694/1284/1836 693/1283/1834
f 555/1026/1835 551/1027/1837 695/1285/1838 694/1284/1836
f 551/1027/1837 547/1028/1839 696/1286/1840 695/1285/1838
f 547/1028/1839 543/1029/1841 697/1287/1842 696/1286/1840
f 543/1029/1841 539/1030/1843 698/1288/1844 697/1287/1842
f 539/1030/1843 535/1031/1845 699/1289/1846 698/1288/1844
f 535/1031/1845 531/1032/1847 700/1290/1848 699/1289/1846
f 531/1032/1847 527/1033/1849 701/1291/1850 700/1290/1848
f 527/1033/1849 525/1034/1851 702/1292/1852 701/1291/1850
f 525/1034/1851 521/1035/1853 703/1293/1854 702/1292/1852
f 521/1035/1853 517/1036/1855 704/1294/1856 703/1293/1854
f 517/1036/1855 515/1005/1793 674/1263/1796 704/1294/1856
g default
v 4.261094 -0.039900 8.894147
v 4.059550 -0.039900 9.059549
v 4.059550 0.039900 9.059549
v 4.261094 0.039900 8.894147
v 3.894147 -0.039900 9.261094
v 3.894147 0.039900 9.261094
v 3.771241 -0.039900 9.491031
v 3.771241 0.039900 9.491031
v 4.491031 -0.039900 8.771241
v 4.491031 0.039900 8.771241
v 4.128964 -0.039900 9.128964
v 4.315632 -0.039900 8.975769
v 4.315632 0.039900 8.975769
v 4.128964 0.039900 9.128964
v 3.975770 -0.039900 9.315632
v 3.975770 0.039900 9.315632
v 4.528598 -0.039900 8.861936
v 4.528598 0.039900 8.861936
v 3.861935 -0.039900 9.528598
v 3.861935 0.039900 9.528598
v 4.740530 -0.039900 8.695557
v 4.740530 0.039900 8.695557
v 3.695557 -0.039900 9.740530
v 3.695557 0.039900 9.740530
v 4.759681 -0.039900 8.791837
v 4.759681 0.039900 8.791837
v 3.791838 -0.039900 9.759681
v 3.791838 0.039900 9.759681
v 5.000000 -0.039900 8.670000
v 5.000000 0.039900 8.670000
v 3.670000 -0.039900 10.000000
v 3.670000 0.039900 10.000000
v 5.000000 -0.039900 8.768167
v 5.000000 0.039900 8.768167
v 3.768167 -0.039900 10.000000
v 3.768167 0.039900 10.000000
v 3.695557 -0.039900 10.259470
v 3.695557 0.039900 10.259470
v 5.259470 0.039900 8.695557
v 5.259470 -0.039900 8.695557
v 3.791838 -0.039900 10.240318
v 3.791838 0.039900 10.240318
v 5.240319 0.039900 8.791837
v 5.240319 -0.039900 8.791837
v 3.771241 -0.039900 10.508968
v 3.771241 0.039900 10.508968
v 5.508969 0.039900 8.771241
v 5.508969 -0.039900 8.771241
v 3.861935 -0.039900 10.471402
v 3.861935 0.039900 10.471402
v 5.471402 0.039900 8.861936
v 5.471402 -0.039900 8.861936
v 3.894147 -0.039900 10.738906
v 3.894147 0.039900 10.738906
v 5.738906 0.039900 8.894147
v 5.738906 -0.039900 8.894147
v 3.975770 -0.039900 10.684367
v 3.975770 0.039900 10.684367
v 5.684368 0.039900 8.975769
v 5.684368 -0.039900 8.975769
v 5.940450 0.039900 9.059549
v 5.940450 -0.039900 9.059549
v 4.059550 -0.039900 10.940451
v 4.059550 0.039900 10.940451
v 5.871036 0.039900 9.128964
v 5.871036 -0.039900 9.128964
v 4.128964 -0.039900 10.871036
v 4.128964 0.039900 10.871036
v 6.024230 0.039900 9.315632
v 6.024230 -0.039900 9.315632
v 4.315632 -0.039900 11.024231
v 4.315632 0.039900 11.024231
v 6.105853 0.039900 9.261094
v 6.105853 -0.039900 9.261094
v 4.261094 -0.039900 11.105853
v 4.261094 0.039900 11.105853
v 6.138065 0.039900 9.528598
v 6.138065 -0.039900 9.528598
v 4.528598 -0.039900 11.138065
v 4.528598 0.039900 11.138065
v 6.228759 0.039900 9.491031
v 6.228759 -0.039900 9.491031
v 4.491031 -0.039900 11.228760
v 4.491031 0.039900 11.228760
v 6.208162 0.039900 9.759681
v 6.208162 -0.039900 9.759681
v 4.759681 -0.039900 11.208162
v 4.759681 0.039900 11.208162
v 6.304443 0.039900 9.740530
v 6.304443 -0.039900 9.740530
v 4.740530 -0.039900 11.304443
v 4.740530 0.039900 11.304443
v 6.231833 0.039900 10.000000
v 6.231833 -0.039900 10.000000
v 5.000000 -0.039900 11.231833
v 5.000000 0.039900 11.231833
v 5.000000 -0.039900 11.330000
v 5.000000 0.039900 11.330000
v 6.330000 0.039900 10.000000
v 6.330000 -0.039900 10.000000
v 6.208162 0.039900 10.240318
v 6.208162 -0.039900 10.240318
v 5.240319 0.039900 11.208162
v 5.240319 -0.039900 11.208162
v 6.304443 0.039900 10.259470
v 6.304443 -0.039900 10.259470
v 5.259470 -0.039900 11.304443
v 5.259470 0.039900 11.304443
v 6.138065 0.039900 10.471402
v 6.138065 -0.039900 10.471402
v 5.471402 0.039900 11.138065
v 5.471402 -0.039900 11.138065
v 6.228759 0.039900 10.508968
v 6.228759 -0.039900 10.508968
v 5.508969 -0.039900 11.228760
v 5.508969 0.039900 11.228760
v 6.024230 0.039900 10.684367
v 6.024230 -0.039900 10.684367
v 5.684368 0.039900 11.024231
v 5.684368 -0.039900 11.024231
v 5.871036 0.039900 10.871036
v 5.871036 -0.039900 10.871036
v 6.105853 0.039900 10.738906
v 6.105853 -0.039900 10.738906
v 5.738906 -0.039900 11.105853
v 5.738906 0.039900 11.105853
v 5.940450 0.039900 10.940451
v 5.940450 -0.039900 10.940451
v 5.000000 -0.029900 8.768167
v 5.240319 -0.029900 8.791837
v 5.471402 -0.029900 8.861936
v 5.684368 -0.029900 8.975769
v 5.871036 -0.029900 9.128964
v 6.024230 -0.029900 9.315632
v 6.138065 -0.029900 9.528598
v 6.208162 -0.029900 9.759681
v 6.231833 -0.029900 10.000000
v 6.208162 -0.029900 10.240318
v 6.138065 -0.029900 10.471402
v 6.024230 -0.029900 10.684367
v 5.871036 -0.029900 10.871036
v 5.684368 -0.029900 11.024231
v 5.471402 -0.029900 11.138065
v 5.240319 -0.029900 11.208162
v 5.000000 -0.029900 11.231833
v 4.759681 -0.029900 11.208162
v 4.528598 -0.029900 11.138065
v 4.315632 -0.029900 11.024231
v 4.128964 -0.029900 10.871036
v 3.975770 -0.029900 10.684367
v 3.861935 -0.029900 10.471402
v 3.791838 -0.029900 10.240318
v 3.768167 -0.029900 10.000000
v 3.791838 -0.029900 9.759681
v 3.861935 -0.029900 9.528598
v 3.975770 -0.029900 9.315632
v 4.128964 -0.029900 9.128964
v 4.315632 -0.029900 8.975769
v 4.528598 -0.029900 8.861936
v 4.759681 -0.029900 8.791837
v 4.315632 0.029900 11.024231
v 4.528598 0.029900 11.138065
v 4.759681 0.029900 11.208162
v 5.000000 0.029900 11.231833
v 5.240319 0.029900 11.208162
v 5.471402 0.029900 11.138065
v 5.684368 0.029900 11.024231
v 5.871036 0.029900 10.871036
v 6.024230 0.029900 10.684367
v 6.138065 0.029900 10.471402
v 6.208162 0.029900 10.240318
v 6.231833 0.029900 10.000000
v 6.208162 0.029900 9.759681
v 6.138065 0.029900 9.528598
v 6.024230 0.029900 9.315632
v 5.871036 0.029900 9.128964
v 5.684368 0.029900 8.975769
v 5.471402 0.029900 8.861936
v 5.240319 0.029900 8.791837
v 5.000000 0.029900 8.768167
v 4.759681 0.029900 8.791837
v 4.528598 0.029900 8.861936
v 4.315632 0.029900 8.975769
v 4.128964 0.029900 9.128964
v 3.975770 0.029900 9.315632
v 3.861935 0.029900 9.528598
v 3.791838 0.029900 9.759681
v 3.768167 0.029900 10.000000
v 3.791838 0.029900 10.240318
v 3.861935 0.029900 10.471402
v 3.975770 0.029900 10.684367
v 4.128964 0.029900 10.871036
vt 0.494571 0.411463
vt 0.494571 0.381760
vt 0.505112 0.381760
vt 0.505112 0.411463
vt 0.494571 0.352076
vt 0.505112 0.352076
vt 0.494571 0.322421
vt 0.505112 0.322421
vt 0.494571 0.441179
vt 0.505112 0.441179
vt 0.494571 0.470902
vt 0.505112 0.470902
vt 0.494571 0.292806
vt 0.505112 0.292806
vt 0.494571 0.500622
vt 0.505112 0.500622
vt 0.494571 0.263239
vt 0.505112 0.263239
vt 0.494571 0.233727
vt 0.505112 0.233727
vt 0.505112 0.530380
vt 0.494571 0.530380
vt 0.494571 0.204281
vt 0.505112 0.204281
vt 0.505112 0.560197
vt 0.494571 0.560197
vt 0.494571 0.174911
vt 0.505112 0.174911
vt 0.505112 0.590014
vt 0.494571 0.590014
vt 0.505112 0.619828
vt 0.494571 0.619828
vt 0.494571 0.145609
vt 0.505112 0.145609
vt 0.505112 0.649632
vt 0.494571 0.649632
vt 0.494571 0.116364
vt 0.505112 0.116364
vt 0.505112 0.679421
vt 0.494571 0.679421
vt 0.494571 0.087158
vt 0.505112 0.087158
vt 0.505112 0.709184
vt 0.494571 0.709184
vt 0.494571 0.057972
vt 0.505112 0.057972
vt 0.494571 0.026993
vt 0.505112 0.026993
vt 0.505112 0.738910
vt 0.494571 0.738910
vt 0.505112 0.768593
vt 0.494571 0.768593
vt 0.505112 0.974993
vt 0.494571 0.974993
vt 0.494571 0.945610
vt 0.505112 0.945610
vt 0.505112 0.798226
vt 0.494571 0.798226
vt 0.494571 0.916208
vt 0.505112 0.916208
vt 0.505112 0.827800
vt 0.494571 0.827800
vt 0.494571 0.886778
vt 0.505112 0.886778
vt 0.505112 0.857313
vt 0.494571 0.857313
vt 0.301045 0.973704
vt 0.255305 0.982850
vt 0.209564 0.973704
vt 0.165582 0.946618
vt 0.125048 0.902632
vt 0.089519 0.843437
vt 0.060361 0.771308
vt 0.038695 0.689018
vt 0.025353 0.599726
vt 0.020848 0.506866
vt 0.025353 0.414006
vt 0.038695 0.324715
vt 0.060361 0.242425
vt 0.089519 0.170296
vt 0.125048 0.111100
vt 0.165582 0.067115
vt 0.209564 0.040029
vt 0.255305 0.030882
vt 0.255305 0.066015
vt 0.212940 0.074486
vt 0.172204 0.099573
vt 0.134662 0.140312
vt 0.101756 0.195138
vt 0.074750 0.261943
vt 0.054683 0.338160
vt 0.042326 0.420860
vt 0.038153 0.506866
vt 0.042326 0.592872
vt 0.054683 0.675573
vt 0.074750 0.751790
vt 0.101756 0.818595
vt 0.134662 0.873421
vt 0.172204 0.914160
vt 0.212940 0.939247
vt 0.255305 0.947718
vt 0.983883 0.406349
vt 0.988418 0.499139
vt 0.983883 0.591929
vt 0.970454 0.681153
vt 0.948646 0.763381
vt 0.919298 0.835456
vt 0.883536 0.894606
vt 0.842737 0.938559
vt 0.798467 0.965625
vt 0.752427 0.974764
vt 0.706388 0.965625
vt 0.662117 0.938559
vt 0.621318 0.894606
vt 0.585557 0.835456
vt 0.556208 0.763381
vt 0.534400 0.681153
vt 0.520971 0.591929
vt 0.516436 0.499139
vt 0.533854 0.499139
vt 0.538054 0.585080
vt 0.550492 0.667718
vt 0.570691 0.743878
vt 0.597873 0.810632
vt 0.630995 0.865417
vt 0.668783 0.906126
vt 0.709786 0.931194
vt 0.752427 0.939659
vt 0.795069 0.931194
vt 0.836071 0.906126
vt 0.873859 0.865417
vt 0.906981 0.810632
vt 0.934163 0.743878
vt 0.954362 0.667718
vt 0.966800 0.585080
vt 0.970999 0.499139
vt 0.485256 0.599726
vt 0.471914 0.689018
vt 0.450248 0.771308
vt 0.421090 0.843437
vt 0.385561 0.902632
vt 0.345027 0.946618
vt 0.297669 0.939247
vt 0.338405 0.914160
vt 0.375947 0.873421
vt 0.408853 0.818595
vt 0.435859 0.751790
vt 0.455926 0.675573
vt 0.468283 0.592872
vt 0.472456 0.506866
vt 0.468283 0.420860
vt 0.455926 0.338160
vt 0.435859 0.261943
vt 0.408854 0.195138
vt 0.375947 0.140312
vt 0.338405 0.099573
vt 0.297669 0.074486
vt 0.301045 0.040029
vt 0.345027 0.067115
vt 0.385561 0.111100
vt 0.421090 0.170296
vt 0.450248 0.242425
vt 0.471914 0.324715
vt 0.485256 0.414006
vt 0.489761 0.506866
vt 0.520971 0.406349
vt 0.534400 0.317124
vt 0.556208 0.234896
vt 0.585557 0.162821
vt 0.621318 0.103671
vt 0.662117 0.059718
vt 0.706388 0.032652
vt 0.752427 0.023513
vt 0.798467 0.032652
vt 0.842737 0.059718
vt 0.883536 0.103671
vt 0.919298 0.162821
vt 0.948646 0.234896
vt 0.970454 0.317124
vt 0.966800 0.413198
vt 0.954362 0.330559
vt 0.934163 0.254400
vt 0.906981 0.187645
vt 0.873859 0.132860
vt 0.836071 0.092151
vt 0.795069 0.067084
vt 0.752427 0.058618
vt 0.709786 0.067084
vt 0.668783 0.092151
vt 0.630995 0.132860
vt 0.597873 0.187645
vt 0.570691 0.254400
vt 0.550493 0.330559
vt 0.538054 0.413198
vt 0.255305 0.066015
vt 0.297669 0.074486
vt 0.338405 0.099573
vt 0.375947 0.140312
vt 0.408854 0.195138
vt 0.435859 0.261943
vt 0.455926 0.338160
vt 0.468283 0.420860
vt 0.472456 0.506866
vt 0.468283 0.592872
vt 0.455926 0.675573
vt 0.435859 0.751790
vt 0.408853 0.818595
vt 0.375947 0.873421
vt 0.338405 0.914160
vt 0.297669 0.939247
vt 0.255305 0.947718
vt 0.212940 0.939247
vt 0.172204 0.914160
vt 0.134662 0.873421
vt 0.101756 0.818595
vt 0.074750 0.751790
vt 0.054683 0.675573
vt 0.042326 0.592872
vt 0.038153 0.506866
vt 0.042326 0.420860
vt 0.054683 0.338160
vt 0.074750 0.261943
vt 0.101756 0.195138
vt 0.134662 0.140312
vt 0.172204 0.099573
vt 0.212940 0.074486
vt 0.630995 0.132860
vt 0.668783 0.092151
vt 0.709786 0.067084
vt 0.752427 0.058618
vt 0.795069 0.067084
vt 0.836071 0.092151
vt 0.873859 0.132860
vt 0.906981 0.187645
vt 0.934163 0.254400
vt 0.954362 0.330559
vt 0.966800 0.413198
vt 0.970999 0.499139
vt 0.966800 0.585080
vt 0.954362 0.667718
vt 0.934163 0.743878
vt 0.906981 0.810632
vt 0.873859 0.865417
vt 0.836071 0.906126
vt 0.795069 0.931194
vt 0.752427 0.939659
vt 0.709786 0.931194
vt 0.668783 0.906126
vt 0.630995 0.865417
vt 0.597873 0.810632
vt 0.570691 0.743878
vt 0.550492 0.667718
vt 0.538054 0.585080
vt 0.533854 0.499139
vt 0.538054 0.413198
vt 0.550493 0.330559
vt 0.570691 0.254400
vt 0.597873 0.187645
vt 0.255305 0.066015
vt 0.297669 0.074486
vt 0.338405 0.099573
vt 0.375947 0.140312
vt 0.408854 0.195138
vt 0.435859 0.261943
vt 0.455926 0.338160
vt 0.468283 0.420860
vt 0.472456 0.506866
vt 0.468283 0.592872
vt 0.455926 0.675573
vt 0.435859 0.751790
vt 0.408853 0.818595
vt 0.375947 0.873421
vt 0.338405 0.914160
vt 0.297669 0.939247
vt 0.255305 0.947718
vt 0.212940 0.939247
vt 0.172204 0.914160
vt 0.134662 0.873421
vt 0.101756 0.818595
vt 0.074750 0.751790
vt 0.054683 0.675573
vt 0.042326 0.592872
vt 0.038153 0.506866
vt 0.042326 0.420860
vt 0.054683 0.338160
vt 0.074750 0.261943
vt 0.101756 0.195138
vt 0.134662 0.140312
vt 0.172204 0.099573
vt 0.212940 0.074486
vt 0.630995 0.132860
vt 0.668783 0.092151
vt 0.709786 0.067084
vt 0.752427 0.058618
vt 0.795069 0.067084
vt 0.836071 0.092151
vt 0.873859 0.132860
vt 0.906981 0.187645
vt 0.934163 0.254400
vt 0.954362 0.330559
vt 0.966800 0.413198
vt 0.970999 0.499139
vt 0.966800 0.585080
vt 0.954362 0.667718
vt 0.934163 0.743878
vt 0.906981 0.810632
vt 0.873859 0.865417
vt 0.836071 0.906126
vt 0.795069 0.931194
vt 0.752427 0.939659
vt 0.709786 0.931194
vt 0.668783 0.906126
vt 0.630995 0.865417
vt 0.597873 0.810632
vt 0.570691 0.743878
vt 0.550492 0.667718
vt 0.538054 0.585080
vt 0.533854 0.499139
vt 0.538054 0.413198
vt 0.550493 0.330559
vt 0.570691 0.254400
vt 0.597873 0.187645
vn -0.634394 0.000000 -0.773010
vn -0.634394 0.000000 -0.773010
vn -0.634394 0.000000 -0.773010
vn -0.634394 0.000000 -0.773010
vn -0.773010 0.000000 -0.634394
vn -0.773010 0.000000 -0.634394
vn -0.773010 0.000000 -0.634394
vn -0.773010 0.000000 -0.634394
vn -0.881918 0.000000 -0.471403
vn -0.881918 0.000000 -0.471403
vn -0.881918 0.000000 -0.471403
vn -0.881918 0.000000 -0.471403
vn -0.471402 0.000000 -0.881919
vn -0.471402 0.000000 -0.881919
vn -0.471402 0.000000 -0.881919
vn -0.471402 0.000000 -0.881919
vn -0.290284 0.000000 -0.956941
vn -0.290284 0.000000 -0.956941
vn -0.290284 0.000000 -0.956941
vn -0.290284 0.000000 -0.956941
vn -0.956941 0.000000 -0.290282
vn -0.956941 0.000000 -0.290282
vn -0.956941 0.000000 -0.290282
vn -0.956941 0.000000 -0.290282
vn -0.098021 0.000000 -0.995184
vn -0.098021 0.000000 -0.995184
vn -0.098021 0.000000 -0.995184
vn -0.098021 0.000000 -0.995184
vn -0.995184 0.000000 -0.098022
vn -0.995184 0.000000 -0.098022
vn -0.995184 0.000000 -0.098022
vn -0.995184 0.000000 -0.098022
vn -0.995184 0.000000 0.098022
vn -0.995184 0.000000 0.098022
vn -0.995184 0.000000 0.098022
vn -0.995184 0.000000 0.098022
vn 0.098021 0.000000 -0.995184
vn 0.098021 0.000000 -0.995184
vn 0.098021 0.000000 -0.995184
vn 0.098021 0.000000 -0.995184
vn -0.956941 0.000000 0.290283
vn -0.956941 0.000000 0.290283
vn -0.956941 0.000000 0.290283
vn -0.956941 0.000000 0.290283
vn 0.290284 0.000000 -0.956941
vn 0.290284 0.000000 -0.956941
vn 0.290284 0.000000 -0.956941
vn 0.290284 0.000000 -0.956941
vn -0.881917 0.000000 0.471404
vn -0.881917 0.000000 0.471404
vn -0.881917 0.000000 0.471404
vn -0.881917 0.000000 0.471404
vn 0.471402 0.000000 -0.881919
vn 0.471402 0.000000 -0.881919
vn 0.471402 0.000000 -0.881919
vn 0.471402 0.000000 -0.881919
vn 0.634394 0.000000 -0.773010
vn 0.634394 0.000000 -0.773010
vn 0.634394 0.000000 -0.773010
vn 0.634394 0.000000 -0.773010
vn -0.773012 0.000000 0.634392
vn -0.773012 0.000000 0.634392
vn -0.773012 0.000000 0.634392
vn -0.773012 0.000000 0.634392
vn 0.773010 0.000000 -0.634394
vn 0.773010 0.000000 -0.634394
vn 0.773010 0.000000 -0.634394
vn 0.773010 0.000000 -0.634394
vn -0.634394 0.000000 0.773010
vn -0.634394 0.000000 0.773010
vn -0.634394 0.000000 0.773010
vn -0.634394 0.000000 0.773010
vn 0.881918 0.000000 -0.471403
vn 0.881918 0.000000 -0.471403
vn 0.881918 0.000000 -0.471403
vn 0.881918 0.000000 -0.471403
vn -0.471402 0.000000 0.881919
vn -0.471402 0.000000 0.881919
vn -0.471402 0.000000 0.881919
vn -0.471402 0.000000 0.881919
vn 0.956941 0.000000 -0.290282
vn 0.956941 0.000000 -0.290282
vn 0.956941 0.000000 -0.290282
vn 0.956941 0.000000 -0.290282
vn -0.290284 0.000000 0.956941
vn -0.290284 0.000000 0.956941
vn -0.290284 0.000000 0.956941
vn -0.290284 0.000000 0.956941
vn -0.098021 0.000000 0.995184
vn -0.098021 0.000000 0.995184
vn -0.098021 0.000000 0.995184
vn -0.098021 0.000000 0.995184
vn 0.995184 0.000000 -0.098022
vn 0.995184 0.000000 -0.098022
vn 0.995184 0.000000 -0.098022
vn 0.995184 0.000000 -0.098022
vn 0.995184 0.000000 0.098022
vn 0.995184 0.000000 0.098022
vn 0.995184 0.000000 0.098022
vn 0.995184 0.000000 0.098022
vn 0.098021 0.000000 0.995184
vn 0.098021 0.000000 0.995184
vn 0.098021 0.000000 0.995184
vn 0.098021 0.000000 0.995184
vn 0.956941 0.000000 0.290283
vn 0.956941 0.000000 0.290283
vn 0.956941 0.000000 0.290283
vn 0.956941 0.000000 0.290283
vn 0.290284 0.000000 0.956941
vn 0.290284 0.000000 0.956941
vn 0.290284 0.000000 0.956941
vn 0.290284 0.000000 0.956941
vn 0.881917 0.000000 0.471404
vn 0.881917 0.000000 0.471404
vn 0.881917 0.000000 0.471404
vn 0.881917 0.000000 0.471404
vn 0.471402 0.000000 0.881919
vn 0.471402 0.000000 0.881919
vn 0.471402 0.000000 0.881919
vn 0.471402 0.000000 0.881919
vn 0.773012 0.000000 0.634392
vn 0.773012 0.000000 0.634392
vn 0.773012 0.000000 0.634392
vn 0.773012 0.000000 0.634392
vn 0.634394 0.000000 0.773010
vn 0.634394 0.000000 0.773010
vn 0.634394 0.000000 0.773010
vn 0.634394 0.000000 0.773010
vn 0.000000 -1.000000 0.000000
vn 0.000000 -1.000000 0.000000
vn 0.000000 -1.000000 0.000000
vn 0.000000 -1.000000 0.000000
vn 0.000000 -1.000000 0.000000
vn 0.000000 -1.000000 0.000000
vn 0.000000 -1.000000 0.000000
vn 0.000000 -1.000000 0.000000
vn 0.000000 -1.000000 0.000000
vn 0.000000 -1.000000 0.000000
vn 0.000000 -1.000000 0.000000
vn 0.000000 -1.000000 0.000000
vn 0.000000 -1.000000 0.000000
vn 0.000000 -1.000000 0.000000
vn 0.000000 -1.000000 0.000000
vn 0.000000 -1.000000 0.000000
vn 0.000000 -1.000000 0.000000
vn 0.000000 -1.000000 0.000000
vn 0.000000 -1.000000 0.000000
vn 0.000000 -1.000000 0.000000
vn 0.000000 -1.000000 0.000000
vn 0.000000 -1.000000 0.000000
vn 0.000000 -1.000000 0.000000
vn 0.000000 -1.000000 0.000000
vn 0.000000 -1.000000 0.000000
vn 0.000000 -1.000000 0.000000
vn 0.000000 -1.000000 0.000000
vn 0.000000 -1.000000 0.000000
vn 0.000000 -1.000000 0.000000
vn 0.000000 -1.000000 0.000000
vn 0.000000 -1.000000 0.000000
vn 0.000000 -1.000000 0.000000
vn 0.000000 -1.000000 0.000000
vn 0.000000 -1.000000 0.000000
vn 0.000000 -1.000000 0.000000
vn 0.000000 -1.000000 0.000000
vn 0.000000 1.000000 0.000000
vn 0.000000 1.000000 0.000000
vn 0.000000 1.000000 0.000000
vn 0.000000 1.000000 0.000000
vn 0.000000 1.000000 0.000000
vn 0.000000 1.000000 0.000000
vn 0.000000 1.000000 0.000000
vn 0.000000 1.000000 0.000000
vn 0.000000 1.000000 0.000000
vn 0.000000 1.000000 0.000000
vn 0.000000 1.000000 0.000000
vn 0.000000 1.000000 0.000000
vn 0.000000 1.000000 0.000000
vn 0.000000 1.000000 0.000000
vn 0.000000 1.000000 0.000000
vn 0.000000 1.000000 0.000000
vn 0.000000 1.000000 0.000000
vn 0.000000 1.000000 0.000000
vn 0.000000 1.000000 0.000000
vn 0.000000 1.000000 0.000000
vn 0.000000 1.000000 0.000000
vn 0.000000 1.000000 0.000000
vn 0.000000 1.000000 0.000000
vn 0.000000 1.000000 0.000000
vn 0.000000 1.000000 0.000000
vn 0.000000 1.000000 0.000000
vn 0.000000 1.000000 0.000000
vn 0.000000 1.000000 0.000000
vn 0.000000 1.000000 0.000000
vn 0.000000 1.000000 0.000000
vn 0.000000 1.000000 0.000000
vn 0.000000 1.000000 0.000000
vn 0.000000 1.000000 0.000000
vn 0.000000 1.000000 0.000000
vn 0.000000 1.000000 0.000000
vn 0.000000 1.000000 0.000000
vn 0.000000 -1.000000 0.000000
vn 0.000000 -1.000000 0.000000
vn 0.000000 -1.000000 0.000000
vn 0.000000 -1.000000 0.000000
vn 0.000000 -1.000000 0.000000
vn 0.000000 -1.000000 0.000000
vn 0.000000 -1.000000 0.000000
vn 0.000000 -1.000000 0.000000
vn 0.000000 -1.000000 0.000000
vn 0.000000 -1.000000 0.000000
vn 0.000000 -1.000000 0.000000
vn 0.000000 -1.000000 0.000000
vn 0.000000 -1.000000 0.000000
vn 0.000000 -1.000000 0.000000
vn 0.000000 -1.000000 0.000000
vn 0.000000 -1.000000 0.000000
vn 0.000000 -1.000000 0.000000
vn 0.000000 -1.000000 0.000000
vn 0.000000 -1.000000 0.000000
vn 0.000000 -1.000000 0.000000
vn 0.000000 -1.000000 0.000000
vn 0.000000 -1.000000 0.000000
vn 0.000000 -1.000000 0.000000
vn 0.000000 -1.000000 0.000000
vn 0.000000 -1.000000 0.000000
vn 0.000000 -1.000000 0.000000
vn 0.000000 -1.000000 0.000000
vn 0.000000 -1.000000 0.000000
vn 0.000000 1.000000 0.000000
vn 0.000000 1.000000 0.000000
vn 0.000000 1.000000 0.000000
vn 0.000000 1.000000 0.000000
vn 0.000000 1.000000 0.000000
vn 0.000000 1.000000 0.000000
vn 0.000000 1.000000 0.000000
vn 0.000000 1.000000 0.000000
vn 0.000000 1.000000 0.000000
vn 0.000000 1.000000 0.000000
vn 0.000000 1.000000 0.000000
vn 0.000000 1.000000 0.000000
vn 0.000000 1.000000 0.000000
vn 0.000000 1.000000 0.000000
vn 0.000000 1.000000 0.000000
vn 0.000000 1.000000 0.000000
vn 0.000000 1.000000 0.000000
vn 0.000000 1.000000 0.000000
vn 0.000000 1.000000 0.000000
vn 0.000000 1.000000 0.000000
vn 0.000000 1.000000 0.000000
vn 0.000000 1.000000 0.000000
vn 0.000000 1.000000 0.000000
vn 0.000000 1.000000 0.000000
vn 0.000000 1.000000 0.000000
vn 0.000000 1.000000 0.000000
vn 0.000000 1.000000 0.000000
vn 0.000000 1.000000 0.000000
vn 0.000000 -1.000000 0.000000
vn 0.000000 -1.000000 0.000000
vn 0.000000 -1.000000 0.000000
vn 0.000000 -1.000000 0.000000
vn 0.000000 -1.000000 0.000000
vn 0.000000 -1.000000 0.000000
vn 0.000000 -1.000000 0.000000
vn 0.000000 -1.000000 0.000000
vn 0.000000 -1.000000 0.000000
vn 0.000000 -1.000000 0.000000
vn 0.000000 -1.000000 0.000000
vn 0.000000 -1.000000 0.000000
vn 0.000000 -1.000000 0.000000
vn 0.000000 -1.000000 0.000000
vn 0.000000 -1.000000 0.000000
vn 0.000000 -1.000000 0.000000
vn 0.000000 -1.000000 0.000000
vn 0.000000 -1.000000 0.000000
vn 0.000000 -1.000000 0.000000
vn 0.000000 -1.000000 0.000000
vn 0.000000 -1.000000 0.000000
vn 0.000000 -1.000000 0.000000
vn 0.000000 -1.000000 0.000000
vn 0.000000 -1.000000 0.000000
vn 0.000000 -1.000000 0.000000
vn 0.000000 -1.000000 0.000000
vn 0.000000 -1.000000 0.000000
vn 0.000000 -1.000000 0.000000
vn 0.000000 -1.000000 0.000000
vn 0.000000 -1.000000 0.000000
vn 0.000000 -1.000000 0.000000
vn 0.000000 -1.000000 0.000000
vn 0.000000 1.000000 0.000000
vn 0.000000 1.000000 0.000000
vn 0.000000 1.000000 0.000000
vn 0.000000 1.000000 0.000000
vn 0.000000 1.000000 0.000000
vn 0.000000 1.000000 0.000000
vn 0.000000 1.000000 0.000000
vn 0.000000 1.000000 0.000000
vn 0.000000 1.000000 0.000000
vn 0.000000 1.000000 0.000000
vn 0.000000 1.000000 0.000000
vn 0.000000 1.000000 0.000000
vn 0.000000 1.000000 0.000000
vn 0.000000 1.000000 0.000000
vn 0.000000 1.000000 0.000000
vn 0.000000 1.000000 0.000000
vn 0.000000 1.000000 0.000000
vn 0.000000 1.000000 0.000000
vn 0.000000 1.000000 0.000000
vn 0.000000 1.000000 0.000000
vn 0.000000 1.000000 0.000000
vn 0.000000 1.000000 0.000000
vn 0.000000 1.000000 0.000000
vn 0.000000 1.000000 0.000000
vn 0.000000 1.000000 0.000000
vn 0.000000 1.000000 0.000000
vn 0.000000 1.000000 0.000000
vn 0.000000 1.000000 0.000000
vn 0.000000 1.000000 0.000000
vn 0.000000 1.000000 0.000000
vn 0.000000 1.000000 0.000000
vn 0.000000 1.000000 0.000000
vn 0.000000 -1.000000 0.000000
vn 0.000000 -1.000000 0.000000
vn 0.000000 -1.000000 0.000000
vn 0.000000 -1.000000 0.000000
vn 0.000000 -1.000000 0.000000
vn 0.000000 -1.000000 0.000000
vn 0.000000 -1.000000 0.000000
vn 0.000000 -1.000000 0.000000
vn 0.000000 -1.000000 0.000000
vn 0.000000 -1.000000 0.000000
vn 0.000000 -1.000000 0.000000
vn 0.000000 -1.000000 0.000000
vn 0.000000 -1.000000 0.000000
vn 0.000000 -1.000000 0.000000
vn 0.000000 -1.000000 0.000000
vn 0.000000 -1.000000 0.000000
vn 0.000000 -1.000000 0.000000
vn 0.000000 -1.000000 0.000000
vn 0.000000 -1.000000 0.000000
vn 0.000000 -1.000000 0.000000
vn 0.000000 -1.000000 0.000000
vn 0.000000 -1.000000 0.000000
vn 0.000000 -1.000000 0.000000
vn 0.000000 -1.000000 0.000000
vn 0.000000 -1.000000 0.000000
vn 0.000000 -1.000000 0.000000
vn 0.000000 -1.000000 0.000000
vn 0.000000 -1.000000 0.000000
vn 0.000000 -1.000000 0.000000
vn 0.000000 -1.000000 0.000000
vn 0.000000 -1.000000 0.000000
vn 0.000000 -1.000000 0.000000
vn 0.000000 -1.000000 0.000000
vn 0.000000 -1.000000 0.000000
vn 0.000000 -1.000000 0.000000
vn 0.000000 -1.000000 0.000000
vn 0.000000 -1.000000 0.000000
vn 0.000000 -1.000000 0.000000
vn 0.000000 -1.000000 0.000000
vn 0.000000 -1.000000 0.000000
vn 0.000000 -1.000000 0.000000
vn 0.000000 -1.000000 0.000000
vn 0.000000 -1.000000 0.000000
vn 0.000000 -1.000000 0.000000
vn 0.000000 -1.000000 0.000000
vn 0.000000 -1.000000 0.000000
vn 0.000000 -1.000000 0.000000
vn 0.000000 -1.000000 0.000000
vn 0.000000 -1.000000 0.000000
vn 0.000000 -1.000000 0.000000
vn 0.000000 -1.000000 0.000000
vn 0.000000 -1.000000 0.000000
vn 0.000000 -1.000000 0.000000
vn 0.000000 -1.000000 0.000000
vn 0.000000 -1.000000 0.000000
vn 0.000000 -1.000000 0.000000
vn 0.000000 -1.000000 0.000000
vn 0.000000 -1.000000 0.000000
vn 0.000000 -1.000000 0.000000
vn 0.000000 -1.000000 0.000000
vn 0.000000 -1.000000 0.000000
vn 0.000000 -1.000000 0.000000
vn 0.000000 -1.000000 0.000000
vn 0.000000 -1.000000 0.000000
vn 0.000000 1.000000 0.000000
vn 0.000000 1.000000 0.000000
vn 0.000000 1.000000 0.000000
vn 0.000000 1.000000 0.000000
vn 0.000000 1.000000 0.000000
vn 0.000000 1.000000 0.000000
vn 0.000000 1.000000 0.000000
vn 0.000000 1.000000 0.000000
vn 0.000000 1.000000 0.000000
vn 0.000000 1.000000 0.000000
vn 0.000000 1.000000 0.000000
vn 0.000000 1.000000 0.000000
vn 0.000000 1.000000 0.000000
vn 0.000000 1.000000 0.000000
vn 0.000000 1.000000 0.000000
vn 0.000000 1.000000 0.000000
vn 0.000000 1.000000 0.000000
vn 0.000000 1.000000 0.000000
vn 0.000000 1.000000 0.000000
vn 0.000000 1.000000 0.000000
vn 0.000000 1.000000 0.000000
vn 0.000000 1.000000 0.000000
vn 0.000000 1.000000 0.000000
vn 0.000000 1.000000 0.000000
vn 0.000000 1.000000 0.000000
vn 0.000000 1.000000 0.000000
vn 0.000000 1.000000 0.000000
vn 0.000000 1.000000 0.000000
vn 0.000000 1.000000 0.000000
vn 0.000000 1.000000 0.000000
vn 0.000000 1.000000 0.000000
vn 0.000000 1.000000 0.000000
vn 0.000000 1.000000 0.000000
vn 0.000000 1.000000 0.000000
vn 0.000000 1.000000 0.000000
vn 0.000000 1.000000 0.000000
vn 0.000000 1.000000 0.000000
vn 0.000000 1.000000 0.000000
vn 0.000000 1.000000 0.000000
vn 0.000000 1.000000 0.000000
vn 0.000000 1.000000 0.000000
vn 0.000000 1.000000 0.000000
vn 0.000000 1.000000 0.000000
vn 0.000000 1.000000 0.000000
vn 0.000000 1.000000 0.000000
vn 0.000000 1.000000 0.000000
vn 0.000000 1.000000 0.000000
vn 0.000000 1.000000 0.000000
vn 0.000000 1.000000 0.000000
vn 0.000000 1.000000 0.000000
vn 0.000000 1.000000 0.000000
vn 0.000000 1.000000 0.000000
vn 0.000000 1.000000 0.000000
vn 0.000000 1.000000 0.000000
vn 0.000000 1.000000 0.000000
vn 0.000000 1.000000 0.000000
vn 0.000000 1.000000 0.000000
vn 0.000000 1.000000 0.000000
vn 0.000000 1.000000 0.000000
vn 0.000000 1.000000 0.000000
vn 0.000000 1.000000 0.000000
vn 0.000000 1.000000 0.000000
vn 0.000000 1.000000 0.000000
vn 0.000000 1.000000 0.000000
s off
g Us_Coins_MD HundredCent
usemtl HundredCentSG
f 705/1295/1857 706/1296/1858 707/1297/1859 708/1298/1860
f 706/1296/1861 709/1299/1862 710/1300/1863 707/1297/1864
f 709/1299/1865 711/1301/1866 712/1302/1867 710/1300/1868
f 713/1303/1869 705/1295/1870 708/1298/1871 714/1304/1872
f 725/1305/1873 713/1303/1874 714/1304/1875 726/1306/1876
f 711/1301/1877 727/1307/1878 728/1308/1879 712/1302/1880
f 733/1309/1881 725/1305/1882 726/1306/1883 734/1310/1884
f 727/1307/1885 735/1311/1886 736/1312/1887 728/1308/1888
f 735/1311/1889 741/1313/1890 742/1314/1891 736/1312/1892
f 743/1315/1893 744/1316/1894 733/1309/1895 734/1310/1896
f 741/1313/1897 749/1317/1898 750/1318/1899 742/1314/1900
f 751/1319/1901 752/1320/1902 744/1316/1903 743/1315/1904
f 749/1317/1905 757/1321/1906 758/1322/1907 750/1318/1908
f 759/1323/1909 760/1324/1910 752/1320/1911 751/1319/1912
f 765/1325/1913 766/1326/1914 760/1324/1915 759/1323/1916
f 757/1321/1917 767/1327/1918 768/1328/1919 758/1322/1920
f 777/1329/1921 778/1330/1922 766/1326/1923 765/1325/1924
f 767/1327/1925 779/1331/1926 780/1332/1927 768/1328/1928
f 785/1333/1929 786/1334/1930 778/1330/1931 777/1329/1932
f 779/1331/1933 787/1335/1934 788/1336/1935 780/1332/1936
f 793/1337/1937 794/1338/1938 786/1334/1939 785/1333/1940
f 787/1335/1941 795/1339/1942 796/1340/1943 788/1336/1944
f 795/1339/1945 801/1341/1946 802/1342/1947 796/1340/1948
f 803/1343/1949 804/1344/1950 794/1338/1951 793/1337/1952
f 809/1345/1953 810/1346/1954 804/1344/1955 803/1343/1956
f 802/1347/1957 801/1348/1958 811/1349/1959 812/1350/1960
f 817/1351/1961 818/1352/1962 810/1346/1963 809/1345/1964
f 812/1350/1965 811/1349/1966 819/1353/1967 820/1354/1968
f 827/1355/1969 828/1356/1970 818/1352/1971 817/1351/1972
f 820/1354/1973 819/1353/1974 829/1357/1975 830/1358/1976
f 831/1359/1977 832/1360/1978 828/1356/1979 827/1355/1980
f 830/1358/1981 829/1357/1982 832/1360/1983 831/1359/1984
s 1
f 811/1361/1985 801/1362/1986 799/1395/1987 808/1437/1988
f 799/1395/1987 801/1362/1986 795/1363/1989 791/1394/1990
f 791/1394/1990 795/1363/1989 787/1364/1991 783/1393/1992
f 783/1393/1992 787/1364/1991 779/1365/1993 775/1392/1994
f 775/1392/1994 779/1365/1993 767/1366/1995 771/1391/1996
f 771/1391/1996 767/1366/1995 757/1367/1997 761/1390/1998
f 761/1390/1998 757/1367/1997 749/1368/1999 753/1389/2000
f 753/1389/2000 749/1368/1999 741/1369/2001 745/1388/2002
f 745/1388/2002 741/1369/2001 735/1370/2003 739/1387/2004
f 739/1387/2004 735/1370/2003 727/1371/2005 731/1386/2006
f 731/1386/2006 727/1371/2005 711/1372/2007 723/1385/2008
f 723/1385/2008 711/1372/2007 709/1373/2009 719/1384/2010
f 719/1384/2010 709/1373/2009 706/1374/2011 715/1383/2012
f 715/1383/2012 706/1374/2011 705/1375/2013 716/1382/2014
f 716/1382/2014 705/1375/2013 713/1376/2015 721/1381/2016
f 721/1381/2016 713/1376/2015 725/1377/2017 729/1380/2018
f 729/1380/2018 725/1377/2017 733/1378/2019 737/1379/2020
s 2
f 809/1396/2021 803/1397/2022 797/1430/2023 805/1474/2024
f 797/1430/2023 803/1397/2022 793/1398/2025 789/1429/2026
f 789/1429/2026 793/1398/2025 785/1399/2027 781/1428/2028
f 781/1428/2028 785/1399/2027 777/1400/2029 773/1427/2030
f 773/1427/2030 777/1400/2029 765/1401/2031 769/1426/2032
f 769/1426/2032 765/1401/2031 759/1402/2033 763/1425/2034
f 763/1425/2034 759/1402/2033 751/1403/2035 755/1424/2036
f 755/1424/2036 751/1403/2035 743/1404/2037 747/1423/2038
f 747/1423/2038 743/1404/2037 734/1405/2039 738/1422/2040
f 738/1422/2040 734/1405/2039 726/1406/2041 730/1421/2042
f 730/1421/2042 726/1406/2041 714/1407/2043 722/1420/2044
f 722/1420/2044 714/1407/2043 708/1408/2045 717/1419/2046
f 717/1419/2046 708/1408/2045 707/1409/2047 718/1418/2048
f 718/1418/2048 707/1409/2047 710/1410/2049 720/1417/2050
f 720/1417/2050 710/1410/2049 712/1411/2051 724/1416/2052
f 724/1416/2052 712/1411/2051 728/1412/2053 732/1415/2054
f 732/1415/2054 728/1412/2053 736/1413/2055 740/1414/2056
s 1
f 819/1436/2057 811/1361/1985 808/1437/1988 816/1438/2058
f 829/1435/2059 819/1436/2057 816/1438/2058 824/1439/2060
f 832/1434/2061 829/1435/2059 824/1439/2060 826/1440/2062
f 828/1433/2063 832/1434/2061 826/1440/2062 822/1441/2064
f 818/1432/2065 828/1433/2063 822/1441/2064 814/1442/2066
f 810/1431/2067 818/1432/2065 814/1442/2066 806/1443/2068
f 804/1459/2069 810/1431/2067 806/1443/2068 798/1444/2070
f 737/1379/2020 733/1378/2019 744/1452/2071 748/1451/2072
f 748/1451/2072 744/1452/2071 752/1453/2073 756/1450/2074
f 756/1450/2074 752/1453/2073 760/1454/2075 764/1449/2076
f 764/1449/2076 760/1454/2075 766/1455/2077 770/1448/2078
f 770/1448/2078 766/1455/2077 778/1456/2079 774/1447/2080
f 774/1447/2080 778/1456/2079 786/1457/2081 782/1446/2082
f 782/1446/2082 786/1457/2081 794/1458/2083 790/1445/2084
f 790/1445/2084 794/1458/2083 804/1459/2069 798/1444/2070
s 2
f 817/1473/2085 809/1396/2021 805/1474/2024 813/1475/2086
f 827/1472/2087 817/1473/2085 813/1475/2086 821/1476/2088
f 831/1471/2089 827/1472/2087 821/1476/2088 825/1477/2090
f 830/1470/2091 831/1471/2089 825/1477/2090 823/1478/2092
f 820/1469/2093 830/1470/2091 823/1478/2092 815/1479/2094
f 812/1468/2095 820/1469/2093 815/1479/2094 807/1480/2096
f 802/1467/2097 812/1468/2095 807/1480/2096 800/1481/2098
f 796/1466/2099 802/1467/2097 800/1481/2098 792/1482/2100
f 788/1465/2101 796/1466/2099 792/1482/2100 784/1483/2102
f 780/1464/2103 788/1465/2101 784/1483/2102 776/1484/2104
f 768/1463/2105 780/1464/2103 776/1484/2104 772/1485/2106
f 758/1462/2107 768/1463/2105 772/1485/2106 762/1486/2108
f 750/1461/2109 758/1462/2107 762/1486/2108 754/1487/2110
f 742/1460/2111 750/1461/2109 754/1487/2110 746/1488/2112
f 736/1413/2055 742/1460/2111 746/1488/2112 740/1414/2056
s off
f 833/1553/2113 834/1554/2114 835/1555/2115 836/1556/2116 837/1557/2117 838/1558/2118 839/1559/2119 840/1560/2120 841/1561/2121 842/1562/2122 843/1563/2123 844/1564/2124 845/1565/2125 846/1566/2126 847/1567/2127 848/1568/2128 849/1569/2129 850/1570/2130 851/1571/2131 852/1572/2132 853/1573/2133 854/1574/2134 855/1575/2135 856/1576/2136 857/1577/2137 858/1578/2138 859/1579/2139 860/1580/2140 861/1581/2141 862/1582/2142 863/1583/2143 864/1584/2144
f 865/1585/2145 866/1586/2146 867/1587/2147 868/1588/2148 869/1589/2149 870/1590/2150 871/1591/2151 872/1592/2152 873/1593/2153 874/1594/2154 875/1595/2155 876/1596/2156 877/1597/2157 878/1598/2158 879/1599/2159 880/1600/2160 881/1601/2161 882/1602/2162 883/1603/2163 884/1604/2164 885/1605/2165 886/1606/2166 887/1607/2167 888/1608/2168 889/1609/2169 890/1610/2170 891/1611/2171 892/1612/2172 893/1613/2173 894/1614/2174 895/1615/2175 896/1616/2176
s 3
f 737/1489/2177 748/1490/2178 834/1554/2179 833/1553/2180
f 748/1490/2178 756/1491/2181 835/1555/2182 834/1554/2179
f 756/1491/2181 764/1492/2183 836/1556/2184 835/1555/2182
f 764/1492/2183 770/1493/2185 837/1557/2186 836/1556/2184
f 770/1493/2185 774/1494/2187 838/1558/2188 837/1557/2186
f 774/1494/2187 782/1495/2189 839/1559/2190 838/1558/2188
f 782/1495/2189 790/1496/2191 840/1560/2192 839/1559/2190
f 790/1496/2191 798/1497/2193 841/1561/2194 840/1560/2192
f 798/1497/2193 806/1498/2195 842/1562/2196 841/1561/2194
f 806/1498/2195 814/1499/2197 843/1563/2198 842/1562/2196
f 814/1499/2197 822/1500/2199 844/1564/2200 843/1563/2198
f 822/1500/2199 826/1501/2201 845/1565/2202 844/1564/2200
f 826/1501/2201 824/1502/2203 846/1566/2204 845/1565/2202
f 824/1502/2203 816/1503/2205 847/1567/2206 846/1566/2204
f 816/1503/2205 808/1504/2207 848/1568/2208 847/1567/2206
f 808/1504/2207 799/1505/2209 849/1569/2210 848/1568/2208
f 799/1505/2209 791/1506/2211 850/1570/2212 849/1569/2210
f 791/1506/2211 783/1507/2213 851/1571/2214 850/1570/2212
f 783/1507/2213 775/1508/2215 852/1572/2216 851/1571/2214
f 775/1508/2215 771/1509/2217 853/1573/2218 852/1572/2216
f 771/1509/2217 761/1510/2219 854/1574/2220 853/1573/2218
f 761/1510/2219 753/1511/2221 855/1575/2222 854/1574/2220
f 753/1511/2221 745/1512/2223 856/1576/2224 855/1575/2222
f 745/1512/2223 739/1513/2225 857/1577/2226 856/1576/2224
f 739/1513/2225 731/1514/2227 858/1578/2228 857/1577/2226
f 731/1514/2227 723/1515/2229 859/1579/2230 858/1578/2228
f 723/1515/2229 719/1516/2231 860/1580/2232 859/1579/2230
f 719/1516/2231 715/1517/2233 861/1581/2234 860/1580/2232
f 715/1517/2233 716/1518/2235 862/1582/2236 861/1581/2234
f 716/1518/2235 721/1519/2237 863/1583/2238 862/1582/2236
f 721/1519/2237 729/1520/2239 864/1584/2240 863/1583/2238
f 729/1520/2239 737/1489/2177 833/1553/2180 864/1584/2240
s 4
f 776/1521/2241 784/1522/2242 866/1586/2243 865/1585/2244
f 784/1522/2242 792/1523/2245 867/1587/2246 866/1586/2243
f 792/1523/2245 800/1524/2247 868/1588/2248 867/1587/2246
f 800/1524/2247 807/1525/2249 869/1589/2250 868/1588/2248
f 807/1525/2249 815/1526/2251 870/1590/2252 869/1589/2250
f 815/1526/2251 823/1527/2253 871/1591/2254 870/1590/2252
f 823/1527/2253 825/1528/2255 872/1592/2256 871/1591/2254
f 825/1528/2255 821/1529/2257 873/1593/2258 872/1592/2256
f 821/1529/2257 813/1530/2259 874/1594/2260 873/1593/2258
f 813/1530/2259 805/1531/2261 875/1595/2262 874/1594/2260
f 805/1531/2261 797/1532/2263 876/1596/2264 875/1595/2262
f 797/1532/2263 789/1533/2265 877/1597/2266 876/1596/2264
f 789/1533/2265 781/1534/2267 878/1598/2268 877/1597/2266
f 781/1534/2267 773/1535/2269 879/1599/2270 878/1598/2268
f 773/1535/2269 769/1536/2271 880/1600/2272 879/1599/2270
f 769/1536/2271 763/1537/2273 881/1601/2274 880/1600/2272
f 763/1537/2273 755/1538/2275 882/1602/2276 881/1601/2274
f 755/1538/2275 747/1539/2277 883/1603/2278 882/1602/2276
f 747/1539/2277 738/1540/2279 884/1604/2280 883/1603/2278
f 738/1540/2279 730/1541/2281 885/1605/2282 884/1604/2280
f 730/1541/2281 722/1542/2283 886/1606/2284 885/1605/2282
f 722/1542/2283 717/1543/2285 887/1607/2286 886/1606/2284
f 717/1543/2285 718/1544/2287 888/1608/2288 887/1607/2286
f 718/1544/2287 720/1545/2289 889/1609/2290 888/1608/2288
f 720/1545/2289 724/1546/2291 890/1610/2292 889/1609/2290
f 724/1546/2291 732/1547/2293 891/1611/2294 890/1610/2292
f 732/1547/2293 740/1548/2295 892/1612/2296 891/1611/2294
f 740/1548/2295 746/1549/2297 893/1613/2298 892/1612/2296
f 746/1549/2297 754/1550/2299 894/1614/2300 893/1613/2298
f 754/1550/2299 762/1551/2301 895/1615/2302 894/1614/2300
f 762/1551/2301 772/1552/2303 896/1616/2304 895/1615/2302
f 772/1552/2303 776/1521/2241 865/1585/2244 896/1616/2304
g default
v 4.375273 -0.026505 14.375272
v 4.265398 -0.026505 14.509155
v 4.265398 0.026505 14.509155
v 4.375273 0.026505 14.375272
v 4.509155 -0.026505 14.265398
v 4.509155 0.026505 14.265398
v 4.661899 -0.026505 14.183752
v 4.661899 0.026505 14.183752
v 4.183753 -0.026505 14.661900
v 4.183753 0.026505 14.661900
v 4.421383 -0.026505 14.421383
v 4.545384 -0.026505 14.319618
v 4.545384 0.026505 14.319618
v 4.421383 0.026505 14.421383
v 4.319618 -0.026505 14.545385
v 4.319618 0.026505 14.545385
v 4.686854 -0.026505 14.243999
v 4.686854 0.026505 14.243999
v 4.244000 -0.026505 14.686855
v 4.244000 0.026505 14.686855
v 4.827638 -0.026505 14.133477
v 4.827638 0.026505 14.133477
v 4.133477 -0.026505 14.827638
v 4.133477 0.026505 14.827638
v 4.840360 -0.026505 14.197435
v 4.840360 0.026505 14.197435
v 4.197435 -0.026505 14.840359
v 4.197435 0.026505 14.840359
v 5.000000 -0.026505 14.116499
v 5.000000 0.026505 14.116499
v 4.116500 -0.026505 15.000000
v 4.116500 0.026505 15.000000
v 4.181711 -0.026505 15.000000
v 4.181711 0.026505 15.000000
v 5.000000 -0.026505 14.181711
v 5.000000 0.026505 14.181711
v 5.172362 0.026505 14.133477
v 5.172362 -0.026505 14.133477
v 4.133477 -0.026505 15.172362
v 4.133477 0.026505 15.172362
v 5.159640 0.026505 14.197435
v 5.159640 -0.026505 14.197435
v 4.197435 -0.026505 15.159641
v 4.197435 0.026505 15.159641
v 5.338101 0.026505 14.183752
v 5.338101 -0.026505 14.183752
v 4.183753 -0.026505 15.338100
v 4.183753 0.026505 15.338100
v 4.244000 -0.026505 15.313145
v 4.244000 0.026505 15.313145
v 5.313146 0.026505 14.243999
v 5.313146 -0.026505 14.243999
v 4.265398 -0.026505 15.490845
v 4.265398 0.026505 15.490845
v 5.490845 0.026505 14.265398
v 5.490845 -0.026505 14.265398
v 4.319618 -0.026505 15.454615
v 4.319618 0.026505 15.454615
v 5.454616 0.026505 14.319618
v 5.454616 -0.026505 14.319618
v 5.624727 0.026505 14.375272
v 5.624727 -0.026505 14.375272
v 4.375273 -0.026505 15.624728
v 4.375273 0.026505 15.624728
v 5.578617 0.026505 14.421383
v 5.578617 -0.026505 14.421383
v 4.421383 -0.026505 15.578617
v 4.421383 0.026505 15.578617
v 5.680382 0.026505 14.545385
v 5.680382 -0.026505 14.545385
v 4.545384 -0.026505 15.680382
v 4.545384 0.026505 15.680382
v 5.734602 0.026505 14.509155
v 5.734602 -0.026505 14.509155
v 4.509155 -0.026505 15.734602
v 4.509155 0.026505 15.734602
v 4.686854 -0.026505 15.756001
v 4.686854 0.026505 15.756001
v 5.756000 0.026505 14.686855
v 5.756000 -0.026505 14.686855
v 4.661899 -0.026505 15.816248
v 4.661899 0.026505 15.816248
v 5.816247 0.026505 14.661900
v 5.816247 -0.026505 14.661900
v 4.840360 -0.026505 15.802565
v 4.840360 0.026505 15.802565
v 5.802565 0.026505 14.840359
v 5.802565 -0.026505 14.840359
v 5.866523 0.026505 14.827638
v 5.866523 -0.026505 14.827638
v 4.827638 -0.026505 15.866523
v 4.827638 0.026505 15.866523
v 5.818289 0.026505 15.000000
v 5.818289 -0.026505 15.000000
v 5.000000 -0.026505 15.818289
v 5.000000 0.026505 15.818289
v 5.883500 0.026505 15.000000
v 5.883500 -0.026505 15.000000
v 5.000000 -0.026505 15.883501
v 5.000000 0.026505 15.883501
v 5.159640 0.026505 15.802565
v 5.159640 -0.026505 15.802565
v 5.802565 0.026505 15.159641
v 5.802565 -0.026505 15.159641
v 5.866523 0.026505 15.172362
v 5.866523 -0.026505 15.172362
v 5.172362 -0.026505 15.866523
v 5.172362 0.026505 15.866523
v 5.756000 0.026505 15.313145
v 5.756000 -0.026505 15.313145
v 5.313146 0.026505 15.756001
v 5.313146 -0.026505 15.756001
v 5.816247 0.026505 15.338100
v 5.816247 -0.026505 15.338100
v 5.338101 -0.026505 15.816248
v 5.338101 0.026505 15.816248
v 5.680382 0.026505 15.454615
v 5.680382 -0.026505 15.454615
v 5.454616 0.026505 15.680382
v 5.454616 -0.026505 15.680382
v 5.578617 0.026505 15.578617
v 5.578617 -0.026505 15.578617
v 5.734602 0.026505 15.490845
v 5.734602 -0.026505 15.490845
v 5.490845 -0.026505 15.734602
v 5.490845 0.026505 15.734602
v 5.624727 -0.026505 15.624728
v 5.624727 0.026505 15.624728
v 5.578617 -0.016505 14.421383
v 5.680382 -0.016505 14.545385
v 5.756000 -0.016505 14.686855
v 5.802565 -0.016505 14.840359
v 5.818289 -0.016505 15.000000
v 5.802565 -0.016505 15.159641
v 5.756000 -0.016505 15.313145
v 5.680382 -0.016505 15.454615
v 5.578617 -0.016505 15.578617
v 5.454616 -0.016505 15.680382
v 5.313146 -0.016505 15.756001
v 5.159640 -0.016505 15.802565
v 5.000000 -0.016505 15.818289
v 4.840360 -0.016505 15.802565
v 4.686854 -0.016505 15.756001
v 4.545384 -0.016505 15.680382
v 4.421383 -0.016505 15.578617
v 4.319618 -0.016505 15.454615
v 4.244000 -0.016505 15.313145
v 4.197435 -0.016505 15.159641
v 4.181711 -0.016505 15.000000
v 4.197435 -0.016505 14.840359
v 4.244000 -0.016505 14.686855
v 4.319618 -0.016505 14.545385
v 4.421383 -0.016505 14.421383
v 4.545384 -0.016505 14.319618
v 4.686854 -0.016505 14.243999
v 4.840360 -0.016505 14.197435
v 5.000000 -0.016505 14.181711
v 5.159640 -0.016505 14.197435
v 5.313146 -0.016505 14.243999
v 5.454616 -0.016505 14.319618
v 5.313146 0.016505 14.243999
v 5.159640 0.016505 14.197435
v 5.000000 0.016505 14.181711
v 4.840360 0.016505 14.197435
v 4.686854 0.016505 14.243999
v 4.545384 0.016505 14.319618
v 4.421383 0.016505 14.421383
v 4.319618 0.016505 14.545385
v 4.244000 0.016505 14.686855
v 4.197435 0.016505 14.840359
v 4.181711 0.016505 15.000000
v 4.197435 0.016505 15.159641
v 4.244000 0.016505 15.313145
v 4.319618 0.016505 15.454615
v 4.421383 0.016505 15.578617
v 4.545384 0.016505 15.680382
v 4.686854 0.016505 15.756001
v 4.840360 0.016505 15.802565
v 5.000000 0.016505 15.818289
v 5.159640 0.016505 15.802565
v 5.313146 0.016505 15.756001
v 5.454616 0.016505 15.680382
v 5.578617 0.016505 15.578617
v 5.680382 0.016505 15.454615
v 5.756000 0.016505 15.313145
v 5.802565 0.016505 15.159641
v 5.818289 0.016505 15.000000
v 5.802565 0.016505 14.840359
v 5.756000 0.016505 14.686855
v 5.680382 0.016505 14.545385
v 5.578617 0.016505 14.421383
v 5.454616 0.016505 14.319618
vt 0.516331 0.622912
vt 0.516336 0.653747
vt 0.482724 0.653747
vt 0.482720 0.622912
vt 0.516327 0.592069
vt 0.482716 0.592069
vt 0.516323 0.561217
vt 0.482712 0.561217
vt 0.516340 0.684573
vt 0.482728 0.684573
vt 0.516319 0.530177
vt 0.482708 0.530358
vt 0.516344 0.715374
vt 0.482732 0.715374
vt 0.516315 0.499412
vt 0.482704 0.499497
vt 0.516348 0.746140
vt 0.482737 0.746140
vt 0.482699 0.468630
vt 0.516311 0.468646
vt 0.516352 0.776856
vt 0.482741 0.776856
vt 0.482695 0.437764
vt 0.516307 0.437875
vt 0.516356 0.807508
vt 0.482745 0.807508
vt 0.516360 0.838080
vt 0.482749 0.838080
vt 0.482691 0.407114
vt 0.516303 0.407114
vt 0.482687 0.376366
vt 0.516299 0.376366
vt 0.516364 0.868558
vt 0.482753 0.868558
vt 0.482683 0.345637
vt 0.516294 0.345637
vt 0.516368 0.898945
vt 0.482757 0.898945
vt 0.516372 0.929256
vt 0.482761 0.929256
vt 0.482679 0.314937
vt 0.516290 0.314937
vt 0.482675 0.284266
vt 0.516286 0.284266
vt 0.516376 0.959513
vt 0.482765 0.959513
vt 0.482671 0.253635
vt 0.516282 0.253635
vt 0.516381 0.989714
vt 0.482769 0.989738
vt 0.482666 0.223045
vt 0.516278 0.223045
vt 0.482638 0.008365
vt 0.516249 0.008341
vt 0.516254 0.040284
vt 0.482642 0.040284
vt 0.482662 0.192503
vt 0.516274 0.192503
vt 0.516258 0.070692
vt 0.482646 0.070692
vt 0.482658 0.162007
vt 0.516270 0.162007
vt 0.516262 0.101111
vt 0.482650 0.101111
vt 0.516266 0.131547
vt 0.482654 0.131547
vt 0.454768 0.495511
vt 0.450748 0.411019
vt 0.438845 0.329776
vt 0.419515 0.254902
vt 0.393501 0.189273
vt 0.361803 0.135413
vt 0.325639 0.095391
vt 0.286399 0.070746
vt 0.245590 0.062424
vt 0.204782 0.070746
vt 0.165541 0.095391
vt 0.129378 0.135413
vt 0.097680 0.189273
vt 0.071666 0.254902
vt 0.052335 0.329776
vt 0.040432 0.411019
vt 0.036412 0.495511
vt 0.019743 0.495511
vt 0.024083 0.404287
vt 0.036935 0.316568
vt 0.057805 0.235727
vt 0.085892 0.164868
vt 0.120116 0.106716
vt 0.159162 0.063505
vt 0.201529 0.036896
vt 0.245590 0.027911
vt 0.289651 0.036896
vt 0.332018 0.063505
vt 0.371064 0.106716
vt 0.405288 0.164868
vt 0.433375 0.235727
vt 0.454246 0.316568
vt 0.467098 0.404287
vt 0.531515 0.399320
vt 0.544471 0.310249
vt 0.565512 0.228162
vt 0.593827 0.156211
vt 0.628329 0.097163
vt 0.667693 0.053286
vt 0.710405 0.026267
vt 0.754823 0.017143
vt 0.799242 0.026267
vt 0.841954 0.053286
vt 0.881317 0.097163
vt 0.915819 0.156211
vt 0.944135 0.228162
vt 0.965175 0.310249
vt 0.978131 0.399320
vt 0.965701 0.491950
vt 0.961649 0.406157
vt 0.949649 0.323661
vt 0.930162 0.247633
vt 0.903936 0.180992
vt 0.871980 0.126302
vt 0.835523 0.085663
vt 0.795964 0.060639
vt 0.754823 0.052189
vt 0.713683 0.060639
vt 0.674124 0.085663
vt 0.637666 0.126302
vt 0.605710 0.180992
vt 0.579485 0.247633
vt 0.559997 0.323661
vt 0.547997 0.406157
vt 0.543945 0.491950
vt 0.527140 0.491950
vt 0.982506 0.491950
vt 0.978131 0.584581
vt 0.965175 0.673652
vt 0.944135 0.755738
vt 0.915819 0.827689
vt 0.881317 0.886738
vt 0.841954 0.930615
vt 0.799242 0.957634
vt 0.754823 0.966758
vt 0.710405 0.957634
vt 0.667693 0.930615
vt 0.628329 0.886738
vt 0.593827 0.827689
vt 0.565512 0.755738
vt 0.544471 0.673652
vt 0.531515 0.584581
vt 0.547997 0.577744
vt 0.559997 0.660240
vt 0.579485 0.736268
vt 0.605710 0.802909
vt 0.637666 0.857599
vt 0.674124 0.898237
vt 0.713683 0.923262
vt 0.754823 0.931712
vt 0.795964 0.923262
vt 0.835523 0.898237
vt 0.871980 0.857599
vt 0.903936 0.802909
vt 0.930162 0.736268
vt 0.949649 0.660240
vt 0.961649 0.577744
vt 0.467098 0.586736
vt 0.454246 0.674454
vt 0.433375 0.755295
vt 0.405288 0.826154
vt 0.371064 0.884306
vt 0.332018 0.927518
vt 0.289651 0.954127
vt 0.245590 0.963112
vt 0.201529 0.954127
vt 0.159162 0.927518
vt 0.120116 0.884306
vt 0.085892 0.826154
vt 0.057805 0.755295
vt 0.036935 0.674454
vt 0.024083 0.586736
vt 0.040432 0.580003
vt 0.052335 0.661246
vt 0.071666 0.736120
vt 0.097680 0.801750
vt 0.129378 0.855610
vt 0.165541 0.895632
vt 0.204782 0.920276
vt 0.245590 0.928598
vt 0.286399 0.920276
vt 0.325639 0.895632
vt 0.361803 0.855610
vt 0.393501 0.801750
vt 0.419515 0.736120
vt 0.438845 0.661246
vt 0.450748 0.580003
vt 0.471438 0.495511
vt 0.393501 0.189273
vt 0.419515 0.254902
vt 0.438845 0.329776
vt 0.450748 0.411019
vt 0.454768 0.495511
vt 0.450748 0.580003
vt 0.438845 0.661246
vt 0.419515 0.736120
vt 0.393501 0.801750
vt 0.361803 0.855610
vt 0.325639 0.895632
vt 0.286399 0.920276
vt 0.245590 0.928598
vt 0.204782 0.920276
vt 0.165541 0.895632
vt 0.129378 0.855610
vt 0.097680 0.801750
vt 0.071666 0.736120
vt 0.052335 0.661246
vt 0.040432 0.580003
vt 0.036412 0.495511
vt 0.040432 0.411019
vt 0.052335 0.329776
vt 0.071666 0.254902
vt 0.097680 0.189273
vt 0.129378 0.135413
vt 0.165541 0.095391
vt 0.204782 0.070746
vt 0.245590 0.062424
vt 0.286399 0.070746
vt 0.325639 0.095391
vt 0.361803 0.135413
vt 0.835523 0.898237
vt 0.795964 0.923262
vt 0.754823 0.931712
vt 0.713683 0.923262
vt 0.674124 0.898237
vt 0.637666 0.857599
vt 0.605710 0.802909
vt 0.579485 0.736268
vt 0.559997 0.660240
vt 0.547997 0.577744
vt 0.543945 0.491950
vt 0.547997 0.406157
vt 0.559997 0.323661
vt 0.579485 0.247633
vt 0.605710 0.180992
vt 0.637666 0.126302
vt 0.674124 0.085663
vt 0.713683 0.060639
vt 0.754823 0.052189
vt 0.795964 0.060639
vt 0.835523 0.085663
vt 0.871980 0.126302
vt 0.903936 0.180992
vt 0.930162 0.247633
vt 0.949649 0.323661
vt 0.961649 0.406157
vt 0.965701 0.491950
vt 0.961649 0.577744
vt 0.949649 0.660240
vt 0.930162 0.736268
vt 0.903936 0.802909
vt 0.871980 0.857599
vt 0.393501 0.189273
vt 0.419515 0.254902
vt 0.438845 0.329776
vt 0.450748 0.411019
vt 0.454768 0.495511
vt 0.450748 0.580003
vt 0.438845 0.661246
vt 0.419515 0.736120
vt 0.393501 0.801750
vt 0.361803 0.855610
vt 0.325639 0.895632
vt 0.286399 0.920276
vt 0.245590 0.928598
vt 0.204782 0.920276
vt 0.165541 0.895632
vt 0.129378 0.855610
vt 0.097680 0.801750
vt 0.071666 0.736120
vt 0.052335 0.661246
vt 0.040432 0.580003
vt 0.036412 0.495511
vt 0.040432 0.411019
vt 0.052335 0.329776
vt 0.071666 0.254902
vt 0.097680 0.189273
vt 0.129378 0.135413
vt 0.165541 0.095391
vt 0.204782 0.070746
vt 0.245590 0.062424
vt 0.286399 0.070746
vt 0.325639 0.095391
vt 0.361803 0.135413
vt 0.835523 0.898237
vt 0.795964 0.923262
vt 0.754823 0.931712
vt 0.713683 0.923262
vt 0.674124 0.898237
vt 0.637666 0.857599
vt 0.605710 0.802909
vt 0.579485 0.736268
vt 0.559997 0.660240
vt 0.547997 0.577744
vt 0.543945 0.491950
vt 0.547997 0.406157
vt 0.559997 0.323661
vt 0.579485 0.247633
vt 0.605710 0.180992
vt 0.637666 0.126302
vt 0.674124 0.085663
vt 0.713683 0.060639
vt 0.754823 0.052189
vt 0.795964 0.060639
vt 0.835523 0.085663
vt 0.871980 0.126302
vt 0.903936 0.180992
vt 0.930162 0.247633
vt 0.949649 0.323661
vt 0.961649 0.406157
vt 0.965701 0.491950
vt 0.961649 0.577744
vt 0.949649 0.660240
vt 0.930162 0.736268
vt 0.903936 0.802909
vt 0.871980 0.857599
vn -0.773013 0.000000 -0.634390
vn -0.773013 0.000000 -0.634390
vn -0.773013 0.000000 -0.634390
vn -0.773013 0.000000 -0.634390
vn -0.634392 0.000000 -0.773011
vn -0.634392 0.000000 -0.773011
vn -0.634392 0.000000 -0.773011
vn -0.634392 0.000000 -0.773011
vn -0.471404 0.000000 -0.881917
vn -0.471404 0.000000 -0.881917
vn -0.471404 0.000000 -0.881917
vn -0.471404 0.000000 -0.881917
vn -0.881918 0.000000 -0.471403
vn -0.881918 0.000000 -0.471403
vn -0.881918 0.000000 -0.471403
vn -0.881918 0.000000 -0.471403
vn -0.290282 0.000000 -0.956941
vn -0.290282 0.000000 -0.956941
vn -0.290282 0.000000 -0.956941
vn -0.290282 0.000000 -0.956941
vn -0.956940 0.000000 -0.290285
vn -0.956940 0.000000 -0.290285
vn -0.956940 0.000000 -0.290285
vn -0.956940 0.000000 -0.290285
vn -0.098025 0.000000 -0.995184
vn -0.098025 0.000000 -0.995184
vn -0.098025 0.000000 -0.995184
vn -0.098025 0.000000 -0.995184
vn -0.995184 0.000000 -0.098022
vn -0.995184 0.000000 -0.098022
vn -0.995184 0.000000 -0.098022
vn -0.995184 0.000000 -0.098022
vn 0.098025 0.000000 -0.995184
vn 0.098025 0.000000 -0.995184
vn 0.098025 0.000000 -0.995184
vn 0.098025 0.000000 -0.995184
vn -0.995184 0.000000 0.098022
vn -0.995184 0.000000 0.098022
vn -0.995184 0.000000 0.098022
vn -0.995184 0.000000 0.098022
vn 0.290282 0.000000 -0.956941
vn 0.290282 0.000000 -0.956941
vn 0.290282 0.000000 -0.956941
vn 0.290282 0.000000 -0.956941
vn -0.956941 0.000000 0.290282
vn -0.956941 0.000000 0.290282
vn -0.956941 0.000000 0.290282
vn -0.956941 0.000000 0.290282
vn -0.881917 0.000000 0.471405
vn -0.881917 0.000000 0.471405
vn -0.881917 0.000000 0.471405
vn -0.881917 0.000000 0.471405
vn 0.471404 0.000000 -0.881917
vn 0.471404 0.000000 -0.881917
vn 0.471404 0.000000 -0.881917
vn 0.471404 0.000000 -0.881917
vn 0.634392 0.000000 -0.773011
vn 0.634392 0.000000 -0.773011
vn 0.634392 0.000000 -0.773011
vn 0.634392 0.000000 -0.773011
vn -0.773015 0.000000 0.634388
vn -0.773015 0.000000 0.634388
vn -0.773015 0.000000 0.634388
vn -0.773015 0.000000 0.634388
vn 0.773013 0.000000 -0.634390
vn 0.773013 0.000000 -0.634390
vn 0.773013 0.000000 -0.634390
vn 0.773013 0.000000 -0.634390
vn -0.634389 0.000000 0.773014
vn -0.634389 0.000000 0.773014
vn -0.634389 0.000000 0.773014
vn -0.634389 0.000000 0.773014
vn -0.471408 0.000000 0.881915
vn -0.471408 0.000000 0.881915
vn -0.471408 0.000000 0.881915
vn -0.471408 0.000000 0.881915
vn 0.881918 0.000000 -0.471403
vn 0.881918 0.000000 -0.471403
vn 0.881918 0.000000 -0.471403
vn 0.881918 0.000000 -0.471403
vn 0.956940 0.000000 -0.290285
vn 0.956940 0.000000 -0.290285
vn 0.956940 0.000000 -0.290285
vn 0.956940 0.000000 -0.290285
vn -0.290278 0.000000 0.956942
vn -0.290278 0.000000 0.956942
vn -0.290278 0.000000 0.956942
vn -0.290278 0.000000 0.956942
vn 0.995184 0.000000 -0.098022
vn 0.995184 0.000000 -0.098022
vn 0.995184 0.000000 -0.098022
vn 0.995184 0.000000 -0.098022
vn -0.098020 0.000000 0.995184
vn -0.098020 0.000000 0.995184
vn -0.098020 0.000000 0.995184
vn -0.098020 0.000000 0.995184
vn 0.995184 0.000000 0.098022
vn 0.995184 0.000000 0.098022
vn 0.995184 0.000000 0.098022
vn 0.995184 0.000000 0.098022
vn 0.098020 0.000000 0.995184
vn 0.098020 0.000000 0.995184
vn 0.098020 0.000000 0.995184
vn 0.098020 0.000000 0.995184
vn 0.956941 0.000000 0.290282
vn 0.956941 0.000000 0.290282
vn 0.956941 0.000000 0.290282
vn 0.956941 0.000000 0.290282
vn 0.290278 0.000000 0.956942
vn 0.290278 0.000000 0.956942
vn 0.290278 0.000000 0.956942
vn 0.290278 0.000000 0.956942
vn 0.881917 0.000000 0.471405
vn 0.881917 0.000000 0.471405
vn 0.881917 0.000000 0.471405
vn 0.881917 0.000000 0.471405
vn 0.471408 0.000000 0.881915
vn 0.471408 0.000000 0.881915
vn 0.471408 0.000000 0.881915
vn 0.471408 0.000000 0.881915
vn 0.634389 0.000000 0.773014
vn 0.634389 0.000000 0.773014
vn 0.634389 0.000000 0.773014
vn 0.634389 0.000000 0.773014
vn 0.773015 0.000000 0.634388
vn 0.773015 0.000000 0.634388
vn 0.773015 0.000000 0.634388
vn 0.773015 0.000000 0.634388
vn 0.000000 -1.000000 -0.000000
vn 0.000000 -1.000000 -0.000000
vn 0.000000 -1.000000 -0.000000
vn 0.000000 -1.000000 -0.000000
vn 0.000000 -1.000000 -0.000000
vn 0.000000 -1.000000 -0.000000
vn 0.000000 -1.000000 -0.000000
vn 0.000000 -1.000000 -0.000000
vn 0.000000 -1.000000 -0.000000
vn 0.000000 -1.000000 -0.000000
vn 0.000000 -1.000000 -0.000000
vn 0.000000 -1.000000 -0.000000
vn 0.000000 -1.000000 -0.000000
vn 0.000000 -1.000000 -0.000000
vn 0.000000 -1.000000 -0.000000
vn 0.000000 -1.000000 -0.000000
vn 0.000000 -1.000000 -0.000000
vn 0.000000 -1.000000 -0.000000
vn 0.000000 -1.000000 -0.000000
vn 0.000000 -1.000000 -0.000000
vn 0.000000 -1.000000 -0.000000
vn 0.000000 -1.000000 -0.000000
vn 0.000000 -1.000000 -0.000000
vn 0.000000 -1.000000 -0.000000
vn 0.000000 -1.000000 -0.000000
vn 0.000000 -1.000000 -0.000000
vn 0.000000 -1.000000 -0.000000
vn 0.000000 -1.000000 -0.000000
vn 0.000000 -1.000000 -0.000000
vn 0.000000 -1.000000 -0.000000
vn 0.000000 -1.000000 -0.000000
vn 0.000000 -1.000000 -0.000000
vn 0.000000 -1.000000 -0.000000
vn 0.000000 -1.000000 -0.000000
vn 0.000000 1.000000 -0.000000
vn 0.000000 1.000000 -0.000000
vn 0.000000 1.000000 -0.000000
vn 0.000000 1.000000 -0.000000
vn 0.000000 1.000000 -0.000000
vn 0.000000 1.000000 -0.000000
vn 0.000000 1.000000 -0.000000
vn 0.000000 1.000000 -0.000000
vn 0.000000 1.000000 -0.000000
vn 0.000000 1.000000 -0.000000
vn 0.000000 1.000000 -0.000000
vn 0.000000 1.000000 -0.000000
vn 0.000000 1.000000 -0.000000
vn 0.000000 1.000000 -0.000000
vn 0.000000 1.000000 -0.000000
vn 0.000000 1.000000 -0.000000
vn 0.000000 1.000000 -0.000000
vn 0.000000 1.000000 -0.000000
vn 0.000000 1.000000 -0.000000
vn 0.000000 1.000000 -0.000000
vn 0.000000 1.000000 -0.000000
vn 0.000000 1.000000 -0.000000
vn 0.000000 1.000000 -0.000000
vn 0.000000 1.000000 -0.000000
vn 0.000000 1.000000 -0.000000
vn 0.000000 1.000000 -0.000000
vn 0.000000 1.000000 -0.000000
vn 0.000000 1.000000 -0.000000
vn 0.000000 1.000000 -0.000000
vn 0.000000 1.000000 -0.000000
vn 0.000000 1.000000 -0.000000
vn 0.000000 1.000000 -0.000000
vn 0.000000 1.000000 -0.000000
vn 0.000000 1.000000 -0.000000
vn 0.000000 1.000000 -0.000000
vn 0.000000 1.000000 -0.000000
vn 0.000000 1.000000 -0.000000
vn 0.000000 1.000000 -0.000000
vn 0.000000 1.000000 -0.000000
vn 0.000000 1.000000 -0.000000
vn 0.000000 1.000000 -0.000000
vn 0.000000 1.000000 -0.000000
vn 0.000000 1.000000 -0.000000
vn 0.000000 1.000000 -0.000000
vn 0.000000 1.000000 -0.000000
vn 0.000000 1.000000 -0.000000
vn 0.000000 1.000000 -0.000000
vn 0.000000 1.000000 -0.000000
vn 0.000000 1.000000 -0.000000
vn 0.000000 1.000000 -0.000000
vn 0.000000 1.000000 -0.000000
vn 0.000000 1.000000 -0.000000
vn 0.000000 1.000000 -0.000000
vn 0.000000 1.000000 -0.000000
vn 0.000000 1.000000 -0.000000
vn 0.000000 1.000000 -0.000000
vn 0.000000 1.000000 -0.000000
vn 0.000000 1.000000 -0.000000
vn 0.000000 1.000000 -0.000000
vn 0.000000 1.000000 -0.000000
vn 0.000000 1.000000 -0.000000
vn 0.000000 1.000000 -0.000000
vn 0.000000 1.000000 -0.000000
vn 0.000000 1.000000 -0.000000
vn 0.000000 -1.000000 -0.000000
vn 0.000000 -1.000000 -0.000000
vn 0.000000 -1.000000 -0.000000
vn 0.000000 -1.000000 -0.000000
vn 0.000000 -1.000000 -0.000000
vn 0.000000 -1.000000 -0.000000
vn 0.000000 -1.000000 -0.000000
vn 0.000000 -1.000000 -0.000000
vn 0.000000 -1.000000 -0.000000
vn 0.000000 -1.000000 -0.000000
vn 0.000000 -1.000000 -0.000000
vn 0.000000 -1.000000 -0.000000
vn 0.000000 -1.000000 -0.000000
vn 0.000000 -1.000000 -0.000000
vn 0.000000 -1.000000 -0.000000
vn 0.000000 -1.000000 -0.000000
vn 0.000000 -1.000000 -0.000000
vn 0.000000 -1.000000 -0.000000
vn 0.000000 -1.000000 -0.000000
vn 0.000000 -1.000000 -0.000000
vn 0.000000 -1.000000 -0.000000
vn 0.000000 -1.000000 -0.000000
vn 0.000000 -1.000000 -0.000000
vn 0.000000 -1.000000 -0.000000
vn 0.000000 -1.000000 -0.000000
vn 0.000000 -1.000000 -0.000000
vn 0.000000 -1.000000 -0.000000
vn 0.000000 -1.000000 -0.000000
vn 0.000000 -1.000000 -0.000000
vn 0.000000 -1.000000 -0.000000
vn 0.000000 -1.000000 -0.000000
vn 0.000000 -1.000000 -0.000000
vn 0.000000 -1.000000 -0.000000
vn 0.000000 -1.000000 -0.000000
vn 0.000000 -1.000000 -0.000000
vn 0.000000 -1.000000 -0.000000
vn 0.000000 -1.000000 -0.000000
vn 0.000000 -1.000000 -0.000000
vn 0.000000 -1.000000 -0.000000
vn 0.000000 -1.000000 -0.000000
vn 0.000000 -1.000000 -0.000000
vn 0.000000 -1.000000 -0.000000
vn 0.000000 -1.000000 -0.000000
vn 0.000000 -1.000000 -0.000000
vn 0.000000 -1.000000 -0.000000
vn 0.000000 -1.000000 -0.000000
vn 0.000000 -1.000000 -0.000000
vn 0.000000 -1.000000 -0.000000
vn 0.000000 -1.000000 -0.000000
vn 0.000000 -1.000000 -0.000000
vn 0.000000 -1.000000 -0.000000
vn 0.000000 -1.000000 -0.000000
vn 0.000000 -1.000000 -0.000000
vn 0.000000 -1.000000 -0.000000
vn 0.000000 -1.000000 -0.000000
vn 0.000000 -1.000000 -0.000000
vn 0.000000 -1.000000 -0.000000
vn 0.000000 -1.000000 -0.000000
vn 0.000000 -1.000000 -0.000000
vn 0.000000 -1.000000 -0.000000
vn 0.000000 -1.000000 -0.000000
vn 0.000000 -1.000000 -0.000000
vn 0.000000 1.000000 -0.000000
vn 0.000000 1.000000 -0.000000
vn 0.000000 1.000000 -0.000000
vn 0.000000 1.000000 -0.000000
vn 0.000000 1.000000 -0.000000
vn 0.000000 1.000000 -0.000000
vn 0.000000 1.000000 -0.000000
vn 0.000000 1.000000 -0.000000
vn 0.000000 1.000000 -0.000000
vn 0.000000 1.000000 -0.000000
vn 0.000000 1.000000 -0.000000
vn 0.000000 1.000000 -0.000000
vn 0.000000 1.000000 -0.000000
vn 0.000000 1.000000 -0.000000
vn 0.000000 1.000000 -0.000000
vn 0.000000 1.000000 -0.000000
vn 0.000000 1.000000 -0.000000
vn 0.000000 1.000000 -0.000000
vn 0.000000 1.000000 -0.000000
vn 0.000000 1.000000 -0.000000
vn 0.000000 1.000000 -0.000000
vn 0.000000 1.000000 -0.000000
vn 0.000000 1.000000 -0.000000
vn 0.000000 1.000000 -0.000000
vn 0.000000 1.000000 -0.000000
vn 0.000000 1.000000 -0.000000
vn 0.000000 1.000000 -0.000000
vn 0.000000 1.000000 -0.000000
vn 0.000000 1.000000 -0.000000
vn 0.000000 1.000000 -0.000000
vn 0.000000 1.000000 -0.000000
vn 0.000000 1.000000 -0.000000
vn 0.000000 -1.000000 -0.000000
vn 0.000000 -1.000000 -0.000000
vn 0.000000 -1.000000 -0.000000
vn 0.000000 -1.000000 -0.000000
vn 0.000000 -1.000000 -0.000000
vn 0.000000 -1.000000 -0.000000
vn 0.000000 -1.000000 -0.000000
vn 0.000000 -1.000000 -0.000000
vn 0.000000 -1.000000 -0.000000
vn 0.000000 -1.000000 -0.000000
vn 0.000000 -1.000000 -0.000000
vn 0.000000 -1.000000 -0.000000
vn 0.000000 -1.000000 -0.000000
vn 0.000000 -1.000000 -0.000000
vn 0.000000 -1.000000 -0.000000
vn 0.000000 -1.000000 -0.000000
vn 0.000000 -1.000000 -0.000000
vn 0.000000 -1.000000 -0.000000
vn 0.000000 -1.000000 -0.000000
vn 0.000000 -1.000000 -0.000000
vn 0.000000 -1.000000 -0.000000
vn 0.000000 -1.000000 -0.000000
vn 0.000000 -1.000000 -0.000000
vn 0.000000 -1.000000 -0.000000
vn 0.000000 -1.000000 -0.000000
vn 0.000000 -1.000000 -0.000000
vn 0.000000 -1.000000 -0.000000
vn 0.000000 -1.000000 -0.000000
vn 0.000000 -1.000000 -0.000000
vn 0.000000 -1.000000 -0.000000
vn 0.000000 -1.000000 -0.000000
vn 0.000000 -1.000000 -0.000000
vn 0.000000 -1.000000 -0.000000
vn 0.000000 -1.000000 -0.000000
vn 0.000000 -1.000000 -0.000000
vn 0.000000 -1.000000 -0.000000
vn 0.000000 -1.000000 -0.000000
vn 0.000000 -1.000000 -0.000000
vn 0.000000 -1.000000 -0.000000
vn 0.000000 -1.000000 -0.000000
vn 0.000000 -1.000000 -0.000000
vn 0.000000 -1.000000 -0.000000
vn 0.000000 -1.000000 -0.000000
vn 0.000000 -1.000000 -0.000000
vn 0.000000 -1.000000 -0.000000
vn 0.000000 -1.000000 -0.000000
vn 0.000000 -1.000000 -0.000000
vn 0.000000 -1.000000 -0.000000
vn 0.000000 -1.000000 -0.000000
vn 0.000000 -1.000000 -0.000000
vn 0.000000 -1.000000 -0.000000
vn 0.000000 -1.000000 -0.000000
vn 0.000000 -1.000000 -0.000000
vn 0.000000 -1.000000 -0.000000
vn 0.000000 -1.000000 -0.000000
vn 0.000000 -1.000000 -0.000000
vn 0.000000 -1.000000 -0.000000
vn 0.000000 -1.000000 -0.000000
vn 0.000000 -1.000000 -0.000000
vn 0.000000 -1.000000 -0.000000
vn 0.000000 -1.000000 -0.000000
vn 0.000000 -1.000000 -0.000000
vn 0.000000 -1.000000 -0.000000
vn 0.000000 -1.000000 -0.000000
vn 0.000000 1.000000 -0.000000
vn 0.000000 1.000000 -0.000000
vn 0.000000 1.000000 -0.000000
vn 0.000000 1.000000 -0.000000
vn 0.000000 1.000000 -0.000000
vn 0.000000 1.000000 -0.000000
vn 0.000000 1.000000 -0.000000
vn 0.000000 1.000000 -0.000000
vn 0.000000 1.000000 -0.000000
vn 0.000000 1.000000 -0.000000
vn 0.000000 1.000000 -0.000000
vn 0.000000 1.000000 -0.000000
vn 0.000000 1.000000 -0.000000
vn 0.000000 1.000000 -0.000000
vn 0.000000 1.000000 -0.000000
vn 0.000000 1.000000 -0.000000
vn 0.000000 1.000000 -0.000000
vn 0.000000 1.000000 -0.000000
vn 0.000000 1.000000 -0.000000
vn 0.000000 1.000000 -0.000000
vn 0.000000 1.000000 -0.000000
vn 0.000000 1.000000 -0.000000
vn 0.000000 1.000000 -0.000000
vn 0.000000 1.000000 -0.000000
vn 0.000000 1.000000 -0.000000
vn 0.000000 1.000000 -0.000000
vn 0.000000 1.000000 -0.000000
vn 0.000000 1.000000 -0.000000
vn 0.000000 1.000000 -0.000000
vn 0.000000 1.000000 -0.000000
vn 0.000000 1.000000 -0.000000
vn 0.000000 1.000000 -0.000000
vn 0.000000 1.000000 -0.000000
vn 0.000000 1.000000 -0.000000
vn 0.000000 1.000000 -0.000000
vn 0.000000 1.000000 -0.000000
vn 0.000000 1.000000 -0.000000
vn 0.000000 1.000000 -0.000000
vn 0.000000 1.000000 -0.000000
vn 0.000000 1.000000 -0.000000
vn 0.000000 1.000000 -0.000000
vn 0.000000 1.000000 -0.000000
vn 0.000000 1.000000 -0.000000
vn 0.000000 1.000000 -0.000000
vn 0.000000 1.000000 -0.000000
vn 0.000000 1.000000 -0.000000
vn 0.000000 1.000000 -0.000000
vn 0.000000 1.000000 -0.000000
vn 0.000000 1.000000 -0.000000
vn 0.000000 1.000000 -0.000000
vn 0.000000 1.000000 -0.000000
vn 0.000000 1.000000 -0.000000
vn 0.000000 1.000000 -0.000000
vn 0.000000 1.000000 -0.000000
vn 0.000000 1.000000 -0.000000
vn 0.000000 1.000000 -0.000000
vn 0.000000 1.000000 -0.000000
vn 0.000000 1.000000 -0.000000
vn 0.000000 1.000000 -0.000000
vn 0.000000 1.000000 -0.000000
vn 0.000000 1.000000 -0.000000
vn 0.000000 1.000000 -0.000000
vn 0.000000 1.000000 -0.000000
vn 0.000000 1.000000 -0.000000
s off
g Us_Coins_MD TenCent
usemtl TenCentSG
f 897/1617/2305 898/1618/2306 899/1619/2307 900/1620/2308
f 901/1621/2309 897/1617/2310 900/1620/2311 902/1622/2312
f 903/1623/2313 901/1621/2314 902/1622/2315 904/1624/2316
f 898/1618/2317 905/1625/2318 906/1626/2319 899/1619/2320
f 917/1627/2321 903/1623/2322 904/1624/2323 918/1628/2324
f 905/1625/2325 919/1629/2326 920/1630/2327 906/1626/2328
f 925/1631/2329 917/1627/2330 918/1628/2331 926/1632/2332
f 919/1629/2333 927/1633/2334 928/1634/2335 920/1630/2336
f 933/1635/2337 934/1636/2338 925/1631/2339 926/1632/2340
f 927/1633/2341 935/1637/2342 936/1638/2343 928/1634/2344
f 941/1639/2345 942/1640/2346 934/1636/2347 933/1635/2348
f 935/1637/2349 943/1641/2350 944/1642/2351 936/1638/2352
f 943/1641/2353 949/1643/2354 950/1644/2355 944/1642/2356
f 951/1645/2357 952/1646/2358 942/1640/2359 941/1639/2360
f 957/1647/2361 958/1648/2362 952/1646/2363 951/1645/2364
f 949/1643/2365 959/1649/2366 960/1650/2367 950/1644/2368
f 969/1651/2369 970/1652/2370 958/1648/2371 957/1647/2372
f 959/1649/2373 971/1653/2374 972/1654/2375 960/1650/2376
f 971/1653/2377 977/1655/2378 978/1656/2379 972/1654/2380
f 979/1657/2381 980/1658/2382 970/1652/2383 969/1651/2384
f 985/1659/2385 986/1660/2386 980/1658/2387 979/1657/2388
f 977/1655/2389 987/1661/2390 988/1662/2391 978/1656/2392
f 993/1663/2393 994/1664/2394 986/1660/2395 985/1659/2396
f 987/1661/2397 995/1665/2398 996/1666/2399 988/1662/2400
f 1001/1667/2401 1002/1668/2402 994/1664/2403 993/1663/2404
f 996/1669/2405 995/1670/2406 1003/1671/2407 1004/1672/2408
f 1009/1673/2409 1010/1674/2410 1002/1668/2411 1001/1667/2412
f 1004/1672/2413 1003/1671/2414 1011/1675/2415 1012/1676/2416
f 1019/1677/2417 1020/1678/2418 1010/1674/2419 1009/1673/2420
f 1012/1676/2421 1011/1675/2422 1021/1679/2423 1022/1680/2424
f 1022/1680/2425 1021/1679/2426 1023/1681/2427 1024/1682/2428
f 1024/1682/2429 1023/1681/2430 1020/1678/2431 1019/1677/2432
s 1
f 990/1683/2433 984/1684/2434 986/1715/2435 994/1810/2436
f 929/1699/2437 927/1700/2438 919/1701/2439 923/1698/2440
f 923/1698/2440 919/1701/2439 905/1702/2441 915/1697/2442
f 915/1697/2442 905/1702/2441 898/1703/2443 911/1696/2444
f 911/1696/2444 898/1703/2443 897/1704/2445 907/1695/2446
f 907/1695/2446 897/1704/2445 901/1705/2447 908/1694/2448
f 908/1694/2448 901/1705/2447 903/1706/2449 913/1693/2450
f 913/1693/2450 903/1706/2449 917/1707/2451 921/1692/2452
f 921/1692/2452 917/1707/2451 925/1708/2453 931/1691/2454
f 931/1691/2454 925/1708/2453 934/1709/2455 938/1690/2456
f 938/1690/2456 934/1709/2455 942/1710/2457 948/1689/2458
f 948/1689/2458 942/1710/2457 952/1711/2459 956/1688/2460
f 956/1688/2460 952/1711/2459 958/1712/2461 962/1687/2462
f 962/1687/2462 958/1712/2461 970/1713/2463 966/1686/2464
f 966/1686/2464 970/1713/2463 980/1714/2465 976/1685/2466
f 976/1685/2466 980/1714/2465 986/1715/2435 984/1684/2434
s 3
f 989/1731/2467 999/1732/2468 1001/1730/2469 993/1749/2470
f 1009/1729/2471 1001/1730/2469 999/1732/2468 1005/1733/2472
f 1019/1728/2473 1009/1729/2471 1005/1733/2472 1013/1734/2474
f 1024/1727/2475 1019/1728/2473 1013/1734/2474 1017/1735/2476
f 1022/1726/2477 1024/1727/2475 1017/1735/2476 1015/1736/2478
f 1012/1725/2479 1022/1726/2477 1015/1736/2478 1007/1737/2480
f 1004/1724/2481 1012/1725/2479 1007/1737/2480 997/1738/2482
f 996/1723/2483 1004/1724/2481 997/1738/2482 992/1739/2484
f 988/1722/2485 996/1723/2483 992/1739/2484 982/1740/2486
f 978/1721/2487 988/1722/2485 982/1740/2486 974/1741/2488
f 972/1720/2489 978/1721/2487 974/1741/2488 968/1742/2490
f 960/1719/2491 972/1720/2489 968/1742/2490 964/1743/2492
f 950/1718/2493 960/1719/2491 964/1743/2492 954/1744/2494
f 944/1717/2495 950/1718/2493 954/1744/2494 946/1745/2496
f 936/1716/2497 944/1717/2495 946/1745/2496 940/1746/2498
f 928/1748/2499 936/1716/2497 940/1746/2498 930/1747/2500
f 989/1731/2467 993/1749/2470 985/1750/2501 983/1779/2502
f 983/1779/2502 985/1750/2501 979/1751/2503 975/1778/2504
f 975/1778/2504 979/1751/2503 969/1752/2505 965/1777/2506
f 965/1777/2506 969/1752/2505 957/1753/2507 961/1776/2508
f 961/1776/2508 957/1753/2507 951/1754/2509 955/1775/2510
f 955/1775/2510 951/1754/2509 941/1755/2511 947/1774/2512
f 947/1774/2512 941/1755/2511 933/1756/2513 937/1773/2514
f 937/1773/2514 933/1756/2513 926/1757/2515 932/1772/2516
f 932/1772/2516 926/1757/2515 918/1758/2517 922/1771/2518
f 922/1771/2518 918/1758/2517 904/1759/2519 914/1770/2520
f 914/1770/2520 904/1759/2519 902/1760/2521 909/1769/2522
f 909/1769/2522 902/1760/2521 900/1761/2523 910/1768/2524
f 910/1768/2524 900/1761/2523 899/1762/2525 912/1767/2526
f 912/1767/2526 899/1762/2525 906/1763/2527 916/1766/2528
f 916/1766/2528 906/1763/2527 920/1764/2529 924/1765/2530
f 924/1765/2530 920/1764/2529 928/1748/2499 930/1747/2500
s 1
f 935/1794/2531 927/1700/2438 929/1699/2437 939/1795/2532
f 943/1793/2533 935/1794/2531 939/1795/2532 945/1796/2534
f 949/1792/2535 943/1793/2533 945/1796/2534 953/1797/2536
f 959/1791/2537 949/1792/2535 953/1797/2536 963/1798/2538
f 971/1790/2539 959/1791/2537 963/1798/2538 967/1799/2540
f 977/1789/2541 971/1790/2539 967/1799/2540 973/1800/2542
f 987/1788/2543 977/1789/2541 973/1800/2542 981/1801/2544
f 995/1787/2545 987/1788/2543 981/1801/2544 991/1802/2546
f 1003/1786/2547 995/1787/2545 991/1802/2546 998/1803/2548
f 1011/1785/2549 1003/1786/2547 998/1803/2548 1008/1804/2550
f 1021/1784/2551 1011/1785/2549 1008/1804/2550 1016/1805/2552
f 1023/1783/2553 1021/1784/2551 1016/1805/2552 1018/1806/2554
f 1020/1782/2555 1023/1783/2553 1018/1806/2554 1014/1807/2556
f 1010/1781/2557 1020/1782/2555 1014/1807/2556 1006/1808/2558
f 1002/1780/2559 1010/1781/2557 1006/1808/2558 1000/1809/2560
f 994/1810/2436 1002/1780/2559 1000/1809/2560 990/1683/2433
s off
f 1025/1875/2561 1026/1876/2562 1027/1877/2563 1028/1878/2564 1029/1879/2565 1030/1880/2566 1031/1881/2567 1032/1882/2568 1033/1883/2569 1034/1884/2570 1035/1885/2571 1036/1886/2572 1037/1887/2573 1038/1888/2574 1039/1889/2575 1040/1890/2576 1041/1891/2577 1042/1892/2578 1043/1893/2579 1044/1894/2580 1045/1895/2581 1046/1896/2582 1047/1897/2583 1048/1898/2584 1049/1899/2585 1050/1900/2586 1051/1901/2587 1052/1902/2588 1053/1903/2589 1054/1904/2590 1055/1905/2591 1056/1906/2592
f 1057/1907/2593 1058/1908/2594 1059/1909/2595 1060/1910/2596 1061/1911/2597 1062/1912/2598 1063/1913/2599 1064/1914/2600 1065/1915/2601 1066/1916/2602 1067/1917/2603 1068/1918/2604 1069/1919/2605 1070/1920/2606 1071/1921/2607 1072/1922/2608 1073/1923/2609 1074/1924/2610 1075/1925/2611 1076/1926/2612 1077/1927/2613 1078/1928/2614 1079/1929/2615 1080/1930/2616 1081/1931/2617 1082/1932/2618 1083/1933/2619 1084/1934/2620 1085/1935/2621 1086/1936/2622 1087/1937/2623 1088/1938/2624
s 4
f 962/1811/2625 966/1812/2626 1026/1876/2627 1025/1875/2628
f 966/1812/2626 976/1813/2629 1027/1877/2630 1026/1876/2627
f 976/1813/2629 984/1814/2631 1028/1878/2632 1027/1877/2630
f 984/1814/2631 990/1815/2633 1029/1879/2634 1028/1878/2632
f 990/1815/2633 1000/1816/2635 1030/1880/2636 1029/1879/2634
f 1000/1816/2635 1006/1817/2637 1031/1881/2638 1030/1880/2636
f 1006/1817/2637 1014/1818/2639 1032/1882/2640 1031/1881/2638
f 1014/1818/2639 1018/1819/2641 1033/1883/2642 1032/1882/2640
f 1018/1819/2641 1016/1820/2643 1034/1884/2644 1033/1883/2642
f 1016/1820/2643 1008/1821/2645 1035/1885/2646 1034/1884/2644
f 1008/1821/2645 998/1822/2647 1036/1886/2648 1035/1885/2646
f 998/1822/2647 991/1823/2649 1037/1887/2650 1036/1886/2648
f 991/1823/2649 981/1824/2651 1038/1888/2652 1037/1887/2650
f 981/1824/2651 973/1825/2653 1039/1889/2654 1038/1888/2652
f 973/1825/2653 967/1826/2655 1040/1890/2656 1039/1889/2654
f 967/1826/2655 963/1827/2657 1041/1891/2658 1040/1890/2656
f 963/1827/2657 953/1828/2659 1042/1892/2660 1041/1891/2658
f 953/1828/2659 945/1829/2661 1043/1893/2662 1042/1892/2660
f 945/1829/2661 939/1830/2663 1044/1894/2664 1043/1893/2662
f 939/1830/2663 929/1831/2665 1045/1895/2666 1044/1894/2664
f 929/1831/2665 923/1832/2667 1046/1896/2668 1045/1895/2666
f 923/1832/2667 915/1833/2669 1047/1897/2670 1046/1896/2668
f 915/1833/2669 911/1834/2671 1048/1898/2672 1047/1897/2670
f 911/1834/2671 907/1835/2673 1049/1899/2674 1048/1898/2672
f 907/1835/2673 908/1836/2675 1050/1900/2676 1049/1899/2674
f 908/1836/2675 913/1837/2677 1051/1901/2678 1050/1900/2676
f 913/1837/2677 921/1838/2679 1052/1902/2680 1051/1901/2678
f 921/1838/2679 931/1839/2681 1053/1903/2682 1052/1902/2680
f 931/1839/2681 938/1840/2683 1054/1904/2684 1053/1903/2682
f 938/1840/2683 948/1841/2685 1055/1905/2686 1054/1904/2684
f 948/1841/2685 956/1842/2687 1056/1906/2688 1055/1905/2686
f 956/1842/2687 962/1811/2625 1025/1875/2628 1056/1906/2688
s 5
f 947/1843/2689 937/1844/2690 1058/1908/2691 1057/1907/2692
f 937/1844/2690 932/1845/2693 1059/1909/2694 1058/1908/2691
f 932/1845/2693 922/1846/2695 1060/1910/2696 1059/1909/2694
f 922/1846/2695 914/1847/2697 1061/1911/2698 1060/1910/2696
f 914/1847/2697 909/1848/2699 1062/1912/2700 1061/1911/2698
f 909/1848/2699 910/1849/2701 1063/1913/2702 1062/1912/2700
f 910/1849/2701 912/1850/2703 1064/1914/2704 1063/1913/2702
f 912/1850/2703 916/1851/2705 1065/1915/2706 1064/1914/2704
f 916/1851/2705 924/1852/2707 1066/1916/2708 1065/1915/2706
f 924/1852/2707 930/1853/2709 1067/1917/2710 1066/1916/2708
f 930/1853/2709 940/1854/2711 1068/1918/2712 1067/1917/2710
f 940/1854/2711 946/1855/2713 1069/1919/2714 1068/1918/2712
f 946/1855/2713 954/1856/2715 1070/1920/2716 1069/1919/2714
f 954/1856/2715 964/1857/2717 1071/1921/2718 1070/1920/2716
f 964/1857/2717 968/1858/2719 1072/1922/2720 1071/1921/2718
f 968/1858/2719 974/1859/2721 1073/1923/2722 1072/1922/2720
f 974/1859/2721 982/1860/2723 1074/1924/2724 1073/1923/2722
f 982/1860/2723 992/1861/2725 1075/1925/2726 1074/1924/2724
f 992/1861/2725 997/1862/2727 1076/1926/2728 1075/1925/2726
f 997/1862/2727 1007/1863/2729 1077/1927/2730 1076/1926/2728
f 1007/1863/2729 1015/1864/2731 1078/1928/2732 1077/1927/2730
f 1015/1864/2731 1017/1865/2733 1079/1929/2734 1078/1928/2732
f 1017/1865/2733 1013/1866/2735 1080/1930/2736 1079/1929/2734
f 1013/1866/2735 1005/1867/2737 1081/1931/2738 1080/1930/2736
f 1005/1867/2737 999/1868/2739 1082/1932/2740 1081/1931/2738
f 999/1868/2739 989/1869/2741 1083/1933/2742 1082/1932/2740
f 989/1869/2741 983/1870/2743 1084/1934/2744 1083/1933/2742
f 983/1870/2743 975/1871/2745 1085/1935/2746 1084/1934/2744
f 975/1871/2745 965/1872/2747 1086/1936/2748 1085/1935/2746
f 965/1872/2747 961/1873/2749 1087/1937/2750 1086/1936/2748
f 961/1873/2749 955/1874/2751 1088/1938/2752 1087/1937/2750
f 955/1874/2751 947/1843/2689 1057/1907/2692 1088/1938/2752
g default
v 4.334985 -0.035910 19.004732
v 4.153595 -0.035910 19.153595
v 4.153595 0.035910 19.153595
v 4.334985 0.035910 19.004732
v 4.004732 -0.035910 19.334986
v 4.004732 0.035910 19.334986
v 4.541928 -0.035910 18.894117
v 4.541928 0.035910 18.894117
v 3.894117 -0.035910 19.541927
v 3.894117 0.035910 19.541927
v 4.196300 -0.035910 19.196301
v 4.368538 -0.035910 19.054947
v 4.368538 0.035910 19.054947
v 4.196300 0.035910 19.196301
v 4.054948 -0.035910 19.368538
v 4.054948 0.035910 19.368538
v 3.949914 -0.035910 19.565037
v 3.949914 0.035910 19.565037
v 4.565040 -0.035910 18.949913
v 4.565040 0.035910 18.949913
v 3.826001 -0.035910 19.766478
v 3.826001 0.035910 19.766478
v 4.766477 -0.035910 18.826002
v 4.766477 0.035910 18.826002
v 3.885235 -0.035910 19.778259
v 3.885235 0.035910 19.778259
v 4.778259 -0.035910 18.885235
v 4.778259 0.035910 18.885235
v 5.000000 -0.035910 18.802999
v 5.000000 0.035910 18.802999
v 3.803000 -0.035910 20.000000
v 3.803000 0.035910 20.000000
v 5.000000 -0.035910 18.863392
v 5.000000 0.035910 18.863392
v 3.863394 -0.035910 20.000000
v 3.863394 0.035910 20.000000
v 5.233523 0.035910 18.826002
v 5.233523 -0.035910 18.826002
v 3.826001 -0.035910 20.233524
v 3.826001 0.035910 20.233524
v 5.221741 0.035910 18.885235
v 5.221741 -0.035910 18.885235
v 3.885235 -0.035910 20.221741
v 3.885235 0.035910 20.221741
v 3.894117 -0.035910 20.458073
v 3.894117 0.035910 20.458073
v 5.458072 0.035910 18.894117
v 5.458072 -0.035910 18.894117
v 3.949914 -0.035910 20.434959
v 3.949914 0.035910 20.434959
v 5.434960 0.035910 18.949913
v 5.434960 -0.035910 18.949913
v 5.665015 0.035910 19.004732
v 5.665015 -0.035910 19.004732
v 4.004732 -0.035910 20.665016
v 4.004732 0.035910 20.665016
v 5.631462 0.035910 19.054947
v 5.631462 -0.035910 19.054947
v 4.054948 -0.035910 20.631462
v 4.054948 0.035910 20.631462
v 5.846405 0.035910 19.153595
v 5.846405 -0.035910 19.153595
v 4.153595 -0.035910 20.846405
v 4.153595 0.035910 20.846405
v 5.803700 0.035910 19.196301
v 5.803700 -0.035910 19.196301
v 4.196300 -0.035910 20.803699
v 4.196300 0.035910 20.803699
v 5.945052 0.035910 19.368538
v 5.945052 -0.035910 19.368538
v 4.368538 -0.035910 20.945053
v 4.368538 0.035910 20.945053
v 5.995268 0.035910 19.334986
v 5.995268 -0.035910 19.334986
v 4.334985 -0.035910 20.995270
v 4.334985 0.035910 20.995270
v 6.050086 0.035910 19.565037
v 6.050086 -0.035910 19.565037
v 4.565040 -0.035910 21.050087
v 4.565040 0.035910 21.050087
v 6.105883 0.035910 19.541927
v 6.105883 -0.035910 19.541927
v 4.541928 -0.035910 21.105883
v 4.541928 0.035910 21.105883
v 6.114765 0.035910 19.778259
v 6.114765 -0.035910 19.778259
v 4.778259 -0.035910 21.114765
v 4.778259 0.035910 21.114765
v 4.766477 -0.035910 21.174000
v 4.766477 0.035910 21.174000
v 6.173999 0.035910 19.766478
v 6.173999 -0.035910 19.766478
v 5.000000 -0.035910 21.136604
v 5.000000 0.035910 21.136604
v 6.136606 0.035910 20.000000
v 6.136606 -0.035910 20.000000
v 5.000000 -0.035910 21.196999
v 5.000000 0.035910 21.196999
v 6.197000 0.035910 20.000000
v 6.197000 -0.035910 20.000000
v 5.221741 0.035910 21.114765
v 5.221741 -0.035910 21.114765
v 6.114765 0.035910 20.221741
v 6.114765 -0.035910 20.221741
v 5.233523 -0.035910 21.174000
v 5.233523 0.035910 21.174000
v 6.173999 0.035910 20.233524
v 6.173999 -0.035910 20.233524
v 6.050086 0.035910 20.434959
v 6.050086 -0.035910 20.434959
v 5.434960 0.035910 21.050087
v 5.434960 -0.035910 21.050087
v 5.458072 -0.035910 21.105883
v 5.458072 0.035910 21.105883
v 6.105883 0.035910 20.458073
v 6.105883 -0.035910 20.458073
v 5.945052 0.035910 20.631462
v 5.945052 -0.035910 20.631462
v 5.631462 0.035910 20.945053
v 5.631462 -0.035910 20.945053
v 5.803700 0.035910 20.803699
v 5.803700 -0.035910 20.803699
v 5.995268 0.035910 20.665016
v 5.995268 -0.035910 20.665016
v 5.665015 -0.035910 20.995270
v 5.665015 0.035910 20.995270
v 5.846405 0.035910 20.846405
v 5.846405 -0.035910 20.846405
v 3.863394 -0.025910 20.000000
v 3.885235 -0.025910 19.778259
v 3.949914 -0.025910 19.565037
v 4.054948 -0.025910 19.368538
v 4.196300 -0.025910 19.196301
v 4.368538 -0.025910 19.054947
v 4.565040 -0.025910 18.949913
v 4.778259 -0.025910 18.885235
v 5.000000 -0.025910 18.863392
v 5.221741 -0.025910 18.885235
v 5.434960 -0.025910 18.949913
v 5.631462 -0.025910 19.054947
v 5.803700 -0.025910 19.196301
v 5.945052 -0.025910 19.368538
v 6.050086 -0.025910 19.565037
v 6.114765 -0.025910 19.778259
v 6.136606 -0.025910 20.000000
v 6.114765 -0.025910 20.221741
v 6.050086 -0.025910 20.434959
v 5.945052 -0.025910 20.631462
v 5.803700 -0.025910 20.803699
v 5.631462 -0.025910 20.945053
v 5.434960 -0.025910 21.050087
v 5.221741 -0.025910 21.114765
v 5.000000 -0.025910 21.136604
v 4.778259 -0.025910 21.114765
v 4.565040 -0.025910 21.050087
v 4.368538 -0.025910 20.945053
v 4.196300 -0.025910 20.803699
v 4.054948 -0.025910 20.631462
v 3.949914 -0.025910 20.434959
v 3.885235 -0.025910 20.221741
v 5.000000 0.025910 18.863392
v 4.778259 0.025910 18.885235
v 4.565040 0.025910 18.949913
v 4.368538 0.025910 19.054947
v 4.196300 0.025910 19.196301
v 4.054948 0.025910 19.368538
v 3.949914 0.025910 19.565037
v 3.885235 0.025910 19.778259
v 3.863394 0.025910 20.000000
v 3.885235 0.025910 20.221741
v 3.949914 0.025910 20.434959
v 4.054948 0.025910 20.631462
v 4.196300 0.025910 20.803699
v 4.368538 0.025910 20.945053
v 4.565040 0.025910 21.050087
v 4.778259 0.025910 21.114765
v 5.000000 0.025910 21.136604
v 5.221741 0.025910 21.114765
v 5.434960 0.025910 21.050087
v 5.631462 0.025910 20.945053
v 5.803700 0.025910 20.803699
v 5.945052 0.025910 20.631462
v 6.050086 0.025910 20.434959
v 6.114765 0.025910 20.221741
v 6.136606 0.025910 20.000000
v 6.114765 0.025910 19.778259
v 6.050086 0.025910 19.565037
v 5.945052 0.025910 19.368538
v 5.803700 0.025910 19.196301
v 5.631462 0.025910 19.054947
v 5.434960 0.025910 18.949913
v 5.221741 0.025910 18.885235
vt 0.508758 0.605834
vt 0.508758 0.635952
vt 0.486802 0.635952
vt 0.486802 0.606157
vt 0.508758 0.665738
vt 0.486802 0.665738
vt 0.508758 0.576354
vt 0.486802 0.576354
vt 0.508758 0.695515
vt 0.486802 0.695515
vt 0.508758 0.725269
vt 0.486802 0.725269
vt 0.508758 0.546394
vt 0.486802 0.546545
vt 0.508758 0.516675
vt 0.486802 0.516733
vt 0.508758 0.754989
vt 0.486802 0.754989
vt 0.486802 0.486916
vt 0.508758 0.486956
vt 0.508757 0.784660
vt 0.486802 0.784660
vt 0.508757 0.814270
vt 0.486802 0.814270
vt 0.486803 0.457099
vt 0.508758 0.457231
vt 0.486803 0.427282
vt 0.508758 0.427515
vt 0.508757 0.843802
vt 0.486802 0.843802
vt 0.486803 0.397813
vt 0.508758 0.397813
vt 0.508757 0.873243
vt 0.486802 0.873243
vt 0.486803 0.368130
vt 0.508758 0.368130
vt 0.508757 0.902597
vt 0.486802 0.902597
vt 0.486803 0.338473
vt 0.508758 0.338473
vt 0.508757 0.931878
vt 0.486802 0.931878
vt 0.508757 0.961106
vt 0.486801 0.961106
vt 0.486803 0.308845
vt 0.508758 0.308845
vt 0.508757 0.990304
vt 0.486801 0.990303
vt 0.486803 0.279256
vt 0.508759 0.279256
vt 0.486803 0.042303
vt 0.508759 0.042304
vt 0.508759 0.073161
vt 0.486803 0.073161
vt 0.486803 0.249707
vt 0.508759 0.249707
vt 0.508759 0.102534
vt 0.486803 0.102534
vt 0.486803 0.220203
vt 0.508759 0.220203
vt 0.486803 0.190744
vt 0.508759 0.190744
vt 0.508759 0.131919
vt 0.486803 0.131919
vt 0.486803 0.161320
vt 0.508759 0.161320
vt 0.246077 0.974858
vt 0.200899 0.965701
vt 0.157457 0.938584
vt 0.117422 0.894548
vt 0.082330 0.835286
vt 0.053531 0.763075
vt 0.032131 0.680691
vt 0.018953 0.591298
vt 0.014503 0.498332
vt 0.018953 0.405366
vt 0.032131 0.315973
vt 0.053531 0.233589
vt 0.082330 0.161378
vt 0.117422 0.102115
vt 0.157457 0.058079
vt 0.200899 0.030962
vt 0.246077 0.021805
vt 0.246077 0.045848
vt 0.203178 0.054543
vt 0.161928 0.080291
vt 0.123913 0.122106
vt 0.090592 0.178379
vt 0.063246 0.246946
vt 0.042926 0.325173
vt 0.030413 0.410056
vt 0.026187 0.498332
vt 0.030413 0.586607
vt 0.042926 0.671489
vt 0.063246 0.749717
vt 0.090592 0.818285
vt 0.123913 0.874557
vt 0.161929 0.916372
vt 0.203178 0.942120
vt 0.246077 0.950815
vt 0.541439 0.400317
vt 0.554253 0.310679
vt 0.575062 0.228070
vt 0.603067 0.155661
vt 0.637190 0.096238
vt 0.676121 0.052081
vt 0.718364 0.024890
vt 0.762296 0.015708
vt 0.762295 0.039817
vt 0.720581 0.048536
vt 0.680469 0.074354
vt 0.643502 0.116283
vt 0.611101 0.172709
vt 0.584509 0.241464
vt 0.564750 0.319906
vt 0.552582 0.405020
vt 0.548473 0.493536
vt 0.552582 0.582053
vt 0.564750 0.667168
vt 0.584509 0.745608
vt 0.611101 0.814363
vt 0.643503 0.870790
vt 0.680469 0.912718
vt 0.720581 0.938537
vt 0.762296 0.947256
vt 0.762296 0.971364
vt 0.718364 0.962182
vt 0.676121 0.934991
vt 0.637190 0.890835
vt 0.603067 0.831411
vt 0.575062 0.759002
vt 0.554253 0.676393
vt 0.541439 0.586756
vt 0.537112 0.493536
vt 0.473200 0.591298
vt 0.460022 0.680691
vt 0.438623 0.763075
vt 0.409823 0.835286
vt 0.374731 0.894548
vt 0.334696 0.938584
vt 0.291254 0.965701
vt 0.288975 0.942120
vt 0.330225 0.916372
vt 0.368240 0.874557
vt 0.401561 0.818285
vt 0.428908 0.749717
vt 0.449228 0.671489
vt 0.461740 0.586607
vt 0.465966 0.498332
vt 0.461740 0.410056
vt 0.449228 0.325173
vt 0.428908 0.246946
vt 0.401561 0.178379
vt 0.368240 0.122106
vt 0.330225 0.080291
vt 0.288975 0.054543
vt 0.291254 0.030962
vt 0.334696 0.058079
vt 0.374731 0.102115
vt 0.409823 0.161378
vt 0.438623 0.233589
vt 0.460022 0.315973
vt 0.473200 0.405366
vt 0.477650 0.498332
vt 0.806227 0.024890
vt 0.848470 0.052081
vt 0.887401 0.096238
vt 0.921524 0.155661
vt 0.949529 0.228070
vt 0.970338 0.310679
vt 0.983152 0.400317
vt 0.987479 0.493536
vt 0.983152 0.586756
vt 0.970338 0.676393
vt 0.949529 0.759002
vt 0.921524 0.831411
vt 0.887401 0.890835
vt 0.848470 0.934991
vt 0.806227 0.962182
vt 0.804010 0.938537
vt 0.844122 0.912718
vt 0.881088 0.870790
vt 0.913490 0.814363
vt 0.940082 0.745608
vt 0.959841 0.667168
vt 0.972009 0.582053
vt 0.976118 0.493536
vt 0.972009 0.405020
vt 0.959841 0.319906
vt 0.940082 0.241464
vt 0.913490 0.172709
vt 0.881088 0.116283
vt 0.844122 0.074354
vt 0.804010 0.048536
vt 0.026187 0.498332
vt 0.030413 0.410056
vt 0.042926 0.325173
vt 0.063246 0.246946
vt 0.090592 0.178379
vt 0.123913 0.122106
vt 0.161928 0.080291
vt 0.203178 0.054543
vt 0.246077 0.045848
vt 0.288975 0.054543
vt 0.330225 0.080291
vt 0.368240 0.122106
vt 0.401561 0.178379
vt 0.428908 0.246946
vt 0.449228 0.325173
vt 0.461740 0.410056
vt 0.465966 0.498332
vt 0.461740 0.586607
vt 0.449228 0.671489
vt 0.428908 0.749717
vt 0.401561 0.818285
vt 0.368240 0.874557
vt 0.330225 0.916372
vt 0.288975 0.942120
vt 0.246077 0.950815
vt 0.203178 0.942120
vt 0.161929 0.916372
vt 0.123913 0.874557
vt 0.090592 0.818285
vt 0.063246 0.749717
vt 0.042926 0.671489
vt 0.030413 0.586607
vt 0.762296 0.947256
vt 0.720581 0.938537
vt 0.680469 0.912718
vt 0.643503 0.870790
vt 0.611101 0.814363
vt 0.584509 0.745608
vt 0.564750 0.667168
vt 0.552582 0.582053
vt 0.548473 0.493536
vt 0.552582 0.405020
vt 0.564750 0.319906
vt 0.584509 0.241464
vt 0.611101 0.172709
vt 0.643502 0.116283
vt 0.680469 0.074354
vt 0.720581 0.048536
vt 0.762295 0.039817
vt 0.804010 0.048536
vt 0.844122 0.074354
vt 0.881088 0.116283
vt 0.913490 0.172709
vt 0.940082 0.241464
vt 0.959841 0.319906
vt 0.972009 0.405020
vt 0.976118 0.493536
vt 0.972009 0.582053
vt 0.959841 0.667168
vt 0.940082 0.745608
vt 0.913490 0.814363
vt 0.881088 0.870790
vt 0.844122 0.912718
vt 0.804010 0.938537
vt 0.026187 0.498332
vt 0.030413 0.410056
vt 0.042926 0.325173
vt 0.063246 0.246946
vt 0.090592 0.178379
vt 0.123913 0.122106
vt 0.161928 0.080291
vt 0.203178 0.054543
vt 0.246077 0.045848
vt 0.288975 0.054543
vt 0.330225 0.080291
vt 0.368240 0.122106
vt 0.401561 0.178379
vt 0.428908 0.246946
vt 0.449228 0.325173
vt 0.461740 0.410056
vt 0.465966 0.498332
vt 0.461740 0.586607
vt 0.449228 0.671489
vt 0.428908 0.749717
vt 0.401561 0.818285
vt 0.368240 0.874557
vt 0.330225 0.916372
vt 0.288975 0.942120
vt 0.246077 0.950815
vt 0.203178 0.942120
vt 0.161929 0.916372
vt 0.123913 0.874557
vt 0.090592 0.818285
vt 0.063246 0.749717
vt 0.042926 0.671489
vt 0.030413 0.586607
vt 0.762296 0.947256
vt 0.720581 0.938537
vt 0.680469 0.912718
vt 0.643503 0.870790
vt 0.611101 0.814363
vt 0.584509 0.745608
vt 0.564750 0.667168
vt 0.552582 0.582053
vt 0.548473 0.493536
vt 0.552582 0.405020
vt 0.564750 0.319906
vt 0.584509 0.241464
vt 0.611101 0.172709
vt 0.643502 0.116283
vt 0.680469 0.074354
vt 0.720581 0.048536
vt 0.762295 0.039817
vt 0.804010 0.048536
vt 0.844122 0.074354
vt 0.881088 0.116283
vt 0.913490 0.172709
vt 0.940082 0.241464
vt 0.959841 0.319906
vt 0.972009 0.405020
vt 0.976118 0.493536
vt 0.972009 0.582053
vt 0.959841 0.667168
vt 0.940082 0.745608
vt 0.913490 0.814363
vt 0.881088 0.870790
vt 0.844122 0.912718
vt 0.804010 0.938537
vn -0.634393 0.000000 -0.773011
vn -0.634393 0.000000 -0.773011
vn -0.634393 0.000000 -0.773011
vn -0.634393 0.000000 -0.773011
vn -0.773011 0.000000 -0.634393
vn -0.773011 0.000000 -0.634393
vn -0.773011 0.000000 -0.634393
vn -0.773011 0.000000 -0.634393
vn -0.471402 0.000000 -0.881918
vn -0.471402 0.000000 -0.881918
vn -0.471402 0.000000 -0.881918
vn -0.471402 0.000000 -0.881918
vn -0.881917 0.000000 -0.471405
vn -0.881917 0.000000 -0.471405
vn -0.881917 0.000000 -0.471405
vn -0.881917 0.000000 -0.471405
vn -0.956941 0.000000 -0.290282
vn -0.956941 0.000000 -0.290282
vn -0.956941 0.000000 -0.290282
vn -0.956941 0.000000 -0.290282
vn -0.290282 0.000000 -0.956941
vn -0.290282 0.000000 -0.956941
vn -0.290282 0.000000 -0.956941
vn -0.290282 0.000000 -0.956941
vn -0.098029 0.000000 -0.995184
vn -0.098029 0.000000 -0.995184
vn -0.098029 0.000000 -0.995184
vn -0.098029 0.000000 -0.995184
vn -0.995184 0.000000 -0.098022
vn -0.995184 0.000000 -0.098022
vn -0.995184 0.000000 -0.098022
vn -0.995184 0.000000 -0.098022
vn 0.098029 0.000000 -0.995184
vn 0.098029 0.000000 -0.995184
vn 0.098029 0.000000 -0.995184
vn 0.098029 0.000000 -0.995184
vn -0.995184 0.000000 0.098021
vn -0.995184 0.000000 0.098021
vn -0.995184 0.000000 0.098021
vn -0.995184 0.000000 0.098021
vn -0.956941 0.000000 0.290282
vn -0.956941 0.000000 0.290282
vn -0.956941 0.000000 0.290282
vn -0.956941 0.000000 0.290282
vn 0.290282 0.000000 -0.956941
vn 0.290282 0.000000 -0.956941
vn 0.290282 0.000000 -0.956941
vn 0.290282 0.000000 -0.956941
vn 0.471402 0.000000 -0.881918
vn 0.471402 0.000000 -0.881918
vn 0.471402 0.000000 -0.881918
vn 0.471402 0.000000 -0.881918
vn -0.881917 0.000000 0.471405
vn -0.881917 0.000000 0.471405
vn -0.881917 0.000000 0.471405
vn -0.881917 0.000000 0.471405
vn 0.634393 0.000000 -0.773011
vn 0.634393 0.000000 -0.773011
vn 0.634393 0.000000 -0.773011
vn 0.634393 0.000000 -0.773011
vn -0.773009 0.000000 0.634395
vn -0.773009 0.000000 0.634395
vn -0.773009 0.000000 0.634395
vn -0.773009 0.000000 0.634395
vn 0.773011 0.000000 -0.634393
vn 0.773011 0.000000 -0.634393
vn 0.773011 0.000000 -0.634393
vn 0.773011 0.000000 -0.634393
vn -0.634396 0.000000 0.773008
vn -0.634396 0.000000 0.773008
vn -0.634396 0.000000 0.773008
vn -0.634396 0.000000 0.773008
vn 0.881917 0.000000 -0.471405
vn 0.881917 0.000000 -0.471405
vn 0.881917 0.000000 -0.471405
vn 0.881917 0.000000 -0.471405
vn -0.471398 0.000000 0.881921
vn -0.471398 0.000000 0.881921
vn -0.471398 0.000000 0.881921
vn -0.471398 0.000000 0.881921
vn -0.290287 0.000000 0.956940
vn -0.290287 0.000000 0.956940
vn -0.290287 0.000000 0.956940
vn -0.290287 0.000000 0.956940
vn 0.956941 0.000000 -0.290282
vn 0.956941 0.000000 -0.290282
vn 0.956941 0.000000 -0.290282
vn 0.956941 0.000000 -0.290282
vn -0.098019 0.000000 0.995185
vn -0.098019 0.000000 0.995185
vn -0.098019 0.000000 0.995185
vn -0.098019 0.000000 0.995185
vn 0.995184 0.000000 -0.098022
vn 0.995184 0.000000 -0.098022
vn 0.995184 0.000000 -0.098022
vn 0.995184 0.000000 -0.098022
vn 0.098019 0.000000 0.995185
vn 0.098019 0.000000 0.995185
vn 0.098019 0.000000 0.995185
vn 0.098019 0.000000 0.995185
vn 0.995184 0.000000 0.098021
vn 0.995184 0.000000 0.098021
vn 0.995184 0.000000 0.098021
vn 0.995184 0.000000 0.098021
vn 0.290287 0.000000 0.956940
vn 0.290287 0.000000 0.956940
vn 0.290287 0.000000 0.956940
vn 0.290287 0.000000 0.956940
vn 0.956941 0.000000 0.290282
vn 0.956941 0.000000 0.290282
vn 0.956941 0.000000 0.290282
vn 0.956941 0.000000 0.290282
vn 0.881917 0.000000 0.471405
vn 0.881917 0.000000 0.471405
vn 0.881917 0.000000 0.471405
vn 0.881917 0.000000 0.471405
vn 0.471398 0.000000 0.881921
vn 0.471398 0.000000 0.881921
vn 0.471398 0.000000 0.881921
vn 0.471398 0.000000 0.881921
vn 0.773009 0.000000 0.634395
vn 0.773009 0.000000 0.634395
vn 0.773009 0.000000 0.634395
vn 0.773009 0.000000 0.634395
vn 0.634396 0.000000 0.773008
vn 0.634396 0.000000 0.773008
vn 0.634396 0.000000 0.773008
vn 0.634396 0.000000 0.773008
vn 0.000000 -1.000000 -0.000000
vn 0.000000 -1.000000 -0.000000
vn 0.000000 -1.000000 -0.000000
vn 0.000000 -1.000000 -0.000000
vn 0.000000 -1.000000 -0.000000
vn 0.000000 -1.000000 -0.000000
vn 0.000000 -1.000000 -0.000000
vn 0.000000 -1.000000 -0.000000
vn 0.000000 -1.000000 -0.000000
vn 0.000000 -1.000000 -0.000000
vn 0.000000 -1.000000 -0.000000
vn 0.000000 -1.000000 -0.000000
vn 0.000000 -1.000000 -0.000000
vn 0.000000 -1.000000 -0.000000
vn 0.000000 -1.000000 -0.000000
vn 0.000000 -1.000000 -0.000000
vn 0.000000 -1.000000 -0.000000
vn 0.000000 -1.000000 -0.000000
vn 0.000000 -1.000000 -0.000000
vn 0.000000 -1.000000 -0.000000
vn 0.000000 -1.000000 -0.000000
vn 0.000000 -1.000000 -0.000000
vn 0.000000 -1.000000 -0.000000
vn 0.000000 -1.000000 -0.000000
vn 0.000000 -1.000000 -0.000000
vn 0.000000 -1.000000 -0.000000
vn 0.000000 -1.000000 -0.000000
vn 0.000000 -1.000000 -0.000000
vn 0.000000 -1.000000 -0.000000
vn 0.000000 -1.000000 -0.000000
vn 0.000000 -1.000000 -0.000000
vn 0.000000 -1.000000 -0.000000
vn 0.000000 -1.000000 -0.000000
vn 0.000000 -1.000000 -0.000000
vn 0.000000 1.000000 -0.000000
vn 0.000000 1.000000 -0.000000
vn 0.000000 1.000000 -0.000000
vn 0.000000 1.000000 -0.000000
vn 0.000000 1.000000 -0.000000
vn 0.000000 1.000000 -0.000000
vn 0.000000 1.000000 -0.000000
vn 0.000000 1.000000 -0.000000
vn 0.000000 1.000000 -0.000000
vn 0.000000 1.000000 -0.000000
vn 0.000000 1.000000 -0.000000
vn 0.000000 1.000000 -0.000000
vn 0.000000 1.000000 -0.000000
vn 0.000000 1.000000 -0.000000
vn 0.000000 1.000000 -0.000000
vn 0.000000 1.000000 -0.000000
vn 0.000000 1.000000 -0.000000
vn 0.000000 1.000000 -0.000000
vn 0.000000 1.000000 -0.000000
vn 0.000000 1.000000 -0.000000
vn 0.000000 1.000000 -0.000000
vn 0.000000 1.000000 -0.000000
vn 0.000000 1.000000 -0.000000
vn 0.000000 1.000000 -0.000000
vn 0.000000 1.000000 -0.000000
vn 0.000000 1.000000 -0.000000
vn 0.000000 1.000000 -0.000000
vn 0.000000 1.000000 -0.000000
vn 0.000000 1.000000 -0.000000
vn 0.000000 1.000000 -0.000000
vn 0.000000 1.000000 -0.000000
vn 0.000000 1.000000 -0.000000
vn 0.000000 1.000000 -0.000000
vn 0.000000 1.000000 -0.000000
vn 0.000000 -1.000000 -0.000000
vn 0.000000 -1.000000 -0.000000
vn 0.000000 -1.000000 -0.000000
vn 0.000000 -1.000000 -0.000000
vn 0.000000 -1.000000 -0.000000
vn 0.000000 -1.000000 -0.000000
vn 0.000000 -1.000000 -0.000000
vn 0.000000 -1.000000 -0.000000
vn 0.000000 -1.000000 -0.000000
vn 0.000000 -1.000000 -0.000000
vn 0.000000 -1.000000 -0.000000
vn 0.000000 -1.000000 -0.000000
vn 0.000000 -1.000000 -0.000000
vn 0.000000 -1.000000 -0.000000
vn 0.000000 -1.000000 -0.000000
vn 0.000000 -1.000000 -0.000000
vn 0.000000 -1.000000 -0.000000
vn 0.000000 -1.000000 -0.000000
vn 0.000000 -1.000000 -0.000000
vn 0.000000 -1.000000 -0.000000
vn 0.000000 -1.000000 -0.000000
vn 0.000000 -1.000000 -0.000000
vn 0.000000 -1.000000 -0.000000
vn 0.000000 -1.000000 -0.000000
vn 0.000000 -1.000000 -0.000000
vn 0.000000 -1.000000 -0.000000
vn 0.000000 -1.000000 -0.000000
vn 0.000000 -1.000000 -0.000000
vn 0.000000 -1.000000 -0.000000
vn 0.000000 -1.000000 -0.000000
vn 0.000000 1.000000 -0.000000
vn 0.000000 1.000000 -0.000000
vn 0.000000 1.000000 -0.000000
vn 0.000000 1.000000 -0.000000
vn 0.000000 1.000000 -0.000000
vn 0.000000 1.000000 -0.000000
vn 0.000000 1.000000 -0.000000
vn 0.000000 1.000000 -0.000000
vn 0.000000 1.000000 -0.000000
vn 0.000000 1.000000 -0.000000
vn 0.000000 1.000000 -0.000000
vn 0.000000 1.000000 -0.000000
vn 0.000000 1.000000 -0.000000
vn 0.000000 1.000000 -0.000000
vn 0.000000 1.000000 -0.000000
vn 0.000000 1.000000 -0.000000
vn 0.000000 1.000000 -0.000000
vn 0.000000 1.000000 -0.000000
vn 0.000000 1.000000 -0.000000
vn 0.000000 1.000000 -0.000000
vn 0.000000 1.000000 -0.000000
vn 0.000000 1.000000 -0.000000
vn 0.000000 1.000000 -0.000000
vn 0.000000 1.000000 -0.000000
vn 0.000000 1.000000 -0.000000
vn 0.000000 1.000000 -0.000000
vn 0.000000 1.000000 -0.000000
vn 0.000000 1.000000 -0.000000
vn 0.000000 1.000000 -0.000000
vn 0.000000 1.000000 -0.000000
vn 0.000000 -1.000000 -0.000000
vn 0.000000 -1.000000 -0.000000
vn 0.000000 -1.000000 -0.000000
vn 0.000000 -1.000000 -0.000000
vn 0.000000 -1.000000 -0.000000
vn 0.000000 -1.000000 -0.000000
vn 0.000000 -1.000000 -0.000000
vn 0.000000 -1.000000 -0.000000
vn 0.000000 -1.000000 -0.000000
vn 0.000000 -1.000000 -0.000000
vn 0.000000 -1.000000 -0.000000
vn 0.000000 -1.000000 -0.000000
vn 0.000000 -1.000000 -0.000000
vn 0.000000 -1.000000 -0.000000
vn 0.000000 -1.000000 -0.000000
vn 0.000000 -1.000000 -0.000000
vn 0.000000 -1.000000 -0.000000
vn 0.000000 -1.000000 -0.000000
vn 0.000000 -1.000000 -0.000000
vn 0.000000 -1.000000 -0.000000
vn 0.000000 -1.000000 -0.000000
vn 0.000000 -1.000000 -0.000000
vn 0.000000 -1.000000 -0.000000
vn 0.000000 -1.000000 -0.000000
vn 0.000000 -1.000000 -0.000000
vn 0.000000 -1.000000 -0.000000
vn 0.000000 -1.000000 -0.000000
vn 0.000000 -1.000000 -0.000000
vn 0.000000 -1.000000 -0.000000
vn 0.000000 -1.000000 -0.000000
vn 0.000000 -1.000000 -0.000000
vn 0.000000 -1.000000 -0.000000
vn 0.000000 1.000000 -0.000000
vn 0.000000 1.000000 -0.000000
vn 0.000000 1.000000 -0.000000
vn 0.000000 1.000000 -0.000000
vn 0.000000 1.000000 -0.000000
vn 0.000000 1.000000 -0.000000
vn 0.000000 1.000000 -0.000000
vn 0.000000 1.000000 -0.000000
vn 0.000000 1.000000 -0.000000
vn 0.000000 1.000000 -0.000000
vn 0.000000 1.000000 -0.000000
vn 0.000000 1.000000 -0.000000
vn 0.000000 1.000000 -0.000000
vn 0.000000 1.000000 -0.000000
vn 0.000000 1.000000 -0.000000
vn 0.000000 1.000000 -0.000000
vn 0.000000 1.000000 -0.000000
vn 0.000000 1.000000 -0.000000
vn 0.000000 1.000000 -0.000000
vn 0.000000 1.000000 -0.000000
vn 0.000000 1.000000 -0.000000
vn 0.000000 1.000000 -0.000000
vn 0.000000 1.000000 -0.000000
vn 0.000000 1.000000 -0.000000
vn 0.000000 1.000000 -0.000000
vn 0.000000 1.000000 -0.000000
vn 0.000000 1.000000 -0.000000
vn 0.000000 1.000000 -0.000000
vn 0.000000 1.000000 -0.000000
vn 0.000000 1.000000 -0.000000
vn 0.000000 1.000000 -0.000000
vn 0.000000 1.000000 -0.000000
vn 0.000000 -1.000000 -0.000000
vn 0.000000 -1.000000 -0.000000
vn 0.000000 -1.000000 -0.000000
vn 0.000000 -1.000000 -0.000000
vn 0.000000 -1.000000 -0.000000
vn 0.000000 -1.000000 -0.000000
vn 0.000000 -1.000000 -0.000000
vn 0.000000 -1.000000 -0.000000
vn 0.000000 -1.000000 -0.000000
vn 0.000000 -1.000000 -0.000000
vn 0.000000 -1.000000 -0.000000
vn 0.000000 -1.000000 -0.000000
vn 0.000000 -1.000000 -0.000000
vn 0.000000 -1.000000 -0.000000
vn 0.000000 -1.000000 -0.000000
vn 0.000000 -1.000000 -0.000000
vn 0.000000 -1.000000 -0.000000
vn 0.000000 -1.000000 -0.000000
vn 0.000000 -1.000000 -0.000000
vn 0.000000 -1.000000 -0.000000
vn 0.000000 -1.000000 -0.000000
vn 0.000000 -1.000000 -0.000000
vn 0.000000 -1.000000 -0.000000
vn 0.000000 -1.000000 -0.000000
vn 0.000000 -1.000000 -0.000000
vn 0.000000 -1.000000 -0.000000
vn 0.000000 -1.000000 -0.000000
vn 0.000000 -1.000000 -0.000000
vn 0.000000 -1.000000 -0.000000
vn 0.000000 -1.000000 -0.000000
vn 0.000000 -1.000000 -0.000000
vn 0.000000 -1.000000 -0.000000
vn 0.000000 -1.000000 -0.000000
vn 0.000000 -1.000000 -0.000000
vn 0.000000 -1.000000 -0.000000
vn 0.000000 -1.000000 -0.000000
vn 0.000000 -1.000000 -0.000000
vn 0.000000 -1.000000 -0.000000
vn 0.000000 -1.000000 -0.000000
vn 0.000000 -1.000000 -0.000000
vn 0.000000 -1.000000 -0.000000
vn 0.000000 -1.000000 -0.000000
vn 0.000000 -1.000000 -0.000000
vn 0.000000 -1.000000 -0.000000
vn 0.000000 -1.000000 -0.000000
vn 0.000000 -1.000000 -0.000000
vn 0.000000 -1.000000 -0.000000
vn 0.000000 -1.000000 -0.000000
vn 0.000000 -1.000000 -0.000000
vn 0.000000 -1.000000 -0.000000
vn 0.000000 -1.000000 -0.000000
vn 0.000000 -1.000000 -0.000000
vn 0.000000 -1.000000 -0.000000
vn 0.000000 -1.000000 -0.000000
vn 0.000000 -1.000000 -0.000000
vn 0.000000 -1.000000 -0.000000
vn 0.000000 -1.000000 -0.000000
vn 0.000000 -1.000000 -0.000000
vn 0.000000 -1.000000 -0.000000
vn 0.000000 -1.000000 -0.000000
vn 0.000000 -1.000000 -0.000000
vn 0.000000 -1.000000 -0.000000
vn 0.000000 -1.000000 -0.000000
vn 0.000000 -1.000000 -0.000000
vn 0.000000 1.000000 -0.000000
vn 0.000000 1.000000 -0.000000
vn 0.000000 1.000000 -0.000000
vn 0.000000 1.000000 -0.000000
vn 0.000000 1.000000 -0.000000
vn 0.000000 1.000000 -0.000000
vn 0.000000 1.000000 -0.000000
vn 0.000000 1.000000 -0.000000
vn 0.000000 1.000000 -0.000000
vn 0.000000 1.000000 -0.000000
vn 0.000000 1.000000 -0.000000
vn 0.000000 1.000000 -0.000000
vn 0.000000 1.000000 -0.000000
vn 0.000000 1.000000 -0.000000
vn 0.000000 1.000000 -0.000000
vn 0.000000 1.000000 -0.000000
vn 0.000000 1.000000 -0.000000
vn 0.000000 1.000000 -0.000000
vn 0.000000 1.000000 -0.000000
vn 0.000000 1.000000 -0.000000
vn 0.000000 1.000000 -0.000000
vn 0.000000 1.000000 -0.000000
vn 0.000000 1.000000 -0.000000
vn 0.000000 1.000000 -0.000000
vn 0.000000 1.000000 -0.000000
vn 0.000000 1.000000 -0.000000
vn 0.000000 1.000000 -0.000000
vn 0.000000 1.000000 -0.000000
vn 0.000000 1.000000 -0.000000
vn 0.000000 1.000000 -0.000000
vn 0.000000 1.000000 -0.000000
vn 0.000000 1.000000 -0.000000
vn 0.000000 1.000000 -0.000000
vn 0.000000 1.000000 -0.000000
vn 0.000000 1.000000 -0.000000
vn 0.000000 1.000000 -0.000000
vn 0.000000 1.000000 -0.000000
vn 0.000000 1.000000 -0.000000
vn 0.000000 1.000000 -0.000000
vn 0.000000 1.000000 -0.000000
vn 0.000000 1.000000 -0.000000
vn 0.000000 1.000000 -0.000000
vn 0.000000 1.000000 -0.000000
vn 0.000000 1.000000 -0.000000
vn 0.000000 1.000000 -0.000000
vn 0.000000 1.000000 -0.000000
vn 0.000000 1.000000 -0.000000
vn 0.000000 1.000000 -0.000000
vn 0.000000 1.000000 -0.000000
vn 0.000000 1.000000 -0.000000
vn 0.000000 1.000000 -0.000000
vn 0.000000 1.000000 -0.000000
vn 0.000000 1.000000 -0.000000
vn 0.000000 1.000000 -0.000000
vn 0.000000 1.000000 -0.000000
vn 0.000000 1.000000 -0.000000
vn 0.000000 1.000000 -0.000000
vn 0.000000 1.000000 -0.000000
vn 0.000000 1.000000 -0.000000
vn 0.000000 1.000000 -0.000000
vn 0.000000 1.000000 -0.000000
vn 0.000000 1.000000 -0.000000
vn 0.000000 1.000000 -0.000000
vn 0.000000 1.000000 -0.000000
s off
g Us_Coins_MD TwentyFiveCent
usemtl TwentyFiveCentSG
f 1089/1939/2753 1090/1940/2754 1091/1941/2755 1092/1942/2756
f 1090/1940/2757 1093/1943/2758 1094/1944/2759 1091/1941/2760
f 1095/1945/2761 1089/1939/2762 1092/1942/2763 1096/1946/2764
f 1093/1943/2765 1097/1947/2766 1098/1948/2767 1094/1944/2768
f 1097/1947/2769 1109/1949/2770 1110/1950/2771 1098/1948/2772
f 1111/1951/2773 1095/1945/2774 1096/1946/2775 1112/1952/2776
f 1117/1953/2777 1111/1951/2778 1112/1952/2779 1118/1954/2780
f 1109/1949/2781 1119/1955/2782 1120/1956/2783 1110/1950/2784
f 1125/1957/2785 1126/1958/2786 1117/1953/2787 1118/1954/2788
f 1119/1955/2789 1127/1959/2790 1128/1960/2791 1120/1956/2792
f 1127/1959/2793 1133/1961/2794 1134/1962/2795 1128/1960/2796
f 1135/1963/2797 1136/1964/2798 1126/1958/2799 1125/1957/2800
f 1141/1965/2801 1142/1966/2802 1136/1964/2803 1135/1963/2804
f 1133/1961/2805 1143/1967/2806 1144/1968/2807 1134/1962/2808
f 1149/1969/2809 1150/1970/2810 1142/1966/2811 1141/1965/2812
f 1143/1967/2813 1151/1971/2814 1152/1972/2815 1144/1968/2816
f 1161/1973/2817 1162/1974/2818 1150/1970/2819 1149/1969/2820
f 1151/1971/2821 1163/1975/2822 1164/1976/2823 1152/1972/2824
f 1169/1977/2825 1170/1978/2826 1162/1974/2827 1161/1973/2828
f 1163/1975/2829 1171/1979/2830 1172/1980/2831 1164/1976/2832
f 1171/1979/2833 1177/1981/2834 1178/1982/2835 1172/1980/2836
f 1179/1983/2837 1180/1984/2838 1170/1978/2839 1169/1977/2840
f 1177/1981/2841 1185/1985/2842 1186/1986/2843 1178/1982/2844
f 1187/1987/2845 1188/1988/2846 1180/1984/2847 1179/1983/2848
f 1186/1989/2849 1185/1990/2850 1193/1991/2851 1194/1992/2852
f 1195/1993/2853 1196/1994/2854 1188/1988/2855 1187/1987/2856
f 1194/1992/2857 1193/1991/2858 1201/1995/2859 1202/1996/2860
f 1203/1997/2861 1204/1998/2862 1196/1994/2863 1195/1993/2864
f 1211/1999/2865 1212/2000/2866 1204/1998/2867 1203/1997/2868
f 1202/1996/2869 1201/1995/2870 1213/2001/2871 1214/2002/2872
f 1215/2003/2873 1216/2004/2874 1212/2000/2875 1211/1999/2876
f 1214/2002/2877 1213/2001/2878 1216/2004/2879 1215/2003/2880
s 1
f 1181/2038/2881 1185/2005/2882 1177/2006/2883 1175/2037/2884
f 1175/2037/2884 1177/2006/2883 1171/2007/2885 1167/2036/2886
f 1167/2036/2886 1171/2007/2885 1163/2008/2887 1159/2035/2888
f 1159/2035/2888 1163/2008/2887 1151/2009/2889 1155/2034/2890
f 1155/2034/2890 1151/2009/2889 1143/2010/2891 1147/2033/2892
f 1147/2033/2892 1143/2010/2891 1133/2011/2893 1137/2032/2894
f 1137/2032/2894 1133/2011/2893 1127/2012/2895 1131/2031/2896
f 1131/2031/2896 1127/2012/2895 1119/2013/2897 1123/2030/2898
f 1123/2030/2898 1119/2013/2897 1109/2014/2899 1113/2029/2900
f 1113/2029/2900 1109/2014/2899 1097/2015/2901 1105/2028/2902
f 1105/2028/2902 1097/2015/2901 1093/2016/2903 1103/2027/2904
f 1103/2027/2904 1093/2016/2903 1090/2017/2905 1099/2026/2906
f 1099/2026/2906 1090/2017/2905 1089/2018/2907 1100/2025/2908
f 1100/2025/2908 1089/2018/2907 1095/2019/2909 1107/2024/2910
f 1107/2024/2910 1095/2019/2909 1111/2020/2911 1115/2023/2912
f 1115/2023/2912 1111/2020/2911 1117/2021/2913 1121/2022/2914
s 2
f 1178/2045/2915 1186/2046/2916 1182/2047/2917 1176/2048/2918
f 1172/2044/2919 1178/2045/2915 1176/2048/2918 1168/2049/2920
f 1164/2043/2921 1172/2044/2919 1168/2049/2920 1160/2050/2922
f 1152/2042/2923 1164/2043/2921 1160/2050/2922 1156/2051/2924
f 1144/2041/2925 1152/2042/2923 1156/2051/2924 1148/2052/2926
f 1134/2040/2927 1144/2041/2925 1148/2052/2926 1138/2053/2928
f 1128/2039/2929 1134/2040/2927 1138/2053/2928 1132/2054/2930
f 1120/2072/2931 1128/2039/2929 1132/2054/2930 1124/2055/2932
f 1122/2063/2933 1118/2064/2934 1112/2065/2935 1116/2062/2936
f 1116/2062/2936 1112/2065/2935 1096/2066/2937 1108/2061/2938
f 1108/2061/2938 1096/2066/2937 1092/2067/2939 1101/2060/2940
f 1101/2060/2940 1092/2067/2939 1091/2068/2941 1102/2059/2942
f 1102/2059/2942 1091/2068/2941 1094/2069/2943 1104/2058/2944
f 1104/2058/2944 1094/2069/2943 1098/2070/2945 1106/2057/2946
f 1106/2057/2946 1098/2070/2945 1110/2071/2947 1114/2056/2948
f 1114/2056/2948 1110/2071/2947 1120/2072/2931 1124/2055/2932
s 1
f 1193/2079/2949 1185/2005/2882 1181/2038/2881 1190/2080/2950
f 1201/2078/2951 1193/2079/2949 1190/2080/2950 1200/2081/2952
f 1213/2077/2953 1201/2078/2951 1200/2081/2952 1208/2082/2954
f 1216/2076/2955 1213/2077/2953 1208/2082/2954 1210/2083/2956
f 1212/2075/2957 1216/2076/2955 1210/2083/2956 1206/2084/2958
f 1204/2074/2959 1212/2075/2957 1206/2084/2958 1198/2085/2960
f 1196/2073/2961 1204/2074/2959 1198/2085/2960 1192/2086/2962
f 1188/2102/2963 1196/2073/2961 1192/2086/2962 1184/2087/2964
f 1121/2022/2914 1117/2021/2913 1126/2095/2965 1130/2094/2966
f 1130/2094/2966 1126/2095/2965 1136/2096/2967 1140/2093/2968
f 1140/2093/2968 1136/2096/2967 1142/2097/2969 1146/2092/2970
f 1146/2092/2970 1142/2097/2969 1150/2098/2971 1154/2091/2972
f 1154/2091/2972 1150/2098/2971 1162/2099/2973 1158/2090/2974
f 1158/2090/2974 1162/2099/2973 1170/2100/2975 1166/2089/2976
f 1166/2089/2976 1170/2100/2975 1180/2101/2977 1174/2088/2978
f 1174/2088/2978 1180/2101/2977 1188/2102/2963 1184/2087/2964
s 2
f 1182/2047/2917 1186/2046/2916 1194/2103/2979 1189/2132/2980
f 1189/2132/2980 1194/2103/2979 1202/2104/2981 1199/2131/2982
f 1199/2131/2982 1202/2104/2981 1214/2105/2983 1207/2130/2984
f 1207/2130/2984 1214/2105/2983 1215/2106/2985 1209/2129/2986
f 1209/2129/2986 1215/2106/2985 1211/2107/2987 1205/2128/2988
f 1205/2128/2988 1211/2107/2987 1203/2108/2989 1197/2127/2990
f 1197/2127/2990 1203/2108/2989 1195/2109/2991 1191/2126/2992
f 1191/2126/2992 1195/2109/2991 1187/2110/2993 1183/2125/2994
f 1183/2125/2994 1187/2110/2993 1179/2111/2995 1173/2124/2996
f 1173/2124/2996 1179/2111/2995 1169/2112/2997 1165/2123/2998
f 1165/2123/2998 1169/2112/2997 1161/2113/2999 1157/2122/3000
f 1157/2122/3000 1161/2113/2999 1149/2114/3001 1153/2121/3002
f 1153/2121/3002 1149/2114/3001 1141/2115/3003 1145/2120/3004
f 1145/2120/3004 1141/2115/3003 1135/2116/3005 1139/2119/3006
f 1139/2119/3006 1135/2116/3005 1125/2117/3007 1129/2118/3008
f 1129/2118/3008 1125/2117/3007 1118/2064/2934 1122/2063/2933
s off
f 1217/2197/3009 1218/2198/3010 1219/2199/3011 1220/2200/3012 1221/2201/3013 1222/2202/3014 1223/2203/3015 1224/2204/3016 1225/2205/3017 1226/2206/3018 1227/2207/3019 1228/2208/3020 1229/2209/3021 1230/2210/3022 1231/2211/3023 1232/2212/3024 1233/2213/3025 1234/2214/3026 1235/2215/3027 1236/2216/3028 1237/2217/3029 1238/2218/3030 1239/2219/3031 1240/2220/3032 1241/2221/3033 1242/2222/3034 1243/2223/3035 1244/2224/3036 1245/2225/3037 1246/2226/3038 1247/2227/3039 1248/2228/3040
f 1249/2229/3041 1250/2230/3042 1251/2231/3043 1252/2232/3044 1253/2233/3045 1254/2234/3046 1255/2235/3047 1256/2236/3048 1257/2237/3049 1258/2238/3050 1259/2239/3051 1260/2240/3052 1261/2241/3053 1262/2242/3054 1263/2243/3055 1264/2244/3056 1265/2245/3057 1266/2246/3058 1267/2247/3059 1268/2248/3060 1269/2249/3061 1270/2250/3062 1271/2251/3063 1272/2252/3064 1273/2253/3065 1274/2254/3066 1275/2255/3067 1276/2256/3068 1277/2257/3069 1278/2258/3070 1279/2259/3071 1280/2260/3072
s 4
f 1123/2133/3073 1113/2134/3074 1218/2198/3075 1217/2197/3076
f 1113/2134/3074 1105/2135/3077 1219/2199/3078 1218/2198/3075
f 1105/2135/3077 1103/2136/3079 1220/2200/3080 1219/2199/3078
f 1103/2136/3079 1099/2137/3081 1221/2201/3082 1220/2200/3080
f 1099/2137/3081 1100/2138/3083 1222/2202/3084 1221/2201/3082
f 1100/2138/3083 1107/2139/3085 1223/2203/3086 1222/2202/3084
f 1107/2139/3085 1115/2140/3087 1224/2204/3088 1223/2203/3086
f 1115/2140/3087 1121/2141/3089 1225/2205/3090 1224/2204/3088
f 1121/2141/3089 1130/2142/3091 1226/2206/3092 1225/2205/3090
f 1130/2142/3091 1140/2143/3093 1227/2207/3094 1226/2206/3092
f 1140/2143/3093 1146/2144/3095 1228/2208/3096 1227/2207/3094
f 1146/2144/3095 1154/2145/3097 1229/2209/3098 1228/2208/3096
f 1154/2145/3097 1158/2146/3099 1230/2210/3100 1229/2209/3098
f 1158/2146/3099 1166/2147/3101 1231/2211/3102 1230/2210/3100
f 1166/2147/3101 1174/2148/3103 1232/2212/3104 1231/2211/3102
f 1174/2148/3103 1184/2149/3105 1233/2213/3106 1232/2212/3104
f 1184/2149/3105 1192/2150/3107 1234/2214/3108 1233/2213/3106
f 1192/2150/3107 1198/2151/3109 1235/2215/3110 1234/2214/3108
f 1198/2151/3109 1206/2152/3111 1236/2216/3112 1235/2215/3110
f 1206/2152/3111 1210/2153/3113 1237/2217/3114 1236/2216/3112
f 1210/2153/3113 1208/2154/3115 1238/2218/3116 1237/2217/3114
f 1208/2154/3115 1200/2155/3117 1239/2219/3118 1238/2218/3116
f 1200/2155/3117 1190/2156/3119 1240/2220/3120 1239/2219/3118
f 1190/2156/3119 1181/2157/3121 1241/2221/3122 1240/2220/3120
f 1181/2157/3121 1175/2158/3123 1242/2222/3124 1241/2221/3122
f 1175/2158/3123 1167/2159/3125 1243/2223/3126 1242/2222/3124
f 1167/2159/3125 1159/2160/3127 1244/2224/3128 1243/2223/3126
f 1159/2160/3127 1155/2161/3129 1245/2225/3130 1244/2224/3128
f 1155/2161/3129 1147/2162/3131 1246/2226/3132 1245/2225/3130
f 1147/2162/3131 1137/2163/3133 1247/2227/3134 1246/2226/3132
f 1137/2163/3133 1131/2164/3135 1248/2228/3136 1247/2227/3134
f 1131/2164/3135 1123/2133/3073 1217/2197/3076 1248/2228/3136
s 5
f 1122/2165/3137 1116/2166/3138 1250/2230/3139 1249/2229/3140
f 1116/2166/3138 1108/2167/3141 1251/2231/3142 1250/2230/3139
f 1108/2167/3141 1101/2168/3143 1252/2232/3144 1251/2231/3142
f 1101/2168/3143 1102/2169/3145 1253/2233/3146 1252/2232/3144
f 1102/2169/3145 1104/2170/3147 1254/2234/3148 1253/2233/3146
f 1104/2170/3147 1106/2171/3149 1255/2235/3150 1254/2234/3148
f 1106/2171/3149 1114/2172/3151 1256/2236/3152 1255/2235/3150
f 1114/2172/3151 1124/2173/3153 1257/2237/3154 1256/2236/3152
f 1124/2173/3153 1132/2174/3155 1258/2238/3156 1257/2237/3154
f 1132/2174/3155 1138/2175/3157 1259/2239/3158 1258/2238/3156
f 1138/2175/3157 1148/2176/3159 1260/2240/3160 1259/2239/3158
f 1148/2176/3159 1156/2177/3161 1261/2241/3162 1260/2240/3160
f 1156/2177/3161 1160/2178/3163 1262/2242/3164 1261/2241/3162
f 1160/2178/3163 1168/2179/3165 1263/2243/3166 1262/2242/3164
f 1168/2179/3165 1176/2180/3167 1264/2244/3168 1263/2243/3166
f 1176/2180/3167 1182/2181/3169 1265/2245/3170 1264/2244/3168
f 1182/2181/3169 1189/2182/3171 1266/2246/3172 1265/2245/3170
f 1189/2182/3171 1199/2183/3173 1267/2247/3174 1266/2246/3172
f 1199/2183/3173 1207/2184/3175 1268/2248/3176 1267/2247/3174
f 1207/2184/3175 1209/2185/3177 1269/2249/3178 1268/2248/3176
f 1209/2185/3177 1205/2186/3179 1270/2250/3180 1269/2249/3178
f 1205/2186/3179 1197/2187/3181 1271/2251/3182 1270/2250/3180
f 1197/2187/3181 1191/2188/3183 1272/2252/3184 1271/2251/3182
f 1191/2188/3183 1183/2189/3185 1273/2253/3186 1272/2252/3184
f 1183/2189/3185 1173/2190/3187 1274/2254/3188 1273/2253/3186
f 1173/2190/3187 1165/2191/3189 1275/2255/3190 1274/2254/3188
f 1165/2191/3189 1157/2192/3191 1276/2256/3192 1275/2255/3190
f 1157/2192/3191 1153/2193/3193 1277/2257/3194 1276/2256/3192
f 1153/2193/3193 1145/2194/3195 1278/2258/3196 1277/2257/3194
f 1145/2194/3195 1139/2195/3197 1279/2259/3198 1278/2258/3196
f 1139/2195/3197 1129/2196/3199 1280/2260/3200 1279/2259/3198
f 1129/2196/3199 1122/2165/3137 1249/2229/3140 1280/2260/3200
