# UnrealEd OBJ exporter

v 17.333704 2.011883 -9.029602
v 17.333702 1.414152 10.611131
v 17.333704 1.814132 10.615159
v 17.333704 2.011883 -9.029602
v 17.333702 1.611903 -9.033628
v 17.333702 1.414152 10.611131
v 13.551031 0.531178 -10.954049
v 15.408711 1.630116 -10.842982
v 13.551029 1.630116 -10.842982
v 13.551031 0.531178 -10.954049
v 15.408712 0.531178 -10.954049
v 15.408711 1.630116 -10.842982
v 13.551031 0.531178 -10.954049
v 13.551029 1.639175 -11.742936
v 13.551031 0.539231 -11.754008
v 13.551031 0.531178 -10.954049
v 13.551029 1.630116 -10.842982
v 13.551029 1.639175 -11.742936
v 15.408712 0.539231 -11.754008
v 13.551031 0.531178 -10.954049
v 13.551031 0.539231 -11.754008
v 15.408712 0.539231 -11.754008
v 15.408712 0.531178 -10.954049
v 13.551031 0.531178 -10.954049
v 15.408711 1.639175 -11.742936
v 15.408712 0.531178 -10.954049
v 15.408712 0.539231 -11.754008
v 15.408711 1.639175 -11.742936
v 15.408711 1.630116 -10.842982
v 15.408712 0.531178 -10.954049
v 17.333702 1.611903 -9.033628
v -17.333704 2.011883 -9.029602
v -17.333702 1.611903 -9.033628
v 17.333702 1.611903 -9.033628
v 17.333704 2.011883 -9.029602
v -17.333704 2.011883 -9.029602
v -17.333702 1.414152 10.611131
v -17.333704 2.011883 -9.029602
v -17.333704 1.814132 10.615159
v -17.333702 1.414152 10.611131
v -17.333702 1.611903 -9.033628
v -17.333704 2.011883 -9.029602
v -13.551031 0.531178 -10.954049
v -15.408711 1.630116 -10.842982
v -15.408712 0.531178 -10.954049
v -13.551031 0.531178 -10.954049
v -13.551029 1.630116 -10.842982
v -15.408711 1.630116 -10.842982
v -13.551031 0.531178 -10.954049
v -13.551029 1.639175 -11.742936
v -13.551029 1.630116 -10.842982
v -13.551031 0.531178 -10.954049
v -13.551031 0.539231 -11.754008
v -13.551029 1.639175 -11.742936
v -13.551031 0.531178 -10.954049
v -15.408712 0.539231 -11.754008
v -13.551031 0.539231 -11.754008
v -13.551031 0.531178 -10.954049
v -15.408712 0.531178 -10.954049
v -15.408712 0.539231 -11.754008
v -15.408712 0.531178 -10.954049
v -15.408711 1.639175 -11.742936
v -15.408712 0.539231 -11.754008
v -15.408712 0.531178 -10.954049
v -15.408711 1.630116 -10.842982
v -15.408711 1.639175 -11.742936
v -17.333702 1.414152 10.611131
v 17.333704 1.814132 10.615159
v 17.333702 1.414152 10.611131
v -17.333702 1.414152 10.611131
v -17.333704 1.814132 10.615159
v 17.333704 1.814132 10.615159
v -17.343702 1.594043 10.622939
v 17.343702 1.791995 -9.041816
v 17.343702 1.594043 10.622939
v -17.343702 1.594043 10.622939
v -17.343702 1.791995 -9.041816
v 17.343702 1.791995 -9.041816
v 17.925608 1.403141 11.704999
v 17.888952 1.402693 11.749494
v 17.842510 1.402340 11.784606
v 17.953154 1.403666 11.652827
v 17.925608 1.403141 11.704999
v 17.842510 1.402340 11.784606
v 17.842510 1.402340 11.784606
v 17.788086 1.402074 11.810992
v 17.953154 1.403666 11.652827
v 17.788086 1.402074 11.810992
v 17.728115 1.401884 11.829898
v 17.953154 1.403666 11.652827
v 17.972889 1.404245 11.595277
v 17.953154 1.403666 11.652827
v 17.728115 1.401884 11.829898
v 17.986122 1.404856 11.534648
v 17.972889 1.404245 11.595277
v 17.728115 1.401884 11.829898
v 17.986122 1.404856 11.534648
v 17.728115 1.401884 11.829898
v 17.665028 1.401756 11.842574
v 17.994144 1.405474 11.473233
v 17.986122 1.404856 11.534648
v 17.665028 1.401756 11.842574
v 17.665028 1.401756 11.842574
v 17.601257 1.401679 11.850263
v 17.994144 1.405474 11.473233
v 17.998268 1.406077 11.413341
v 17.994144 1.405474 11.473233
v 17.601257 1.401679 11.850263
v 17.998268 1.406077 11.413341
v 17.601257 1.401679 11.850263
v 17.539236 1.401639 11.854209
v 18.000002 1.407145 11.307279
v 17.998268 1.406077 11.413341
v 17.539236 1.401639 11.854209
v 17.539236 1.401639 11.854209
v 17.430157 1.401622 11.855870
v 18.000002 1.407145 11.307279
v 17.430157 1.401622 11.855870
v 17.333702 1.414152 10.611131
v 18.000002 1.407145 11.307279
v -17.430157 1.401622 11.855870
v 17.333702 1.414152 10.611131
v 17.430157 1.401622 11.855870
v 17.333702 1.611903 -9.033628
v 18.000002 1.407145 11.307279
v 17.333702 1.414152 10.611131
v -17.430157 1.401622 11.855870
v -17.333702 1.414152 10.611131
v 17.333702 1.414152 10.611131
v 17.333702 1.611903 -9.033628
v 18.000002 1.633570 -11.186121
v 18.000002 1.407145 11.307279
v -17.333702 1.414152 10.611131
v -17.430157 1.401622 11.855870
v -18.000002 1.407145 11.307279
v -17.430157 1.401622 11.855870
v -17.539236 1.401639 11.854209
v -18.000002 1.407145 11.307279
v -18.000002 1.407145 11.307279
v -17.333702 1.611903 -9.033628
v -17.333702 1.414152 10.611131
v -17.998268 1.406077 11.413341
v -18.000002 1.407145 11.307279
v -17.539236 1.401639 11.854209
v -17.539236 1.401639 11.854209
v -17.601257 1.401679 11.850263
v -17.998268 1.406077 11.413341
v -17.998268 1.406077 11.413341
v -17.601257 1.401679 11.850263
v -17.994144 1.405474 11.473233
v -17.601257 1.401679 11.850263
v -17.665028 1.401756 11.842574
v -17.994144 1.405474 11.473233
v -17.986122 1.404856 11.534648
v -17.994144 1.405474 11.473233
v -17.665028 1.401756 11.842574
v -17.665028 1.401756 11.842574
v -17.728115 1.401884 11.829898
v -17.986122 1.404856 11.534648
v -17.986122 1.404856 11.534648
v -17.728115 1.401884 11.829898
v -17.972889 1.404245 11.595277
v -17.728115 1.401884 11.829898
v -17.788086 1.402074 11.810992
v -17.972889 1.404245 11.595277
v -17.953154 1.403666 11.652827
v -17.972889 1.404245 11.595277
v -17.788086 1.402074 11.810992
v -17.788086 1.402074 11.810992
v -17.842510 1.402340 11.784606
v -17.953154 1.403666 11.652827
v -17.953154 1.403666 11.652827
v -17.842510 1.402340 11.784606
v -17.925608 1.403141 11.704999
v -17.842510 1.402340 11.784606
v -17.888952 1.402693 11.749494
v -17.925608 1.403141 11.704999
v -18.000002 1.407145 11.307279
v -18.000002 1.633570 -11.186121
v -17.333702 1.611903 -9.033628
v -17.430159 1.639175 -11.742936
v -17.333702 1.611903 -9.033628
v -18.000002 1.633570 -11.186121
v -18.000002 1.633570 -11.186121
v -17.539234 1.639158 -11.741250
v -17.430159 1.639175 -11.742936
v -18.000002 1.633570 -11.186121
v -17.998270 1.634655 -11.293873
v -17.539234 1.639158 -11.741250
v -17.998270 1.634655 -11.293873
v -17.994146 1.635267 -11.354687
v -17.539234 1.639158 -11.741250
v -17.601257 1.639118 -11.737245
v -17.539234 1.639158 -11.741250
v -17.994146 1.635267 -11.354687
v -17.665030 1.639040 -11.729445
v -17.601257 1.639118 -11.737245
v -17.994146 1.635267 -11.354687
v -17.994146 1.635267 -11.354687
v -17.986122 1.635895 -11.417021
v -17.665030 1.639040 -11.729445
v -17.728115 1.638910 -11.716588
v -17.665030 1.639040 -11.729445
v -17.986122 1.635895 -11.417021
v -17.986122 1.635895 -11.417021
v -17.972889 1.636514 -11.478549
v -17.728115 1.638910 -11.716588
v -17.972889 1.636514 -11.478549
v -17.953156 1.637102 -11.536942
v -17.728115 1.638910 -11.716588
v -17.728115 1.638910 -11.716588
v -17.953156 1.637102 -11.536942
v -17.788086 1.638717 -11.697407
v -17.953156 1.637102 -11.536942
v -17.925606 1.637635 -11.589873
v -17.788086 1.638717 -11.697407
v -17.842506 1.638448 -11.670637
v -17.788086 1.638717 -11.697407
v -17.925606 1.637635 -11.589873
v -17.925606 1.637635 -11.589873
v -17.888952 1.638089 -11.635015
v -17.842506 1.638448 -11.670637
v -15.408711 1.639175 -11.742936
v -15.408711 1.630116 -10.842982
v -17.430159 1.639175 -11.742936
v -17.430159 1.639175 -11.742936
v -15.408711 1.630116 -10.842982
v -17.333702 1.611903 -9.033628
v -17.333702 1.611903 -9.033628
v -15.408711 1.630116 -10.842982
v -13.551029 1.630116 -10.842982
v 17.333702 1.611903 -9.033628
v -17.333702 1.611903 -9.033628
v -13.551029 1.630116 -10.842982
v -13.551029 1.630116 -10.842982
v -13.551029 1.639175 -11.742936
v 13.551029 1.639175 -11.742936
v -13.551029 1.630116 -10.842982
v 13.551029 1.639175 -11.742936
v 13.551029 1.630116 -10.842982
v -13.551029 1.630116 -10.842982
v 13.551029 1.630116 -10.842982
v 17.333702 1.611903 -9.033628
v 13.551029 1.630116 -10.842982
v 15.408711 1.630116 -10.842982
v 17.333702 1.611903 -9.033628
v 17.430159 1.639175 -11.742936
v 17.333702 1.611903 -9.033628
v 15.408711 1.630116 -10.842982
v 15.408711 1.639175 -11.742936
v 17.430159 1.639175 -11.742936
v 15.408711 1.630116 -10.842982
v 18.000002 1.633570 -11.186121
v 17.333702 1.611903 -9.033628
v 17.430159 1.639175 -11.742936
v 17.430159 1.639175 -11.742936
v 17.539234 1.639158 -11.741250
v 18.000002 1.633570 -11.186121
v 18.000002 1.633570 -11.186121
v 17.539234 1.639158 -11.741250
v 17.998270 1.634655 -11.293873
v 17.539234 1.639158 -11.741250
v 17.601257 1.639118 -11.737245
v 17.998270 1.634655 -11.293873
v 17.994146 1.635267 -11.354687
v 17.998270 1.634655 -11.293873
v 17.601257 1.639118 -11.737245
v 17.986122 1.635895 -11.417021
v 17.994146 1.635267 -11.354687
v 17.601257 1.639118 -11.737245
v 17.601257 1.639118 -11.737245
v 17.665030 1.639040 -11.729445
v 17.986122 1.635895 -11.417021
v 17.972889 1.636514 -11.478549
v 17.986122 1.635895 -11.417021
v 17.665030 1.639040 -11.729445
v 17.665030 1.639040 -11.729445
v 17.728115 1.638910 -11.716588
v 17.972889 1.636514 -11.478549
v 17.728115 1.638910 -11.716588
v 17.788086 1.638717 -11.697407
v 17.972889 1.636514 -11.478549
v 17.972889 1.636514 -11.478549
v 17.788086 1.638717 -11.697407
v 17.953156 1.637102 -11.536942
v 17.788086 1.638717 -11.697407
v 17.842506 1.638448 -11.670637
v 17.953156 1.637102 -11.536942
v 17.925606 1.637635 -11.589873
v 17.953156 1.637102 -11.536942
v 17.842506 1.638448 -11.670637
v 17.842506 1.638448 -11.670637
v 17.888952 1.638089 -11.635015
v 17.925606 1.637635 -11.589873
v -17.925608 2.103104 11.712045
v -17.888952 2.102656 11.756537
v -17.842510 2.102303 11.791652
v -17.953154 2.103629 11.659873
v -17.925608 2.103104 11.712045
v -17.842510 2.102303 11.791652
v -17.842510 2.102303 11.791652
v -17.788086 2.102037 11.818036
v -17.953154 2.103629 11.659873
v -17.788086 2.102037 11.818036
v -17.728115 2.101847 11.836944
v -17.953154 2.103629 11.659873
v -17.953154 2.103629 11.659873
v -17.728115 2.101847 11.836944
v -17.972889 2.104208 11.602321
v -17.986122 2.104819 11.541694
v -17.972889 2.104208 11.602321
v -17.728115 2.101847 11.836944
v -17.728115 2.101847 11.836944
v -17.665030 2.101719 11.849620
v -17.986122 2.104819 11.541694
v -17.665030 2.101719 11.849620
v -17.994144 2.105437 11.480279
v -17.986122 2.104819 11.541694
v -17.665030 2.101719 11.849620
v -17.601259 2.101642 11.857306
v -17.994144 2.105437 11.480279
v -17.998268 2.106040 11.420386
v -17.994144 2.105437 11.480279
v -17.601259 2.101642 11.857306
v -17.601259 2.101642 11.857306
v -17.539236 2.101602 11.861257
v -17.998268 2.106040 11.420386
v -18.000002 2.107108 11.314324
v -17.998268 2.106040 11.420386
v -17.539236 2.101602 11.861257
v -17.539236 2.101602 11.861257
v -17.430159 2.101585 11.862916
v -18.000002 2.107108 11.314324
v -18.000002 2.333534 -11.179075
v -18.000002 2.107108 11.314324
v -17.430159 2.101585 11.862916
v -17.430159 2.101585 11.862916
v -17.430159 2.339139 -11.735890
v -18.000002 2.333534 -11.179075
v -17.430159 2.101585 11.862916
v 17.430159 2.101585 11.862916
v -17.430159 2.339139 -11.735890
v -17.430159 2.339139 -11.735890
v -17.539234 2.339122 -11.734204
v -18.000002 2.333534 -11.179075
v -17.998270 2.334619 -11.286827
v -18.000002 2.333534 -11.179075
v -17.539234 2.339122 -11.734204
v 17.430159 2.339139 -11.735890
v -17.430159 2.339139 -11.735890
v 17.430159 2.101585 11.862916
v -17.994146 2.335231 -11.347640
v -17.998270 2.334619 -11.286827
v -17.539234 2.339122 -11.734204
v -17.539234 2.339122 -11.734204
v -17.601259 2.339082 -11.730199
v -17.994146 2.335231 -11.347640
v -17.601259 2.339082 -11.730199
v -17.665030 2.339004 -11.722400
v -17.994146 2.335231 -11.347640
v -17.994146 2.335231 -11.347640
v -17.665030 2.339004 -11.722400
v -17.986120 2.335858 -11.409975
v -17.665030 2.339004 -11.722400
v -17.728115 2.338874 -11.709542
v -17.986120 2.335858 -11.409975
v -17.972891 2.336478 -11.471502
v -17.986120 2.335858 -11.409975
v -17.728115 2.338874 -11.709542
v -17.953154 2.337066 -11.529896
v -17.972891 2.336478 -11.471502
v -17.728115 2.338874 -11.709542
v -17.728115 2.338874 -11.709542
v -17.788086 2.338681 -11.690360
v -17.953154 2.337066 -11.529896
v -17.925608 2.337598 -11.582827
v -17.953154 2.337066 -11.529896
v -17.788086 2.338681 -11.690360
v -17.788086 2.338681 -11.690360
v -17.842510 2.338412 -11.663591
v -17.925608 2.337598 -11.582827
v -17.842510 2.338412 -11.663591
v -17.888954 2.338053 -11.627969
v -17.925608 2.337598 -11.582827
v 17.430159 2.339139 -11.735890
v 17.430159 2.101585 11.862916
v 18.000002 2.333534 -11.179075
v 17.539234 2.339122 -11.734204
v 17.430159 2.339139 -11.735890
v 18.000002 2.333534 -11.179075
v 18.000002 2.107108 11.314324
v 18.000002 2.333534 -11.179075
v 17.430159 2.101585 11.862916
v 18.000002 2.333534 -11.179075
v 17.998270 2.334619 -11.286827
v 17.539234 2.339122 -11.734204
v 17.430159 2.101585 11.862916
v 17.539236 2.101602 11.861257
v 18.000002 2.107108 11.314324
v 17.539234 2.339122 -11.734204
v 17.998270 2.334619 -11.286827
v 17.601259 2.339082 -11.730199
v 18.000002 2.107108 11.314324
v 17.539236 2.101602 11.861257
v 17.998268 2.106040 11.420386
v 17.998270 2.334619 -11.286827
v 17.994146 2.335231 -11.347640
v 17.601259 2.339082 -11.730199
v 17.539236 2.101602 11.861257
v 17.601259 2.101642 11.857306
v 17.998268 2.106040 11.420386
v 17.665030 2.339004 -11.722400
v 17.601259 2.339082 -11.730199
v 17.994146 2.335231 -11.347640
v 17.994144 2.105437 11.480279
v 17.998268 2.106040 11.420386
v 17.601259 2.101642 11.857306
v 17.994146 2.335231 -11.347640
v 17.986120 2.335858 -11.409975
v 17.665030 2.339004 -11.722400
v 17.601259 2.101642 11.857306
v 17.665030 2.101719 11.849620
v 17.994144 2.105437 11.480279
v 17.728115 2.338874 -11.709542
v 17.665030 2.339004 -11.722400
v 17.986120 2.335858 -11.409975
v 17.986122 2.104819 11.541694
v 17.994144 2.105437 11.480279
v 17.665030 2.101719 11.849620
v 17.986120 2.335858 -11.409975
v 17.972891 2.336478 -11.471502
v 17.728115 2.338874 -11.709542
v 17.665030 2.101719 11.849620
v 17.728115 2.101847 11.836944
v 17.986122 2.104819 11.541694
v 17.788086 2.338681 -11.690360
v 17.728115 2.338874 -11.709542
v 17.972891 2.336478 -11.471502
v 17.986122 2.104819 11.541694
v 17.728115 2.101847 11.836944
v 17.972889 2.104208 11.602321
v 17.972891 2.336478 -11.471502
v 17.953154 2.337066 -11.529896
v 17.788086 2.338681 -11.690360
v 17.728115 2.101847 11.836944
v 17.788086 2.102037 11.818036
v 17.972889 2.104208 11.602321
v 17.842510 2.338412 -11.663591
v 17.788086 2.338681 -11.690360
v 17.953154 2.337066 -11.529896
v 17.972889 2.104208 11.602321
v 17.788086 2.102037 11.818036
v 17.953154 2.103629 11.659873
v 17.953154 2.337066 -11.529896
v 17.925608 2.337598 -11.582827
v 17.842510 2.338412 -11.663591
v 17.925608 2.337598 -11.582827
v 17.888954 2.338053 -11.627969
v 17.842510 2.338412 -11.663591
v 17.788086 2.102037 11.818036
v 17.842510 2.102303 11.791652
v 17.953154 2.103629 11.659873
v 17.925608 2.103104 11.712045
v 17.953154 2.103629 11.659873
v 17.842510 2.102303 11.791652
v 17.842510 2.102303 11.791652
v 17.888952 2.102656 11.756537
v 17.925608 2.103104 11.712045
v 17.665030 1.639040 -11.729445
v 17.601259 2.339082 -11.730199
v 17.665030 2.339004 -11.722400
v 17.665030 1.639040 -11.729445
v 17.601257 1.639118 -11.737245
v 17.601259 2.339082 -11.730199
v 17.601257 1.639118 -11.737245
v 17.539234 2.339122 -11.734204
v 17.601259 2.339082 -11.730199
v 17.601257 1.639118 -11.737245
v 17.539234 1.639158 -11.741250
v 17.539234 2.339122 -11.734204
v 17.430159 2.339139 -11.735890
v 17.539234 2.339122 -11.734204
v 17.539234 1.639158 -11.741250
v 17.430159 2.339139 -11.735890
v 17.539234 1.639158 -11.741250
v 17.430159 1.639175 -11.742936
v 17.430159 2.339139 -11.735890
v 17.430159 1.639175 -11.742936
v 15.408711 1.639175 -11.742936
v 13.551031 0.539231 -11.754008
v 15.408711 1.639175 -11.742936
v 15.408712 0.539231 -11.754008
v 13.551031 0.539231 -11.754008
v 13.551029 1.639175 -11.742936
v 15.408711 1.639175 -11.742936
v 17.430159 2.339139 -11.735890
v 15.408711 1.639175 -11.742936
v 13.551029 1.639175 -11.742936
v 13.551029 1.639175 -11.742936
v -13.551029 1.639175 -11.742936
v 17.430159 2.339139 -11.735890
v -17.430159 2.339139 -11.735890
v 17.430159 2.339139 -11.735890
v -13.551029 1.639175 -11.742936
v -15.408711 1.639175 -11.742936
v -17.430159 2.339139 -11.735890
v -13.551029 1.639175 -11.742936
v -15.408711 1.639175 -11.742936
v -13.551029 1.639175 -11.742936
v -13.551031 0.539231 -11.754008
v -15.408711 1.639175 -11.742936
v -13.551031 0.539231 -11.754008
v -15.408712 0.539231 -11.754008
v -17.430159 1.639175 -11.742936
v -17.430159 2.339139 -11.735890
v -15.408711 1.639175 -11.742936
v -17.539234 1.639158 -11.741250
v -17.430159 2.339139 -11.735890
v -17.430159 1.639175 -11.742936
v -17.539234 1.639158 -11.741250
v -17.539234 2.339122 -11.734204
v -17.430159 2.339139 -11.735890
v -17.601257 1.639118 -11.737245
v -17.539234 2.339122 -11.734204
v -17.539234 1.639158 -11.741250
v -17.601257 1.639118 -11.737245
v -17.601259 2.339082 -11.730199
v -17.539234 2.339122 -11.734204
v -17.665030 1.639040 -11.729445
v -17.601259 2.339082 -11.730199
v -17.601257 1.639118 -11.737245
v -17.665030 1.639040 -11.729445
v -17.665030 2.339004 -11.722400
v -17.601259 2.339082 -11.730199
v -17.728115 1.638910 -11.716588
v -17.665030 2.339004 -11.722400
v -17.665030 1.639040 -11.729445
v -17.728115 1.638910 -11.716588
v -17.728115 2.338874 -11.709542
v -17.665030 2.339004 -11.722400
v -17.788086 1.638717 -11.697407
v -17.728115 2.338874 -11.709542
v -17.728115 1.638910 -11.716588
v -17.788086 1.638717 -11.697407
v -17.788086 2.338681 -11.690360
v -17.728115 2.338874 -11.709542
v -17.842506 1.638448 -11.670637
v -17.788086 2.338681 -11.690360
v -17.788086 1.638717 -11.697407
v -17.842506 1.638448 -11.670637
v -17.842510 2.338412 -11.663591
v -17.788086 2.338681 -11.690360
v -17.842510 2.338412 -11.663591
v -17.842506 1.638448 -11.670637
v -17.888952 1.638089 -11.635015
v -17.842510 2.338412 -11.663591
v -17.888952 1.638089 -11.635015
v -17.888954 2.338053 -11.627969
v -17.925606 1.637635 -11.589873
v -17.888954 2.338053 -11.627969
v -17.888952 1.638089 -11.635015
v -17.925606 1.637635 -11.589873
v -17.925608 2.337598 -11.582827
v -17.888954 2.338053 -11.627969
v -17.953156 1.637102 -11.536942
v -17.925608 2.337598 -11.582827
v -17.925606 1.637635 -11.589873
v -17.953156 1.637102 -11.536942
v -17.953154 2.337066 -11.529896
v -17.925608 2.337598 -11.582827
v -17.972891 2.336478 -11.471502
v -17.953154 2.337066 -11.529896
v -17.953156 1.637102 -11.536942
v -17.972891 2.336478 -11.471502
v -17.953156 1.637102 -11.536942
v -17.972889 1.636514 -11.478549
v -17.986120 2.335858 -11.409975
v -17.972891 2.336478 -11.471502
v -17.972889 1.636514 -11.478549
v -17.986120 2.335858 -11.409975
v -17.972889 1.636514 -11.478549
v -17.986122 1.635895 -11.417021
v -17.994146 2.335231 -11.347640
v -17.986120 2.335858 -11.409975
v -17.986122 1.635895 -11.417021
v -17.994146 2.335231 -11.347640
v -17.986122 1.635895 -11.417021
v -17.994146 1.635267 -11.354687
v -17.998270 1.634655 -11.293873
v -17.994146 2.335231 -11.347640
v -17.994146 1.635267 -11.354687
v -17.998270 1.634655 -11.293873
v -17.998270 2.334619 -11.286827
v -17.994146 2.335231 -11.347640
v -17.998270 1.634655 -11.293873
v -18.000002 2.333534 -11.179075
v -17.998270 2.334619 -11.286827
v -17.998270 1.634655 -11.293873
v -18.000002 1.633570 -11.186121
v -18.000002 2.333534 -11.179075
v -18.000002 2.107108 11.314324
v -18.000002 2.333534 -11.179075
v -18.000002 1.633570 -11.186121
v -18.000002 2.107108 11.314324
v -18.000002 1.633570 -11.186121
v -18.000002 1.407145 11.307279
v -18.000002 1.407145 11.307279
v -17.998268 2.106040 11.420386
v -18.000002 2.107108 11.314324
v -18.000002 1.407145 11.307279
v -17.998268 1.406077 11.413341
v -17.998268 2.106040 11.420386
v -17.994144 2.105437 11.480279
v -17.998268 2.106040 11.420386
v -17.998268 1.406077 11.413341
v -17.994144 2.105437 11.480279
v -17.998268 1.406077 11.413341
v -17.994144 1.405474 11.473233
v -17.986122 2.104819 11.541694
v -17.994144 2.105437 11.480279
v -17.994144 1.405474 11.473233
v -17.986122 2.104819 11.541694
v -17.994144 1.405474 11.473233
v -17.986122 1.404856 11.534648
v -17.972889 2.104208 11.602321
v -17.986122 2.104819 11.541694
v -17.986122 1.404856 11.534648
v -17.972889 2.104208 11.602321
v -17.986122 1.404856 11.534648
v -17.972889 1.404245 11.595277
v -17.953154 2.103629 11.659873
v -17.972889 2.104208 11.602321
v -17.972889 1.404245 11.595277
v -17.953154 2.103629 11.659873
v -17.972889 1.404245 11.595277
v -17.953154 1.403666 11.652827
v -17.925608 2.103104 11.712045
v -17.953154 2.103629 11.659873
v -17.953154 1.403666 11.652827
v -17.925608 2.103104 11.712045
v -17.953154 1.403666 11.652827
v -17.925608 1.403141 11.704999
v -17.925608 1.403141 11.704999
v -17.888952 2.102656 11.756537
v -17.925608 2.103104 11.712045
v -17.925608 1.403141 11.704999
v -17.888952 1.402693 11.749494
v -17.888952 2.102656 11.756537
v -17.888952 1.402693 11.749494
v -17.842510 2.102303 11.791652
v -17.888952 2.102656 11.756537
v -17.888952 1.402693 11.749494
v -17.842510 1.402340 11.784606
v -17.842510 2.102303 11.791652
v -17.788086 1.402074 11.810992
v -17.842510 2.102303 11.791652
v -17.842510 1.402340 11.784606
v -17.788086 1.402074 11.810992
v -17.788086 2.102037 11.818036
v -17.842510 2.102303 11.791652
v -17.728115 2.101847 11.836944
v -17.788086 2.102037 11.818036
v -17.788086 1.402074 11.810992
v -17.728115 2.101847 11.836944
v -17.788086 1.402074 11.810992
v -17.728115 1.401884 11.829898
v -17.665030 2.101719 11.849620
v -17.728115 2.101847 11.836944
v -17.728115 1.401884 11.829898
v -17.665030 2.101719 11.849620
v -17.728115 1.401884 11.829898
v -17.665028 1.401756 11.842574
v 7.850314 1.305413 11.562642
v 7.822218 1.405856 11.519071
v 7.857745 1.305504 11.553588
v 7.850314 1.305413 11.562642
v 7.808539 1.405689 11.535737
v 7.822218 1.405856 11.519071
v 7.844791 1.305309 11.572974
v 7.808539 1.405689 11.535737
v 7.850314 1.305413 11.562642
v 7.844791 1.305309 11.572974
v 7.798374 1.405497 11.554753
v 7.808539 1.405689 11.535737
v 7.844791 1.305309 11.572974
v 7.792114 1.405290 11.575387
v 7.798374 1.405497 11.554753
v 7.844791 1.305309 11.572974
v 7.841391 1.305196 11.584184
v 7.792114 1.405290 11.575387
v 7.841391 1.305196 11.584184
v 7.790001 1.405074 11.596847
v 7.792114 1.405290 11.575387
v 7.841391 1.305196 11.584184
v 7.840243 1.305079 11.595841
v 7.790001 1.405074 11.596847
v 7.841391 1.304961 11.607499
v 7.790001 1.405074 11.596847
v 7.840243 1.305079 11.595841
v 7.841391 1.304961 11.607499
v 7.792114 1.404858 11.618308
v 7.790001 1.405074 11.596847
v 7.844791 1.304848 11.618711
v 7.792114 1.404858 11.618308
v 7.841391 1.304961 11.607499
v 7.844791 1.304848 11.618711
v 7.798374 1.404650 11.638942
v 7.792114 1.404858 11.618308
v 7.844791 1.304848 11.618711
v 7.808539 1.404458 11.657956
v 7.798374 1.404650 11.638942
v 7.844791 1.304848 11.618711
v 7.850314 1.304744 11.629039
v 7.808539 1.404458 11.657956
v 7.857745 1.304653 11.638095
v 7.808539 1.404458 11.657956
v 7.850314 1.304744 11.629039
v 7.857745 1.304653 11.638095
v 7.822218 1.404291 11.674624
v 7.808539 1.404458 11.657956
v 7.857745 1.304653 11.638095
v 7.838888 1.404153 11.688304
v 7.822218 1.404291 11.674624
v 7.857745 1.304653 11.638095
v 7.866801 1.304578 11.645526
v 7.838888 1.404153 11.688304
v 7.866801 1.304578 11.645526
v 7.857905 1.404051 11.698470
v 7.838888 1.404153 11.688304
v 7.866801 1.304578 11.645526
v 7.877132 1.304523 11.651048
v 7.857905 1.404051 11.698470
v 7.877132 1.304523 11.651048
v 7.878541 1.403988 11.704728
v 7.857905 1.404051 11.698470
v 7.877132 1.304523 11.651048
v 7.888342 1.304489 11.654447
v 7.878541 1.403988 11.704728
v 7.888342 1.304489 11.654447
v 7.900001 1.403966 11.706843
v 7.878541 1.403988 11.704728
v 7.888342 1.304489 11.654447
v 7.902457 1.304475 11.655837
v 7.900001 1.403966 11.706843
v 9.697544 1.304475 11.655837
v 7.900001 1.403966 11.706843
v 7.902457 1.304475 11.655837
v 9.697544 1.304475 11.655837
v 9.700001 1.403966 11.706843
v 7.900001 1.403966 11.706843
v 9.711658 1.304489 11.654447
v 9.700001 1.403966 11.706843
v 9.697544 1.304475 11.655837
v 9.711658 1.304489 11.654447
v 9.721461 1.403988 11.704728
v 9.700001 1.403966 11.706843
v 9.722869 1.304523 11.651048
v 9.721461 1.403988 11.704728
v 9.711658 1.304489 11.654447
v 9.722869 1.304523 11.651048
v 9.742096 1.404051 11.698470
v 9.721461 1.403988 11.704728
v 9.733201 1.304578 11.645526
v 9.742096 1.404051 11.698470
v 9.722869 1.304523 11.651048
v 9.733201 1.304578 11.645526
v 9.761114 1.404153 11.688304
v 9.742096 1.404051 11.698470
v 9.742256 1.304653 11.638095
v 9.761114 1.404153 11.688304
v 9.733201 1.304578 11.645526
v 9.742256 1.304653 11.638095
v 9.777782 1.404291 11.674626
v 9.761114 1.404153 11.688304
v 9.742256 1.304653 11.638095
v 9.791462 1.404458 11.657956
v 9.777782 1.404291 11.674626
v 9.742256 1.304653 11.638095
v 9.749687 1.304744 11.629039
v 9.791462 1.404458 11.657956
v 9.755210 1.304848 11.618711
v 9.791462 1.404458 11.657956
v 9.749687 1.304744 11.629039
v 9.755210 1.304848 11.618711
v 9.801628 1.404650 11.638942
v 9.791462 1.404458 11.657956
v 9.755210 1.304848 11.618711
v 9.807887 1.404858 11.618308
v 9.801628 1.404650 11.638942
v 9.755210 1.304848 11.618711
v 9.758611 1.304961 11.607499
v 9.807887 1.404858 11.618308
v 9.758611 1.304961 11.607499
v 9.810000 1.405074 11.596847
v 9.807887 1.404858 11.618308
v 9.758611 1.304961 11.607499
v 9.759758 1.305079 11.595841
v 9.810000 1.405074 11.596847
v 9.758611 1.305196 11.584184
v 9.810000 1.405074 11.596847
v 9.759758 1.305079 11.595841
v 9.758611 1.305196 11.584184
v 9.807887 1.405290 11.575389
v 9.810000 1.405074 11.596847
v 9.755210 1.305309 11.572974
v 9.807887 1.405290 11.575389
v 9.758611 1.305196 11.584184
v 9.755210 1.305309 11.572974
v 9.801628 1.405497 11.554753
v 9.807887 1.405290 11.575389
v 9.749688 1.305413 11.562642
v 9.801628 1.405497 11.554753
v 9.755210 1.305309 11.572974
v 9.749688 1.305413 11.562642
v 9.791462 1.405689 11.535737
v 9.801628 1.405497 11.554753
v 9.749688 1.305413 11.562642
v 9.777782 1.405856 11.519071
v 9.791462 1.405689 11.535737
v 9.749688 1.305413 11.562642
v 9.742256 1.305504 11.553588
v 9.777782 1.405856 11.519071
v 9.733201 1.305579 11.546157
v 9.777782 1.405856 11.519071
v 9.742256 1.305504 11.553588
v 9.733201 1.305579 11.546157
v 9.761114 1.405994 11.505389
v 9.777782 1.405856 11.519071
v 9.722869 1.305634 11.540635
v 9.761114 1.405994 11.505389
v 9.733201 1.305579 11.546157
v 9.722869 1.305634 11.540635
v 9.742096 1.406096 11.495225
v 9.761114 1.405994 11.505389
v 9.722869 1.305634 11.540635
v 9.721461 1.406160 11.488967
v 9.742096 1.406096 11.495225
v 9.722869 1.305634 11.540635
v 9.711658 1.305669 11.537234
v 9.721461 1.406160 11.488967
v 9.711658 1.305669 11.537234
v 9.700001 1.406181 11.486852
v 9.721461 1.406160 11.488967
v 9.711658 1.305669 11.537234
v 9.697544 1.305683 11.535844
v 9.700001 1.406181 11.486852
v 7.902457 1.305683 11.535844
v 9.700001 1.406181 11.486852
v 9.697544 1.305683 11.535844
v 7.902457 1.305683 11.535844
v 7.900001 1.406181 11.486852
v 9.700001 1.406181 11.486852
v 7.888342 1.305669 11.537234
v 7.900001 1.406181 11.486852
v 7.902457 1.305683 11.535844
v 7.888342 1.305669 11.537234
v 7.878541 1.406160 11.488967
v 7.900001 1.406181 11.486852
v 7.877132 1.305634 11.540635
v 7.878541 1.406160 11.488967
v 7.888342 1.305669 11.537234
v 7.877132 1.305634 11.540635
v 7.857905 1.406096 11.495225
v 7.878541 1.406160 11.488967
v 7.877132 1.305634 11.540635
v 7.838888 1.405994 11.505389
v 7.857905 1.406096 11.495225
v 7.877132 1.305634 11.540635
v 7.866801 1.305579 11.546157
v 7.838888 1.405994 11.505389
v 7.866801 1.305579 11.546157
v 7.822218 1.405856 11.519071
v 7.838888 1.405994 11.505389
v 7.866801 1.305579 11.546157
v 7.857745 1.305504 11.553588
v 7.822218 1.405856 11.519071
v -7.822218 1.405856 11.519071
v -7.850314 1.305413 11.562642
v -7.857745 1.305504 11.553588
v -7.822218 1.405856 11.519071
v -7.808539 1.405689 11.535737
v -7.850314 1.305413 11.562642
v -7.808539 1.405689 11.535737
v -7.844791 1.305309 11.572974
v -7.850314 1.305413 11.562642
v -7.808539 1.405689 11.535737
v -7.798374 1.405497 11.554753
v -7.844791 1.305309 11.572974
v -7.844791 1.305309 11.572974
v -7.798374 1.405497 11.554753
v -7.792114 1.405290 11.575387
v -7.844791 1.305309 11.572974
v -7.792114 1.405290 11.575387
v -7.841391 1.305196 11.584184
v -7.841391 1.305196 11.584184
v -7.792114 1.405290 11.575387
v -7.790001 1.405074 11.596847
v -7.841391 1.305196 11.584184
v -7.790001 1.405074 11.596847
v -7.840243 1.305079 11.595841
v -7.790001 1.405074 11.596847
v -7.841391 1.304961 11.607499
v -7.840243 1.305079 11.595841
v -7.790001 1.405074 11.596847
v -7.792114 1.404858 11.618308
v -7.841391 1.304961 11.607499
v -7.792114 1.404858 11.618308
v -7.844791 1.304848 11.618711
v -7.841391 1.304961 11.607499
v -7.792114 1.404858 11.618308
v -7.798374 1.404650 11.638942
v -7.844791 1.304848 11.618711
v -7.844791 1.304848 11.618711
v -7.798374 1.404650 11.638942
v -7.808539 1.404458 11.657956
v -7.844791 1.304848 11.618711
v -7.808539 1.404458 11.657956
v -7.850314 1.304744 11.629039
v -7.808539 1.404458 11.657956
v -7.857745 1.304653 11.638095
v -7.850314 1.304744 11.629039
v -7.808539 1.404458 11.657956
v -7.822218 1.404291 11.674624
v -7.857745 1.304653 11.638095
v -7.857745 1.304653 11.638095
v -7.822218 1.404291 11.674624
v -7.838888 1.404153 11.688304
v -7.857745 1.304653 11.638095
v -7.838888 1.404153 11.688304
v -7.866801 1.304578 11.645526
v -7.866801 1.304578 11.645526
v -7.838888 1.404153 11.688304
v -7.857905 1.404051 11.698470
v -7.866801 1.304578 11.645526
v -7.857905 1.404051 11.698470
v -7.877132 1.304523 11.651048
v -7.877132 1.304523 11.651048
v -7.857905 1.404051 11.698470
v -7.878541 1.403988 11.704728
v -7.877132 1.304523 11.651048
v -7.878541 1.403988 11.704728
v -7.888342 1.304489 11.654447
v -7.888342 1.304489 11.654447
v -7.878541 1.403988 11.704728
v -7.900001 1.403966 11.706843
v -7.888342 1.304489 11.654447
v -7.900001 1.403966 11.706843
v -7.902457 1.304475 11.655837
v -7.900001 1.403966 11.706843
v -9.697544 1.304475 11.655837
v -7.902457 1.304475 11.655837
v -7.900001 1.403966 11.706843
v -9.700001 1.403966 11.706843
v -9.697544 1.304475 11.655837
v -9.700001 1.403966 11.706843
v -9.711658 1.304489 11.654447
v -9.697544 1.304475 11.655837
v -9.700001 1.403966 11.706843
v -9.721461 1.403988 11.704728
v -9.711658 1.304489 11.654447
v -9.721461 1.403988 11.704728
v -9.722869 1.304523 11.651048
v -9.711658 1.304489 11.654447
v -9.721461 1.403988 11.704728
v -9.742096 1.404051 11.698470
v -9.722869 1.304523 11.651048
v -9.742096 1.404051 11.698470
v -9.733201 1.304578 11.645526
v -9.722869 1.304523 11.651048
v -9.742096 1.404051 11.698470
v -9.761114 1.404153 11.688304
v -9.733201 1.304578 11.645526
v -9.761114 1.404153 11.688304
v -9.742256 1.304653 11.638095
v -9.733201 1.304578 11.645526
v -9.761114 1.404153 11.688304
v -9.777782 1.404291 11.674626
v -9.742256 1.304653 11.638095
v -9.742256 1.304653 11.638095
v -9.777782 1.404291 11.674626
v -9.791462 1.404458 11.657956
v -9.742256 1.304653 11.638095
v -9.791462 1.404458 11.657956
v -9.749687 1.304744 11.629039
v -9.791462 1.404458 11.657956
v -9.755210 1.304848 11.618711
v -9.749687 1.304744 11.629039
v -9.791462 1.404458 11.657956
v -9.801628 1.404650 11.638942
v -9.755210 1.304848 11.618711
v -9.755210 1.304848 11.618711
v -9.801628 1.404650 11.638942
v -9.807887 1.404858 11.618308
v -9.755210 1.304848 11.618711
v -9.807887 1.404858 11.618308
v -9.758611 1.304961 11.607499
v -9.758611 1.304961 11.607499
v -9.807887 1.404858 11.618308
v -9.810000 1.405074 11.596847
v -9.758611 1.304961 11.607499
v -9.810000 1.405074 11.596847
v -9.759758 1.305079 11.595841
v -9.810000 1.405074 11.596847
v -9.758611 1.305196 11.584184
v -9.759758 1.305079 11.595841
v -9.810000 1.405074 11.596847
v -9.807887 1.405290 11.575389
v -9.758611 1.305196 11.584184
v -9.807887 1.405290 11.575389
v -9.755210 1.305309 11.572974
v -9.758611 1.305196 11.584184
v -9.807887 1.405290 11.575389
v -9.801628 1.405497 11.554753
v -9.755210 1.305309 11.572974
v -9.801628 1.405497 11.554753
v -9.749688 1.305413 11.562642
v -9.755210 1.305309 11.572974
v -9.801628 1.405497 11.554753
v -9.791462 1.405689 11.535737
v -9.749688 1.305413 11.562642
v -9.749688 1.305413 11.562642
v -9.791462 1.405689 11.535737
v -9.777782 1.405856 11.519071
v -9.749688 1.305413 11.562642
v -9.777782 1.405856 11.519071
v -9.742256 1.305504 11.553588
v -9.777782 1.405856 11.519071
v -9.733201 1.305579 11.546157
v -9.742256 1.305504 11.553588
v -9.777782 1.405856 11.519071
v -9.761114 1.405994 11.505389
v -9.733201 1.305579 11.546157
v -9.761114 1.405994 11.505389
v -9.722869 1.305634 11.540635
v -9.733201 1.305579 11.546157
v -9.761114 1.405994 11.505389
v -9.742096 1.406096 11.495225
v -9.722869 1.305634 11.540635
v -9.722869 1.305634 11.540635
v -9.742096 1.406096 11.495225
v -9.721461 1.406160 11.488967
v -9.722869 1.305634 11.540635
v -9.721461 1.406160 11.488967
v -9.711658 1.305669 11.537234
v -9.711658 1.305669 11.537234
v -9.721461 1.406160 11.488967
v -9.700001 1.406181 11.486852
v -9.711658 1.305669 11.537234
v -9.700001 1.406181 11.486852
v -9.697544 1.305683 11.535844
v -9.700001 1.406181 11.486852
v -7.902457 1.305683 11.535844
v -9.697544 1.305683 11.535844
v -9.700001 1.406181 11.486852
v -7.900001 1.406181 11.486852
v -7.902457 1.305683 11.535844
v -7.900001 1.406181 11.486852
v -7.888342 1.305669 11.537234
v -7.902457 1.305683 11.535844
v -7.900001 1.406181 11.486852
v -7.878541 1.406160 11.488967
v -7.888342 1.305669 11.537234
v -7.878541 1.406160 11.488967
v -7.877132 1.305634 11.540635
v -7.888342 1.305669 11.537234
v -7.878541 1.406160 11.488967
v -7.857905 1.406096 11.495225
v -7.877132 1.305634 11.540635
v -7.877132 1.305634 11.540635
v -7.857905 1.406096 11.495225
v -7.838888 1.405994 11.505389
v -7.877132 1.305634 11.540635
v -7.838888 1.405994 11.505389
v -7.866801 1.305579 11.546157
v -7.866801 1.305579 11.546157
v -7.838888 1.405994 11.505389
v -7.822218 1.405856 11.519071
v -7.866801 1.305579 11.546157
v -7.822218 1.405856 11.519071
v -7.857745 1.305504 11.553588
v 17.728115 1.638910 -11.716588
v 17.665030 1.639040 -11.729445
v 17.665030 2.339004 -11.722400
v 17.728115 1.638910 -11.716588
v 17.665030 2.339004 -11.722400
v 17.728115 2.338874 -11.709542
v 17.788086 1.638717 -11.697407
v 17.728115 1.638910 -11.716588
v 17.728115 2.338874 -11.709542
v 17.788086 1.638717 -11.697407
v 17.728115 2.338874 -11.709542
v 17.788086 2.338681 -11.690360
v 17.842506 1.638448 -11.670637
v 17.788086 1.638717 -11.697407
v 17.788086 2.338681 -11.690360
v 17.842506 1.638448 -11.670637
v 17.788086 2.338681 -11.690360
v 17.842510 2.338412 -11.663591
v 17.842510 2.338412 -11.663591
v 17.888952 1.638089 -11.635015
v 17.842506 1.638448 -11.670637
v 17.842510 2.338412 -11.663591
v 17.888954 2.338053 -11.627969
v 17.888952 1.638089 -11.635015
v 17.888954 2.338053 -11.627969
v 17.925606 1.637635 -11.589873
v 17.888952 1.638089 -11.635015
v 17.888954 2.338053 -11.627969
v 17.925608 2.337598 -11.582827
v 17.925606 1.637635 -11.589873
v 17.953156 1.637102 -11.536942
v 17.925606 1.637635 -11.589873
v 17.925608 2.337598 -11.582827
v 17.953156 1.637102 -11.536942
v 17.925608 2.337598 -11.582827
v 17.953154 2.337066 -11.529896
v 17.953156 1.637102 -11.536942
v 17.953154 2.337066 -11.529896
v 17.972891 2.336478 -11.471502
v 17.953156 1.637102 -11.536942
v 17.972891 2.336478 -11.471502
v 17.972889 1.636514 -11.478549
v 17.972889 1.636514 -11.478549
v 17.972891 2.336478 -11.471502
v 17.986120 2.335858 -11.409975
v 17.972889 1.636514 -11.478549
v 17.986120 2.335858 -11.409975
v 17.986122 1.635895 -11.417021
v 17.986122 1.635895 -11.417021
v 17.986120 2.335858 -11.409975
v 17.994146 2.335231 -11.347640
v 17.986122 1.635895 -11.417021
v 17.994146 2.335231 -11.347640
v 17.994146 1.635267 -11.354687
v 17.998270 1.634655 -11.293873
v 17.994146 1.635267 -11.354687
v 17.994146 2.335231 -11.347640
v 17.998270 1.634655 -11.293873
v 17.994146 2.335231 -11.347640
v 17.998270 2.334619 -11.286827
v 18.000002 2.333534 -11.179075
v 17.998270 1.634655 -11.293873
v 17.998270 2.334619 -11.286827
v 18.000002 2.333534 -11.179075
v 18.000002 1.633570 -11.186121
v 17.998270 1.634655 -11.293873
v 18.000002 2.107108 11.314324
v 18.000002 1.633570 -11.186121
v 18.000002 2.333534 -11.179075
v 18.000002 2.107108 11.314324
v 18.000002 1.407145 11.307279
v 18.000002 1.633570 -11.186121
v 18.000002 1.407145 11.307279
v 18.000002 2.107108 11.314324
v 17.998268 2.106040 11.420386
v 18.000002 1.407145 11.307279
v 17.998268 2.106040 11.420386
v 17.998268 1.406077 11.413341
v 17.998268 1.406077 11.413341
v 17.998268 2.106040 11.420386
v 17.994144 2.105437 11.480279
v 17.998268 1.406077 11.413341
v 17.994144 2.105437 11.480279
v 17.994144 1.405474 11.473233
v 17.994144 1.405474 11.473233
v 17.994144 2.105437 11.480279
v 17.986122 2.104819 11.541694
v 17.994144 1.405474 11.473233
v 17.986122 2.104819 11.541694
v 17.986122 1.404856 11.534648
v 17.986122 1.404856 11.534648
v 17.986122 2.104819 11.541694
v 17.972889 2.104208 11.602321
v 17.986122 1.404856 11.534648
v 17.972889 2.104208 11.602321
v 17.972889 1.404245 11.595277
v 17.972889 1.404245 11.595277
v 17.972889 2.104208 11.602321
v 17.953154 2.103629 11.659873
v 17.972889 1.404245 11.595277
v 17.953154 2.103629 11.659873
v 17.953154 1.403666 11.652827
v 17.953154 1.403666 11.652827
v 17.953154 2.103629 11.659873
v 17.925608 2.103104 11.712045
v 17.953154 1.403666 11.652827
v 17.925608 2.103104 11.712045
v 17.925608 1.403141 11.704999
v 17.888952 2.102656 11.756537
v 17.925608 1.403141 11.704999
v 17.925608 2.103104 11.712045
v 17.888952 2.102656 11.756537
v 17.888952 1.402693 11.749494
v 17.925608 1.403141 11.704999
v 17.888952 1.402693 11.749494
v 17.888952 2.102656 11.756537
v 17.842510 2.102303 11.791652
v 17.888952 1.402693 11.749494
v 17.842510 2.102303 11.791652
v 17.842510 1.402340 11.784606
v 17.788086 1.402074 11.810992
v 17.842510 1.402340 11.784606
v 17.842510 2.102303 11.791652
v 17.788086 1.402074 11.810992
v 17.842510 2.102303 11.791652
v 17.788086 2.102037 11.818036
v 17.788086 1.402074 11.810992
v 17.788086 2.102037 11.818036
v 17.728115 2.101847 11.836944
v 17.788086 1.402074 11.810992
v 17.728115 2.101847 11.836944
v 17.728115 1.401884 11.829898
v 17.728115 1.401884 11.829898
v 17.728115 2.101847 11.836944
v 17.665030 2.101719 11.849620
v 17.728115 1.401884 11.829898
v 17.665030 2.101719 11.849620
v 17.665028 1.401756 11.842574
v 17.665028 1.401756 11.842574
v 17.665030 2.101719 11.849620
v 17.601259 2.101642 11.857306
v 17.665028 1.401756 11.842574
v 17.601259 2.101642 11.857306
v 17.601257 1.401679 11.850263
v 17.601257 1.401679 11.850263
v 17.601259 2.101642 11.857306
v 17.539236 2.101602 11.861257
v 17.601257 1.401679 11.850263
v 17.539236 2.101602 11.861257
v 17.539236 1.401639 11.854209
v 17.430159 2.101585 11.862916
v 17.539236 1.401639 11.854209
v 17.539236 2.101602 11.861257
v 17.430159 2.101585 11.862916
v 17.430157 1.401622 11.855870
v 17.539236 1.401639 11.854209
v -17.430159 2.101585 11.862916
v 17.430157 1.401622 11.855870
v 17.430159 2.101585 11.862916
v -17.430159 2.101585 11.862916
v -17.430157 1.401622 11.855870
v 17.430157 1.401622 11.855870
v -17.539236 1.401639 11.854209
v -17.430157 1.401622 11.855870
v -17.430159 2.101585 11.862916
v -17.539236 1.401639 11.854209
v -17.430159 2.101585 11.862916
v -17.539236 2.101602 11.861257
v -17.539236 2.101602 11.861257
v -17.601257 1.401679 11.850263
v -17.539236 1.401639 11.854209
v -17.539236 2.101602 11.861257
v -17.601259 2.101642 11.857306
v -17.601257 1.401679 11.850263
v -17.601259 2.101642 11.857306
v -17.665028 1.401756 11.842574
v -17.601257 1.401679 11.850263
v -17.601259 2.101642 11.857306
v -17.665030 2.101719 11.849620
v -17.665028 1.401756 11.842574
v 17.654758 1.431653 -0.978191
v 17.626663 1.532097 -1.021764
v 17.662189 1.431745 -0.987248
v 17.654758 1.431653 -0.978191
v 17.612984 1.531929 -1.005096
v 17.626663 1.532097 -1.021764
v 17.654758 1.431653 -0.978191
v 17.602819 1.531738 -0.986081
v 17.612984 1.531929 -1.005096
v 17.654758 1.431653 -0.978191
v 17.649237 1.431549 -0.967860
v 17.602819 1.531738 -0.986081
v 17.645836 1.431437 -0.956652
v 17.602819 1.531738 -0.986081
v 17.649237 1.431549 -0.967860
v 17.645836 1.431437 -0.956652
v 17.596560 1.531530 -0.965446
v 17.602819 1.531738 -0.986081
v 17.645836 1.431437 -0.956652
v 17.594446 1.531314 -0.943988
v 17.596560 1.531530 -0.965446
v 17.645836 1.431437 -0.956652
v 17.644445 1.431294 -0.942538
v 17.594446 1.531314 -0.943988
v 17.644445 1.413225 0.852459
v 17.594446 1.531314 -0.943988
v 17.644445 1.431294 -0.942538
v 17.644445 1.413225 0.852459
v 17.594446 1.513196 0.855922
v 17.594446 1.531314 -0.943988
v 17.645836 1.413083 0.866572
v 17.594446 1.513196 0.855922
v 17.644445 1.413225 0.852459
v 17.645836 1.413083 0.866572
v 17.596560 1.512980 0.877381
v 17.594446 1.513196 0.855922
v 17.649237 1.412970 0.877782
v 17.596560 1.512980 0.877381
v 17.645836 1.413083 0.866572
v 17.649237 1.412970 0.877782
v 17.602819 1.512772 0.898015
v 17.596560 1.512980 0.877381
v 17.654758 1.412866 0.888114
v 17.602819 1.512772 0.898015
v 17.649237 1.412970 0.877782
v 17.654758 1.412866 0.888114
v 17.612984 1.512580 0.917032
v 17.602819 1.512772 0.898015
v 17.654758 1.412866 0.888114
v 17.626663 1.512413 0.933701
v 17.612984 1.512580 0.917032
v 17.654758 1.412866 0.888114
v 17.662189 1.412775 0.897168
v 17.626663 1.512413 0.933701
v 17.662189 1.412775 0.897168
v 17.643333 1.512275 0.947379
v 17.626663 1.512413 0.933701
v 17.662189 1.412775 0.897168
v 17.671247 1.412701 0.904600
v 17.643333 1.512275 0.947379
v 17.681578 1.412645 0.910121
v 17.643333 1.512275 0.947379
v 17.671247 1.412701 0.904600
v 17.681578 1.412645 0.910121
v 17.662352 1.512173 0.957543
v 17.643333 1.512275 0.947379
v 17.681578 1.412645 0.910121
v 17.682985 1.512110 0.963803
v 17.662352 1.512173 0.957543
v 17.681578 1.412645 0.910121
v 17.692787 1.412611 0.913522
v 17.682985 1.512110 0.963803
v 17.704447 1.412599 0.914670
v 17.682985 1.512110 0.963803
v 17.692787 1.412611 0.913522
v 17.704447 1.412599 0.914670
v 17.704447 1.512088 0.965917
v 17.682985 1.512110 0.963803
v 17.704447 1.412599 0.914670
v 17.725906 1.512110 0.963803
v 17.704447 1.512088 0.965917
v 17.704447 1.412599 0.914670
v 17.716105 1.412611 0.913522
v 17.725906 1.512110 0.963803
v 17.727314 1.412645 0.910121
v 17.725906 1.512110 0.963803
v 17.716105 1.412611 0.913522
v 17.727314 1.412645 0.910121
v 17.746540 1.512173 0.957543
v 17.725906 1.512110 0.963803
v 17.737646 1.412701 0.904600
v 17.746540 1.512173 0.957543
v 17.727314 1.412645 0.910121
v 17.737646 1.412701 0.904600
v 17.765560 1.512275 0.947379
v 17.746540 1.512173 0.957543
v 17.737646 1.412701 0.904600
v 17.782228 1.512413 0.933701
v 17.765560 1.512275 0.947379
v 17.737646 1.412701 0.904600
v 17.746700 1.412775 0.897168
v 17.782228 1.512413 0.933701
v 17.754133 1.412866 0.888114
v 17.782228 1.512413 0.933701
v 17.746700 1.412775 0.897168
v 17.754133 1.412866 0.888114
v 17.795906 1.512580 0.917032
v 17.782228 1.512413 0.933701
v 17.754133 1.412866 0.888114
v 17.806072 1.512772 0.898015
v 17.795906 1.512580 0.917032
v 17.754133 1.412866 0.888114
v 17.759655 1.412970 0.877782
v 17.806072 1.512772 0.898015
v 17.759655 1.412970 0.877782
v 17.812332 1.512980 0.877381
v 17.806072 1.512772 0.898015
v 17.759655 1.412970 0.877782
v 17.763056 1.413083 0.866572
v 17.812332 1.512980 0.877381
v 17.763056 1.413083 0.866572
v 17.814447 1.513196 0.855922
v 17.812332 1.512980 0.877381
v 17.763056 1.413083 0.866572
v 17.764446 1.413225 0.852459
v 17.814447 1.513196 0.855922
v 17.764446 1.413225 0.852459
v 17.814445 1.531314 -0.943988
v 17.814447 1.513196 0.855922
v 17.764446 1.413225 0.852459
v 17.764446 1.431294 -0.942538
v 17.814445 1.531314 -0.943988
v 17.763056 1.431437 -0.956652
v 17.814445 1.531314 -0.943988
v 17.764446 1.431294 -0.942538
v 17.763056 1.431437 -0.956652
v 17.812332 1.531530 -0.965446
v 17.814445 1.531314 -0.943988
v 17.763056 1.431437 -0.956652
v 17.806072 1.531738 -0.986081
v 17.812332 1.531530 -0.965446
v 17.763056 1.431437 -0.956652
v 17.759655 1.431549 -0.967860
v 17.806072 1.531738 -0.986081
v 17.754133 1.431653 -0.978191
v 17.806072 1.531738 -0.986081
v 17.759655 1.431549 -0.967860
v 17.754133 1.431653 -0.978191
v 17.795906 1.531929 -1.005096
v 17.806072 1.531738 -0.986081
v 17.754133 1.431653 -0.978191
v 17.782228 1.532097 -1.021764
v 17.795906 1.531929 -1.005096
v 17.754133 1.431653 -0.978191
v 17.746700 1.431745 -0.987248
v 17.782228 1.532097 -1.021764
v 17.746700 1.431745 -0.987248
v 17.765560 1.532235 -1.035442
v 17.782228 1.532097 -1.021764
v 17.746700 1.431745 -0.987248
v 17.737646 1.431819 -0.994678
v 17.765560 1.532235 -1.035442
v 17.727314 1.431875 -1.000200
v 17.765560 1.532235 -1.035442
v 17.737646 1.431819 -0.994678
v 17.727314 1.431875 -1.000200
v 17.746540 1.532337 -1.045609
v 17.765560 1.532235 -1.035442
v 17.716105 1.431909 -1.003600
v 17.746540 1.532337 -1.045609
v 17.727314 1.431875 -1.000200
v 17.716105 1.431909 -1.003600
v 17.725906 1.532400 -1.051869
v 17.746540 1.532337 -1.045609
v 17.716105 1.431909 -1.003600
v 17.704447 1.532421 -1.053982
v 17.725906 1.532400 -1.051869
v 17.716105 1.431909 -1.003600
v 17.704447 1.431921 -1.004748
v 17.704447 1.532421 -1.053982
v 17.692787 1.431909 -1.003600
v 17.704447 1.532421 -1.053982
v 17.704447 1.431921 -1.004748
v 17.692787 1.431909 -1.003600
v 17.682985 1.532400 -1.051869
v 17.704447 1.532421 -1.053982
v 17.692787 1.431909 -1.003600
v 17.662352 1.532337 -1.045609
v 17.682985 1.532400 -1.051869
v 17.692787 1.431909 -1.003600
v 17.681576 1.431875 -1.000200
v 17.662352 1.532337 -1.045609
v 17.681576 1.431875 -1.000200
v 17.643333 1.532235 -1.035442
v 17.662352 1.532337 -1.045609
v 17.681576 1.431875 -1.000200
v 17.671247 1.431819 -0.994678
v 17.643333 1.532235 -1.035442
v 17.662189 1.431745 -0.987248
v 17.643333 1.532235 -1.035442
v 17.671247 1.431819 -0.994678
v 17.662189 1.431745 -0.987248
v 17.626663 1.532097 -1.021764
v 17.643333 1.532235 -1.035442
v -17.626663 1.532097 -1.021764
v -17.654758 1.431653 -0.978191
v -17.662189 1.431745 -0.987248
v -17.626663 1.532097 -1.021764
v -17.612984 1.531929 -1.005096
v -17.654758 1.431653 -0.978191
v -17.654758 1.431653 -0.978191
v -17.612984 1.531929 -1.005096
v -17.602819 1.531738 -0.986081
v -17.654758 1.431653 -0.978191
v -17.602819 1.531738 -0.986081
v -17.649237 1.431549 -0.967860
v -17.602819 1.531738 -0.986081
v -17.645836 1.431437 -0.956652
v -17.649237 1.431549 -0.967860
v -17.602819 1.531738 -0.986081
v -17.596560 1.531530 -0.965446
v -17.645836 1.431437 -0.956652
v -17.645836 1.431437 -0.956652
v -17.596560 1.531530 -0.965446
v -17.594446 1.531314 -0.943988
v -17.645836 1.431437 -0.956652
v -17.594446 1.531314 -0.943988
v -17.644445 1.431294 -0.942538
v -17.594446 1.531314 -0.943988
v -17.644445 1.413225 0.852459
v -17.644445 1.431294 -0.942538
v -17.594446 1.531314 -0.943988
v -17.594446 1.513196 0.855922
v -17.644445 1.413225 0.852459
v -17.594446 1.513196 0.855922
v -17.645836 1.413083 0.866572
v -17.644445 1.413225 0.852459
v -17.594446 1.513196 0.855922
v -17.596560 1.512980 0.877381
v -17.645836 1.413083 0.866572
v -17.596560 1.512980 0.877381
v -17.649237 1.412970 0.877782
v -17.645836 1.413083 0.866572
v -17.596560 1.512980 0.877381
v -17.602819 1.512772 0.898015
v -17.649237 1.412970 0.877782
v -17.602819 1.512772 0.898015
v -17.654758 1.412866 0.888114
v -17.649237 1.412970 0.877782
v -17.602819 1.512772 0.898015
v -17.612984 1.512580 0.917032
v -17.654758 1.412866 0.888114
v -17.654758 1.412866 0.888114
v -17.612984 1.512580 0.917032
v -17.626663 1.512413 0.933701
v -17.654758 1.412866 0.888114
v -17.626663 1.512413 0.933701
v -17.662189 1.412775 0.897168
v -17.662189 1.412775 0.897168
v -17.626663 1.512413 0.933701
v -17.643333 1.512275 0.947379
v -17.662189 1.412775 0.897168
v -17.643333 1.512275 0.947379
v -17.671247 1.412701 0.904600
v -17.643333 1.512275 0.947379
v -17.681578 1.412645 0.910121
v -17.671247 1.412701 0.904600
v -17.643333 1.512275 0.947379
v -17.662352 1.512173 0.957543
v -17.681578 1.412645 0.910121
v -17.681578 1.412645 0.910121
v -17.662352 1.512173 0.957543
v -17.682985 1.512110 0.963803
v -17.681578 1.412645 0.910121
v -17.682985 1.512110 0.963803
v -17.692787 1.412611 0.913522
v -17.682985 1.512110 0.963803
v -17.704447 1.412599 0.914670
v -17.692787 1.412611 0.913522
v -17.682985 1.512110 0.963803
v -17.704447 1.512088 0.965917
v -17.704447 1.412599 0.914670
v -17.704447 1.412599 0.914670
v -17.704447 1.512088 0.965917
v -17.725906 1.512110 0.963803
v -17.704447 1.412599 0.914670
v -17.725906 1.512110 0.963803
v -17.716105 1.412611 0.913522
v -17.725906 1.512110 0.963803
v -17.727314 1.412645 0.910121
v -17.716105 1.412611 0.913522
v -17.725906 1.512110 0.963803
v -17.746540 1.512173 0.957543
v -17.727314 1.412645 0.910121
v -17.746540 1.512173 0.957543
v -17.737646 1.412701 0.904600
v -17.727314 1.412645 0.910121
v -17.746540 1.512173 0.957543
v -17.765560 1.512275 0.947379
v -17.737646 1.412701 0.904600
v -17.737646 1.412701 0.904600
v -17.765560 1.512275 0.947379
v -17.782228 1.512413 0.933701
v -17.737646 1.412701 0.904600
v -17.782228 1.512413 0.933701
v -17.746700 1.412775 0.897168
v -17.782228 1.512413 0.933701
v -17.754133 1.412866 0.888114
v -17.746700 1.412775 0.897168
v -17.782228 1.512413 0.933701
v -17.795906 1.512580 0.917032
v -17.754133 1.412866 0.888114
v -17.754133 1.412866 0.888114
v -17.795906 1.512580 0.917032
v -17.806072 1.512772 0.898015
v -17.754133 1.412866 0.888114
v -17.806072 1.512772 0.898015
v -17.759655 1.412970 0.877782
v -17.759655 1.412970 0.877782
v -17.806072 1.512772 0.898015
v -17.812332 1.512980 0.877381
v -17.759655 1.412970 0.877782
v -17.812332 1.512980 0.877381
v -17.763056 1.413083 0.866572
v -17.763056 1.413083 0.866572
v -17.812332 1.512980 0.877381
v -17.814447 1.513196 0.855922
v -17.763056 1.413083 0.866572
v -17.814447 1.513196 0.855922
v -17.764446 1.413225 0.852459
v -17.764446 1.413225 0.852459
v -17.814447 1.513196 0.855922
v -17.814445 1.531314 -0.943988
v -17.764446 1.413225 0.852459
v -17.814445 1.531314 -0.943988
v -17.764446 1.431294 -0.942538
v -17.814445 1.531314 -0.943988
v -17.763056 1.431437 -0.956652
v -17.764446 1.431294 -0.942538
v -17.814445 1.531314 -0.943988
v -17.812332 1.531530 -0.965446
v -17.763056 1.431437 -0.956652
v -17.763056 1.431437 -0.956652
v -17.812332 1.531530 -0.965446
v -17.806072 1.531738 -0.986081
v -17.763056 1.431437 -0.956652
v -17.806072 1.531738 -0.986081
v -17.759655 1.431549 -0.967860
v -17.806072 1.531738 -0.986081
v -17.754133 1.431653 -0.978191
v -17.759655 1.431549 -0.967860
v -17.806072 1.531738 -0.986081
v -17.795906 1.531929 -1.005096
v -17.754133 1.431653 -0.978191
v -17.754133 1.431653 -0.978191
v -17.795906 1.531929 -1.005096
v -17.782228 1.532097 -1.021764
v -17.754133 1.431653 -0.978191
v -17.782228 1.532097 -1.021764
v -17.746700 1.431745 -0.987248
v -17.746700 1.431745 -0.987248
v -17.782228 1.532097 -1.021764
v -17.765560 1.532235 -1.035442
v -17.746700 1.431745 -0.987248
v -17.765560 1.532235 -1.035442
v -17.737646 1.431819 -0.994678
v -17.765560 1.532235 -1.035442
v -17.727314 1.431875 -1.000200
v -17.737646 1.431819 -0.994678
v -17.765560 1.532235 -1.035442
v -17.746540 1.532337 -1.045609
v -17.727314 1.431875 -1.000200
v -17.746540 1.532337 -1.045609
v -17.716105 1.431909 -1.003600
v -17.727314 1.431875 -1.000200
v -17.746540 1.532337 -1.045609
v -17.725906 1.532400 -1.051869
v -17.716105 1.431909 -1.003600
v -17.716105 1.431909 -1.003600
v -17.725906 1.532400 -1.051869
v -17.704447 1.532421 -1.053982
v -17.716105 1.431909 -1.003600
v -17.704447 1.532421 -1.053982
v -17.704447 1.431921 -1.004748
v -17.704447 1.532421 -1.053982
v -17.692787 1.431909 -1.003600
v -17.704447 1.431921 -1.004748
v -17.704447 1.532421 -1.053982
v -17.682985 1.532400 -1.051869
v -17.692787 1.431909 -1.003600
v -17.692787 1.431909 -1.003600
v -17.682985 1.532400 -1.051869
v -17.662352 1.532337 -1.045609
v -17.692787 1.431909 -1.003600
v -17.662352 1.532337 -1.045609
v -17.681576 1.431875 -1.000200
v -17.681576 1.431875 -1.000200
v -17.662352 1.532337 -1.045609
v -17.643333 1.532235 -1.035442
v -17.681576 1.431875 -1.000200
v -17.643333 1.532235 -1.035442
v -17.671247 1.431819 -0.994678
v -17.643333 1.532235 -1.035442
v -17.662189 1.431745 -0.987248
v -17.671247 1.431819 -0.994678
v -17.643333 1.532235 -1.035442
v -17.626663 1.532097 -1.021764
v -17.662189 1.431745 -0.987248
v 7.844791 1.305309 11.572974
v 7.857745 1.305504 11.553588
v 7.877132 1.305634 11.540635
v 7.844791 1.305309 11.572974
v 7.877132 1.305634 11.540635
v 7.877132 1.304523 11.651048
v 7.840243 1.305079 11.595841
v 7.844791 1.305309 11.572974
v 7.877132 1.304523 11.651048
v 7.844791 1.304848 11.618711
v 7.840243 1.305079 11.595841
v 7.877132 1.304523 11.651048
v 7.850314 1.304744 11.629039
v 7.844791 1.304848 11.618711
v 7.877132 1.304523 11.651048
v 7.877132 1.305634 11.540635
v 7.902457 1.305683 11.535844
v 7.877132 1.304523 11.651048
v 7.902457 1.304475 11.655837
v 7.877132 1.304523 11.651048
v 7.902457 1.305683 11.535844
v 9.697544 1.304475 11.655837
v 7.902457 1.304475 11.655837
v 7.902457 1.305683 11.535844
v 7.902457 1.305683 11.535844
v 9.697544 1.305683 11.535844
v 9.697544 1.304475 11.655837
v 9.711658 1.304489 11.654447
v 9.697544 1.304475 11.655837
v 9.697544 1.305683 11.535844
v 9.697544 1.305683 11.535844
v 9.711658 1.305669 11.537234
v 9.711658 1.304489 11.654447
v 9.711658 1.305669 11.537234
v 9.733201 1.305579 11.546157
v 9.711658 1.304489 11.654447
v 9.749687 1.304744 11.629039
v 9.733201 1.304578 11.645526
v 9.711658 1.304489 11.654447
v 9.749687 1.304744 11.629039
v 9.711658 1.304489 11.654447
v 9.733201 1.305579 11.546157
v 9.733201 1.305579 11.546157
v 9.758611 1.305196 11.584184
v 9.749687 1.304744 11.629039
v 9.733201 1.305579 11.546157
v 9.742256 1.305504 11.553588
v 9.758611 1.305196 11.584184
v 9.758611 1.305196 11.584184
v 9.759758 1.305079 11.595841
v 9.749687 1.304744 11.629039
v 17.692787 1.431909 -1.003600
v 17.704447 1.431921 -1.004748
v 17.737646 1.431819 -0.994678
v 17.671247 1.431819 -0.994678
v 17.692787 1.431909 -1.003600
v 17.737646 1.431819 -0.994678
v 17.654758 1.431653 -0.978191
v 17.671247 1.431819 -0.994678
v 17.737646 1.431819 -0.994678
v 17.737646 1.431819 -0.994678
v 17.763056 1.431437 -0.956652
v 17.654758 1.431653 -0.978191
v 17.759655 1.431549 -0.967860
v 17.763056 1.431437 -0.956652
v 17.737646 1.431819 -0.994678
v 17.645836 1.431437 -0.956652
v 17.654758 1.431653 -0.978191
v 17.763056 1.431437 -0.956652
v 17.644445 1.431294 -0.942538
v 17.645836 1.431437 -0.956652
v 17.763056 1.431437 -0.956652
v 17.763056 1.431437 -0.956652
v 17.764446 1.431294 -0.942538
v 17.644445 1.431294 -0.942538
v 17.644445 1.413225 0.852459
v 17.644445 1.431294 -0.942538
v 17.764446 1.431294 -0.942538
v 17.764446 1.431294 -0.942538
v 17.764446 1.413225 0.852459
v 17.644445 1.413225 0.852459
v 17.764446 1.413225 0.852459
v 17.759655 1.412970 0.877782
v 17.644445 1.413225 0.852459
v 17.649237 1.412970 0.877782
v 17.644445 1.413225 0.852459
v 17.759655 1.412970 0.877782
v 17.681578 1.412645 0.910121
v 17.671247 1.412701 0.904600
v 17.649237 1.412970 0.877782
v 17.681578 1.412645 0.910121
v 17.649237 1.412970 0.877782
v 17.759655 1.412970 0.877782
v 17.759655 1.412970 0.877782
v 17.727314 1.412645 0.910121
v 17.681578 1.412645 0.910121
v 17.759655 1.412970 0.877782
v 17.746700 1.412775 0.897168
v 17.727314 1.412645 0.910121
v 17.727314 1.412645 0.910121
v 17.704447 1.412599 0.914670
v 17.681578 1.412645 0.910121
v -7.844791 1.305309 11.572974
v -7.841391 1.305196 11.584184
v -7.844791 1.304848 11.618711
v -7.857745 1.305504 11.553588
v -7.844791 1.305309 11.572974
v -7.844791 1.304848 11.618711
v -7.877132 1.305634 11.540635
v -7.857745 1.305504 11.553588
v -7.844791 1.304848 11.618711
v -7.844791 1.304848 11.618711
v -7.850314 1.304744 11.629039
v -7.877132 1.304523 11.651048
v -7.844791 1.304848 11.618711
v -7.877132 1.304523 11.651048
v -7.877132 1.305634 11.540635
v -7.877132 1.304523 11.651048
v -7.902457 1.304475 11.655837
v -7.877132 1.305634 11.540635
v -7.902457 1.305683 11.535844
v -7.877132 1.305634 11.540635
v -7.902457 1.304475 11.655837
v -7.902457 1.304475 11.655837
v -9.697544 1.304475 11.655837
v -7.902457 1.305683 11.535844
v -9.697544 1.305683 11.535844
v -7.902457 1.305683 11.535844
v -9.697544 1.304475 11.655837
v -9.711658 1.304489 11.654447
v -9.697544 1.305683 11.535844
v -9.697544 1.304475 11.655837
v -9.711658 1.305669 11.537234
v -9.697544 1.305683 11.535844
v -9.711658 1.304489 11.654447
v -9.733201 1.305579 11.546157
v -9.711658 1.305669 11.537234
v -9.711658 1.304489 11.654447
v -9.742256 1.305504 11.553588
v -9.733201 1.305579 11.546157
v -9.758611 1.305196 11.584184
v -9.758611 1.305196 11.584184
v -9.733201 1.305579 11.546157
v -9.711658 1.304489 11.654447
v -9.711658 1.304489 11.654447
v -9.749687 1.304744 11.629039
v -9.758611 1.305196 11.584184
v -9.711658 1.304489 11.654447
v -9.722869 1.304523 11.651048
v -9.749687 1.304744 11.629039
v -9.759758 1.305079 11.595841
v -9.758611 1.305196 11.584184
v -9.749687 1.304744 11.629039
v -17.704447 1.431921 -1.004748
v -17.692787 1.431909 -1.003600
v -17.737646 1.431819 -0.994678
v -17.692787 1.431909 -1.003600
v -17.671247 1.431819 -0.994678
v -17.654758 1.431653 -0.978191
v -17.763056 1.431437 -0.956652
v -17.737646 1.431819 -0.994678
v -17.692787 1.431909 -1.003600
v -17.692787 1.431909 -1.003600
v -17.654758 1.431653 -0.978191
v -17.763056 1.431437 -0.956652
v -17.763056 1.431437 -0.956652
v -17.759655 1.431549 -0.967860
v -17.737646 1.431819 -0.994678
v -17.654758 1.431653 -0.978191
v -17.645836 1.431437 -0.956652
v -17.763056 1.431437 -0.956652
v -17.645836 1.431437 -0.956652
v -17.644445 1.431294 -0.942538
v -17.763056 1.431437 -0.956652
v -17.763056 1.431437 -0.956652
v -17.644445 1.431294 -0.942538
v -17.764446 1.431294 -0.942538
v -17.644445 1.431294 -0.942538
v -17.644445 1.413225 0.852459
v -17.764446 1.431294 -0.942538
v -17.764446 1.413225 0.852459
v -17.764446 1.431294 -0.942538
v -17.644445 1.413225 0.852459
v -17.644445 1.413225 0.852459
v -17.649237 1.412970 0.877782
v -17.764446 1.413225 0.852459
v -17.759655 1.412970 0.877782
v -17.764446 1.413225 0.852459
v -17.649237 1.412970 0.877782
v -17.727314 1.412645 0.910121
v -17.746700 1.412775 0.897168
v -17.759655 1.412970 0.877782
v -17.727314 1.412645 0.910121
v -17.759655 1.412970 0.877782
v -17.649237 1.412970 0.877782
v -17.649237 1.412970 0.877782
v -17.681578 1.412645 0.910121
v -17.727314 1.412645 0.910121
v -17.671247 1.412701 0.904600
v -17.681578 1.412645 0.910121
v -17.649237 1.412970 0.877782
v -17.681578 1.412645 0.910121
v -17.704447 1.412599 0.914670
v -17.727314 1.412645 0.910121

vt 0.879883 0.413574
vt 0.874512 0.152344
vt 0.879883 0.152344
vt 0.879883 0.413574
vt 0.874512 0.413574
vt 0.874512 0.152344
vt 0.537109 0.629150
vt 0.551758 0.604492
vt 0.551758 0.629150
vt 0.537109 0.629150
vt 0.537109 0.604492
vt 0.551758 0.604492
vt 0.901367 0.334473
vt 0.915527 0.346191
vt 0.901367 0.346191
vt 0.901367 0.334473
vt 0.915527 0.334473
vt 0.915527 0.346191
vt 0.560059 0.615234
vt 0.584473 0.604492
vt 0.584473 0.615234
vt 0.560059 0.615234
vt 0.560059 0.604492
vt 0.584473 0.604492
vt 0.750977 0.685547
vt 0.766113 0.674561
vt 0.766113 0.685547
vt 0.750977 0.685547
vt 0.750977 0.674561
vt 0.766113 0.674561
vt 0.825195 0.613281
vt 0.819824 0.152344
vt 0.825195 0.152344
vt 0.825195 0.613281
vt 0.819824 0.613281
vt 0.819824 0.152344
vt 0.893066 0.152344
vt 0.887695 0.413574
vt 0.887695 0.152344
vt 0.893066 0.152344
vt 0.893066 0.413574
vt 0.887695 0.413574
vt 0.514648 0.604492
vt 0.529297 0.629150
vt 0.514648 0.629150
vt 0.514648 0.604492
vt 0.529297 0.604492
vt 0.529297 0.629150
vt 0.728027 0.685547
vt 0.743164 0.674561
vt 0.743164 0.685547
vt 0.728027 0.685547
vt 0.728027 0.674561
vt 0.743164 0.674561
vt 0.617188 0.615234
vt 0.592773 0.604492
vt 0.617188 0.604492
vt 0.617188 0.615234
vt 0.592773 0.615234
vt 0.592773 0.604492
vt 0.789062 0.685547
vt 0.773926 0.674561
vt 0.789062 0.674561
vt 0.789062 0.685547
vt 0.773926 0.685547
vt 0.773926 0.674561
vt 0.833496 0.152344
vt 0.838379 0.613281
vt 0.833496 0.613281
vt 0.833496 0.152344
vt 0.838379 0.152344
vt 0.838379 0.613281
vt 0.004002 0.914001
vt 0.465088 0.652588
vt 0.465088 0.914001
vt 0.004002 0.914001
vt 0.004002 0.652588
vt 0.465088 0.652588
vt 0.484375 0.650635
vt 0.484863 0.649902
vt 0.485596 0.649414
vt 0.484131 0.651367
vt 0.484375 0.650635
vt 0.485596 0.649414
vt 0.485596 0.649414
vt 0.486328 0.649170
vt 0.484131 0.651367
vt 0.486328 0.649170
vt 0.487061 0.648926
vt 0.484131 0.651367
vt 0.483887 0.652100
vt 0.484131 0.651367
vt 0.487061 0.648926
vt 0.483643 0.652832
vt 0.483887 0.652100
vt 0.487061 0.648926
vt 0.483643 0.652832
vt 0.487061 0.648926
vt 0.488037 0.648682
vt 0.483643 0.653564
vt 0.483643 0.652832
vt 0.488037 0.648682
vt 0.488037 0.648682
vt 0.488770 0.648682
vt 0.483643 0.653564
vt 0.483398 0.654541
vt 0.483643 0.653564
vt 0.488770 0.648682
vt 0.483398 0.654541
vt 0.488770 0.648682
vt 0.489502 0.648682
vt 0.483398 0.655762
vt 0.483398 0.654541
vt 0.489502 0.648682
vt 0.489502 0.648682
vt 0.490967 0.648682
vt 0.483398 0.655762
vt 0.490967 0.648682
vt 0.492432 0.665039
vt 0.483398 0.655762
vt 0.954590 0.648682
vt 0.492432 0.665039
vt 0.490967 0.648682
vt 0.492432 0.926331
vt 0.483398 0.655762
vt 0.492432 0.665039
vt 0.954590 0.648682
vt 0.953125 0.665039
vt 0.492432 0.665039
vt 0.492432 0.926331
vt 0.483398 0.954926
vt 0.483398 0.655762
vt 0.953125 0.665039
vt 0.954590 0.648682
vt 0.961914 0.655762
vt 0.954590 0.648682
vt 0.956055 0.648682
vt 0.961914 0.655762
vt 0.961914 0.655762
vt 0.953125 0.926331
vt 0.953125 0.665039
vt 0.961914 0.654541
vt 0.961914 0.655762
vt 0.956055 0.648682
vt 0.956055 0.648682
vt 0.957031 0.648682
vt 0.961914 0.654541
vt 0.961914 0.654541
vt 0.957031 0.648682
vt 0.961914 0.653564
vt 0.957031 0.648682
vt 0.957520 0.648682
vt 0.961914 0.653564
vt 0.961914 0.652832
vt 0.961914 0.653564
vt 0.957520 0.648682
vt 0.957520 0.648682
vt 0.958496 0.648926
vt 0.961914 0.652832
vt 0.961914 0.652832
vt 0.958496 0.648926
vt 0.961914 0.652100
vt 0.958496 0.648926
vt 0.959473 0.649170
vt 0.961914 0.652100
vt 0.961426 0.651367
vt 0.961914 0.652100
vt 0.959473 0.649170
vt 0.959473 0.649170
vt 0.959961 0.649414
vt 0.961426 0.651367
vt 0.961426 0.651367
vt 0.959961 0.649414
vt 0.960938 0.650635
vt 0.959961 0.649414
vt 0.960449 0.649902
vt 0.960938 0.650635
vt 0.961914 0.655762
vt 0.961914 0.954926
vt 0.953125 0.926331
vt 0.954590 0.962341
vt 0.953125 0.926331
vt 0.961914 0.954926
vt 0.961914 0.954926
vt 0.956055 0.962311
vt 0.954590 0.962341
vt 0.961914 0.954926
vt 0.961914 0.956360
vt 0.956055 0.962311
vt 0.961914 0.956360
vt 0.961914 0.957153
vt 0.956055 0.962311
vt 0.957031 0.962250
vt 0.956055 0.962311
vt 0.961914 0.957153
vt 0.957520 0.962158
vt 0.957031 0.962250
vt 0.961914 0.957153
vt 0.961914 0.957153
vt 0.961914 0.958008
vt 0.957520 0.962158
vt 0.958496 0.961975
vt 0.957520 0.962158
vt 0.961914 0.958008
vt 0.961914 0.958008
vt 0.961914 0.958801
vt 0.958496 0.961975
vt 0.961914 0.958801
vt 0.961426 0.959595
vt 0.958496 0.961975
vt 0.958496 0.961975
vt 0.961426 0.959595
vt 0.959473 0.961731
vt 0.961426 0.959595
vt 0.960938 0.960297
vt 0.959473 0.961731
vt 0.959961 0.961365
vt 0.959473 0.961731
vt 0.960938 0.960297
vt 0.960938 0.960297
vt 0.960449 0.960907
vt 0.959961 0.961365
vt 0.927734 0.962341
vt 0.927734 0.950348
vt 0.954590 0.962341
vt 0.954590 0.962341
vt 0.927734 0.950348
vt 0.953125 0.926331
vt 0.953125 0.926331
vt 0.927734 0.950348
vt 0.902832 0.950348
vt 0.492432 0.926331
vt 0.953125 0.926331
vt 0.902832 0.950348
vt 0.902832 0.950348
vt 0.902832 0.962341
vt 0.542480 0.962341
vt 0.902832 0.950348
vt 0.542480 0.962341
vt 0.542480 0.950348
vt 0.902832 0.950348
vt 0.542480 0.950348
vt 0.492432 0.926331
vt 0.542480 0.950348
vt 0.517578 0.950348
vt 0.492432 0.926331
vt 0.490967 0.962341
vt 0.492432 0.926331
vt 0.517578 0.950348
vt 0.517578 0.962341
vt 0.490967 0.962341
vt 0.517578 0.950348
vt 0.483398 0.954926
vt 0.492432 0.926331
vt 0.490967 0.962341
vt 0.490967 0.962341
vt 0.489502 0.962311
vt 0.483398 0.954926
vt 0.483398 0.954926
vt 0.489502 0.962311
vt 0.483398 0.956360
vt 0.489502 0.962311
vt 0.488770 0.962250
vt 0.483398 0.956360
vt 0.483643 0.957153
vt 0.483398 0.956360
vt 0.488770 0.962250
vt 0.483643 0.958008
vt 0.483643 0.957153
vt 0.488770 0.962250
vt 0.488770 0.962250
vt 0.488037 0.962158
vt 0.483643 0.958008
vt 0.483887 0.958801
vt 0.483643 0.958008
vt 0.488037 0.962158
vt 0.488037 0.962158
vt 0.487061 0.961975
vt 0.483887 0.958801
vt 0.487061 0.961975
vt 0.486328 0.961731
vt 0.483887 0.958801
vt 0.483887 0.958801
vt 0.486328 0.961731
vt 0.484131 0.959595
vt 0.486328 0.961731
vt 0.485596 0.961365
vt 0.484131 0.959595
vt 0.484375 0.960297
vt 0.484131 0.959595
vt 0.485596 0.961365
vt 0.485596 0.961365
vt 0.484863 0.960907
vt 0.484375 0.960297
vt 0.810059 0.005371
vt 0.810547 0.005859
vt 0.811035 0.006348
vt 0.809082 0.004883
vt 0.810059 0.005371
vt 0.811035 0.006348
vt 0.811035 0.006348
vt 0.811523 0.006836
vt 0.809082 0.004883
vt 0.811523 0.006836
vt 0.811523 0.007812
vt 0.809082 0.004883
vt 0.809082 0.004883
vt 0.811523 0.007812
vt 0.808594 0.004395
vt 0.807617 0.004395
vt 0.808594 0.004395
vt 0.811523 0.007812
vt 0.811523 0.007812
vt 0.811523 0.008789
vt 0.807617 0.004395
vt 0.811523 0.008789
vt 0.806641 0.004395
vt 0.807617 0.004395
vt 0.811523 0.008789
vt 0.812012 0.009766
vt 0.806641 0.004395
vt 0.806152 0.004395
vt 0.806641 0.004395
vt 0.812012 0.009766
vt 0.812012 0.009766
vt 0.812012 0.010254
vt 0.806152 0.004395
vt 0.804688 0.004395
vt 0.806152 0.004395
vt 0.812012 0.010254
vt 0.812012 0.010254
vt 0.812012 0.011719
vt 0.804688 0.004395
vt 0.505371 0.004395
vt 0.804688 0.004395
vt 0.812012 0.011719
vt 0.812012 0.011719
vt 0.498291 0.011719
vt 0.505371 0.004395
vt 0.812012 0.011719
vt 0.812012 0.475586
vt 0.498291 0.011719
vt 0.498291 0.011719
vt 0.498291 0.010254
vt 0.505371 0.004395
vt 0.503906 0.004395
vt 0.505371 0.004395
vt 0.498291 0.010254
vt 0.498291 0.475586
vt 0.498291 0.011719
vt 0.812012 0.475586
vt 0.503418 0.004395
vt 0.503906 0.004395
vt 0.498291 0.010254
vt 0.498291 0.010254
vt 0.498291 0.009766
vt 0.503418 0.004395
vt 0.498291 0.009766
vt 0.498291 0.008789
vt 0.503418 0.004395
vt 0.503418 0.004395
vt 0.498291 0.008789
vt 0.502441 0.004395
vt 0.498291 0.008789
vt 0.498535 0.007812
vt 0.502441 0.004395
vt 0.501465 0.004395
vt 0.502441 0.004395
vt 0.498535 0.007812
vt 0.500977 0.004883
vt 0.501465 0.004395
vt 0.498535 0.007812
vt 0.498535 0.007812
vt 0.498779 0.006836
vt 0.500977 0.004883
vt 0.500000 0.005371
vt 0.500977 0.004883
vt 0.498779 0.006836
vt 0.498779 0.006836
vt 0.499023 0.006348
vt 0.500000 0.005371
vt 0.499023 0.006348
vt 0.499512 0.005859
vt 0.500000 0.005371
vt 0.498291 0.475586
vt 0.812012 0.475586
vt 0.505371 0.482910
vt 0.498291 0.477051
vt 0.498291 0.475586
vt 0.505371 0.482910
vt 0.804688 0.482910
vt 0.505371 0.482910
vt 0.812012 0.475586
vt 0.505371 0.482910
vt 0.503906 0.482910
vt 0.498291 0.477051
vt 0.812012 0.475586
vt 0.812012 0.477051
vt 0.804688 0.482910
vt 0.498291 0.477051
vt 0.503906 0.482910
vt 0.498291 0.477539
vt 0.804688 0.482910
vt 0.812012 0.477051
vt 0.806152 0.482910
vt 0.503906 0.482910
vt 0.503418 0.482910
vt 0.498291 0.477539
vt 0.812012 0.477051
vt 0.812012 0.477539
vt 0.806152 0.482910
vt 0.498291 0.478516
vt 0.498291 0.477539
vt 0.503418 0.482910
vt 0.806641 0.482910
vt 0.806152 0.482910
vt 0.812012 0.477539
vt 0.503418 0.482910
vt 0.502441 0.482910
vt 0.498291 0.478516
vt 0.812012 0.477539
vt 0.811523 0.478516
vt 0.806641 0.482910
vt 0.498535 0.479492
vt 0.498291 0.478516
vt 0.502441 0.482910
vt 0.807617 0.482910
vt 0.806641 0.482910
vt 0.811523 0.478516
vt 0.502441 0.482910
vt 0.501465 0.482422
vt 0.498535 0.479492
vt 0.811523 0.478516
vt 0.811523 0.479492
vt 0.807617 0.482910
vt 0.498779 0.479980
vt 0.498535 0.479492
vt 0.501465 0.482422
vt 0.807617 0.482910
vt 0.811523 0.479492
vt 0.808594 0.482422
vt 0.501465 0.482422
vt 0.500977 0.482422
vt 0.498779 0.479980
vt 0.811523 0.479492
vt 0.811523 0.479980
vt 0.808594 0.482422
vt 0.499023 0.480957
vt 0.498779 0.479980
vt 0.500977 0.482422
vt 0.808594 0.482422
vt 0.811523 0.479980
vt 0.809082 0.482422
vt 0.500977 0.482422
vt 0.500000 0.481934
vt 0.499023 0.480957
vt 0.500000 0.481934
vt 0.499512 0.481445
vt 0.499023 0.480957
vt 0.811523 0.479980
vt 0.811035 0.480957
vt 0.809082 0.482422
vt 0.810059 0.481934
vt 0.809082 0.482422
vt 0.811035 0.480957
vt 0.811035 0.480957
vt 0.810547 0.481445
vt 0.810059 0.481934
vt 0.003998 0.969299
vt 0.004852 0.978622
vt 0.003998 0.978622
vt 0.003998 0.969299
vt 0.004852 0.969299
vt 0.004852 0.978622
vt 0.004852 0.969299
vt 0.005676 0.978622
vt 0.004852 0.978622
vt 0.004852 0.969299
vt 0.005676 0.969299
vt 0.005676 0.978622
vt 0.007130 0.978622
vt 0.005676 0.978622
vt 0.005676 0.969299
vt 0.007130 0.978622
vt 0.005676 0.969299
vt 0.007130 0.969299
vt 0.007130 0.978622
vt 0.007130 0.969299
vt 0.033997 0.969299
vt 0.058716 0.954681
vt 0.033997 0.969299
vt 0.033997 0.954681
vt 0.058716 0.954681
vt 0.058716 0.969315
vt 0.033997 0.969299
vt 0.007130 0.978622
vt 0.033997 0.969299
vt 0.058716 0.969315
vt 0.058716 0.969315
vt 0.418945 0.969315
vt 0.007130 0.978622
vt 0.470703 0.978622
vt 0.007130 0.978622
vt 0.418945 0.969315
vt 0.443848 0.969315
vt 0.470703 0.978622
vt 0.418945 0.969315
vt 0.443848 0.969315
vt 0.418945 0.969315
vt 0.418945 0.954681
vt 0.443848 0.969315
vt 0.418945 0.954681
vt 0.443848 0.954681
vt 0.470703 0.969315
vt 0.470703 0.978622
vt 0.443848 0.969315
vt 0.472168 0.969315
vt 0.470703 0.978622
vt 0.470703 0.969315
vt 0.472168 0.969315
vt 0.472168 0.978622
vt 0.470703 0.978622
vt 0.472900 0.969315
vt 0.472168 0.978622
vt 0.472168 0.969315
vt 0.472900 0.969315
vt 0.472900 0.978622
vt 0.472168 0.978622
vt 0.473877 0.969315
vt 0.472900 0.978622
vt 0.472900 0.969315
vt 0.473877 0.969315
vt 0.473877 0.978622
vt 0.472900 0.978622
vt 0.474609 0.969315
vt 0.473877 0.978622
vt 0.473877 0.969315
vt 0.474609 0.969315
vt 0.474609 0.978622
vt 0.473877 0.978622
vt 0.475586 0.969315
vt 0.474609 0.978622
vt 0.474609 0.969315
vt 0.475586 0.969315
vt 0.475586 0.978622
vt 0.474609 0.978622
vt 0.476318 0.969315
vt 0.475586 0.978622
vt 0.475586 0.969315
vt 0.476318 0.969315
vt 0.476318 0.978622
vt 0.475586 0.978622
vt 0.476318 0.978622
vt 0.476318 0.969315
vt 0.477051 0.969315
vt 0.476318 0.978622
vt 0.477051 0.969315
vt 0.477051 0.978622
vt 0.477783 0.969315
vt 0.477051 0.978622
vt 0.477051 0.969315
vt 0.477783 0.969315
vt 0.477783 0.978622
vt 0.477051 0.978622
vt 0.478516 0.969315
vt 0.477783 0.978622
vt 0.477783 0.969315
vt 0.478516 0.969315
vt 0.478516 0.978622
vt 0.477783 0.978622
vt 0.479492 0.978622
vt 0.478516 0.978622
vt 0.478516 0.969315
vt 0.479492 0.978622
vt 0.478516 0.969315
vt 0.479492 0.969315
vt 0.480225 0.978622
vt 0.479492 0.978622
vt 0.479492 0.969315
vt 0.480225 0.978622
vt 0.479492 0.969315
vt 0.480225 0.969315
vt 0.481201 0.978622
vt 0.480225 0.978622
vt 0.480225 0.969315
vt 0.481201 0.978622
vt 0.480225 0.969315
vt 0.481201 0.969315
vt 0.481934 0.969315
vt 0.481201 0.978622
vt 0.481201 0.969315
vt 0.481934 0.969315
vt 0.481934 0.978622
vt 0.481201 0.978622
vt 0.481934 0.969315
vt 0.483398 0.978622
vt 0.481934 0.978622
vt 0.481934 0.969315
vt 0.483398 0.969315
vt 0.483398 0.978622
vt 0.782227 0.978622
vt 0.483398 0.978622
vt 0.483398 0.969315
vt 0.782227 0.978622
vt 0.483398 0.969315
vt 0.782227 0.969315
vt 0.782227 0.969315
vt 0.783691 0.978622
vt 0.782227 0.978622
vt 0.782227 0.969315
vt 0.783691 0.969315
vt 0.783691 0.978622
vt 0.784668 0.978622
vt 0.783691 0.978622
vt 0.783691 0.969315
vt 0.784668 0.978622
vt 0.783691 0.969315
vt 0.784668 0.969315
vt 0.785645 0.978622
vt 0.784668 0.978622
vt 0.784668 0.969315
vt 0.785645 0.978622
vt 0.784668 0.969315
vt 0.785645 0.969315
vt 0.786133 0.978622
vt 0.785645 0.978622
vt 0.785645 0.969315
vt 0.786133 0.978622
vt 0.785645 0.969315
vt 0.786133 0.969315
vt 0.787109 0.978622
vt 0.786133 0.978622
vt 0.786133 0.969315
vt 0.787109 0.978622
vt 0.786133 0.969315
vt 0.787109 0.969315
vt 0.788086 0.978622
vt 0.787109 0.978622
vt 0.787109 0.969315
vt 0.788086 0.978622
vt 0.787109 0.969315
vt 0.788086 0.969315
vt 0.788086 0.969315
vt 0.788574 0.978622
vt 0.788086 0.978622
vt 0.788086 0.969315
vt 0.788574 0.969315
vt 0.788574 0.978622
vt 0.788574 0.969315
vt 0.789551 0.978622
vt 0.788574 0.978622
vt 0.788574 0.969315
vt 0.789551 0.969315
vt 0.789551 0.978622
vt 0.790039 0.969315
vt 0.789551 0.978622
vt 0.789551 0.969315
vt 0.790039 0.969315
vt 0.790039 0.978622
vt 0.789551 0.978622
vt 0.791016 0.978622
vt 0.790039 0.978622
vt 0.790039 0.969315
vt 0.791016 0.978622
vt 0.790039 0.969315
vt 0.791016 0.969315
vt 0.791992 0.978622
vt 0.791016 0.978622
vt 0.791016 0.969315
vt 0.791992 0.978622
vt 0.791016 0.969315
vt 0.791992 0.969315
vt 0.912109 0.244629
vt 0.910645 0.244629
vt 0.912109 0.244629
vt 0.912109 0.244629
vt 0.910645 0.244629
vt 0.910645 0.244629
vt 0.912109 0.244629
vt 0.910645 0.244629
vt 0.912109 0.244629
vt 0.912109 0.244629
vt 0.910645 0.244629
vt 0.910645 0.244629
vt 0.912109 0.244629
vt 0.910645 0.245117
vt 0.910645 0.244629
vt 0.912109 0.244629
vt 0.912109 0.245117
vt 0.910645 0.245117
vt 0.912109 0.245117
vt 0.910645 0.245117
vt 0.910645 0.245117
vt 0.912109 0.245117
vt 0.912109 0.245117
vt 0.910645 0.245117
vt 0.912109 0.245605
vt 0.910645 0.245117
vt 0.912109 0.245117
vt 0.912109 0.245605
vt 0.910645 0.245605
vt 0.910645 0.245117
vt 0.912109 0.245605
vt 0.910645 0.245605
vt 0.912109 0.245605
vt 0.912109 0.245605
vt 0.910645 0.245605
vt 0.910645 0.245605
vt 0.912109 0.245605
vt 0.910645 0.246094
vt 0.910645 0.245605
vt 0.912109 0.245605
vt 0.912109 0.246094
vt 0.910645 0.246094
vt 0.912109 0.246094
vt 0.910645 0.246094
vt 0.912109 0.246094
vt 0.912109 0.246094
vt 0.910645 0.246094
vt 0.910645 0.246094
vt 0.912109 0.246094
vt 0.910645 0.246582
vt 0.910645 0.246094
vt 0.912109 0.246094
vt 0.912109 0.246582
vt 0.910645 0.246582
vt 0.912109 0.246582
vt 0.910645 0.246582
vt 0.910645 0.246582
vt 0.912109 0.246582
vt 0.912109 0.246582
vt 0.910645 0.246582
vt 0.912109 0.246582
vt 0.910645 0.247070
vt 0.910645 0.246582
vt 0.912109 0.246582
vt 0.912109 0.247070
vt 0.910645 0.247070
vt 0.912109 0.247070
vt 0.910645 0.247070
vt 0.910645 0.247070
vt 0.912109 0.247070
vt 0.912109 0.247070
vt 0.910645 0.247070
vt 0.912109 0.270996
vt 0.910645 0.247070
vt 0.912109 0.247070
vt 0.912109 0.270996
vt 0.910645 0.270996
vt 0.910645 0.247070
vt 0.912109 0.270996
vt 0.910645 0.270996
vt 0.912109 0.270996
vt 0.912109 0.270996
vt 0.910645 0.270996
vt 0.910645 0.270996
vt 0.912109 0.271484
vt 0.910645 0.270996
vt 0.912109 0.270996
vt 0.912109 0.271484
vt 0.910645 0.271484
vt 0.910645 0.270996
vt 0.912109 0.271484
vt 0.910645 0.271484
vt 0.912109 0.271484
vt 0.912109 0.271484
vt 0.910645 0.271484
vt 0.910645 0.271484
vt 0.912109 0.271973
vt 0.910645 0.271484
vt 0.912109 0.271484
vt 0.912109 0.271973
vt 0.910645 0.271973
vt 0.910645 0.271484
vt 0.912109 0.271973
vt 0.910645 0.271973
vt 0.910645 0.271973
vt 0.912109 0.271973
vt 0.912109 0.271973
vt 0.910645 0.271973
vt 0.912109 0.272461
vt 0.910645 0.271973
vt 0.912109 0.271973
vt 0.912109 0.272461
vt 0.910645 0.272461
vt 0.910645 0.271973
vt 0.912109 0.272461
vt 0.910645 0.272461
vt 0.910645 0.272461
vt 0.912109 0.272461
vt 0.912109 0.272461
vt 0.910645 0.272461
vt 0.912109 0.272461
vt 0.910645 0.272949
vt 0.910645 0.272461
vt 0.912109 0.272461
vt 0.912109 0.272949
vt 0.910645 0.272949
vt 0.912109 0.272949
vt 0.910645 0.272949
vt 0.912109 0.272949
vt 0.912109 0.272949
vt 0.910645 0.272949
vt 0.910645 0.272949
vt 0.912109 0.273438
vt 0.910645 0.272949
vt 0.912109 0.272949
vt 0.912109 0.273438
vt 0.910645 0.273438
vt 0.910645 0.272949
vt 0.912109 0.273438
vt 0.910645 0.273438
vt 0.912109 0.273438
vt 0.912109 0.273438
vt 0.910645 0.273438
vt 0.910645 0.273438
vt 0.912109 0.273438
vt 0.910645 0.273438
vt 0.910645 0.273438
vt 0.912109 0.273438
vt 0.912109 0.273438
vt 0.910645 0.273438
vt 0.912109 0.273926
vt 0.910645 0.273438
vt 0.912109 0.273438
vt 0.912109 0.273926
vt 0.910645 0.273926
vt 0.910645 0.273438
vt 0.912109 0.273926
vt 0.910645 0.273926
vt 0.912109 0.273926
vt 0.912109 0.273926
vt 0.910645 0.273926
vt 0.910645 0.273926
vt 0.912109 0.273926
vt 0.910645 0.274414
vt 0.910645 0.273926
vt 0.912109 0.273926
vt 0.912109 0.274414
vt 0.910645 0.274414
vt 0.912109 0.274414
vt 0.910645 0.274414
vt 0.910645 0.274414
vt 0.912109 0.274414
vt 0.912109 0.274414
vt 0.910645 0.274414
vt 0.912109 0.298340
vt 0.910645 0.274414
vt 0.912109 0.274414
vt 0.912109 0.298340
vt 0.910645 0.298340
vt 0.910645 0.274414
vt 0.912109 0.298828
vt 0.910645 0.298340
vt 0.912109 0.298340
vt 0.912109 0.298828
vt 0.910645 0.298828
vt 0.910645 0.298340
vt 0.912109 0.298828
vt 0.910645 0.298828
vt 0.912109 0.298828
vt 0.912109 0.298828
vt 0.910645 0.298828
vt 0.910645 0.298828
vt 0.912109 0.298828
vt 0.910645 0.299316
vt 0.910645 0.298828
vt 0.912109 0.298828
vt 0.912109 0.299316
vt 0.910645 0.299316
vt 0.912109 0.299316
vt 0.910645 0.299316
vt 0.910645 0.299316
vt 0.912109 0.299316
vt 0.912109 0.299316
vt 0.910645 0.299316
vt 0.250244 0.941528
vt 0.250488 0.940033
vt 0.250244 0.940033
vt 0.250244 0.941528
vt 0.250488 0.941528
vt 0.250488 0.940033
vt 0.250488 0.941528
vt 0.250732 0.940033
vt 0.250488 0.940033
vt 0.250488 0.941528
vt 0.250732 0.941528
vt 0.250732 0.940033
vt 0.250732 0.940033
vt 0.250732 0.941528
vt 0.250977 0.941528
vt 0.250732 0.940033
vt 0.250977 0.941528
vt 0.250977 0.940033
vt 0.250977 0.940033
vt 0.250977 0.941528
vt 0.251221 0.941528
vt 0.250977 0.940033
vt 0.251221 0.941528
vt 0.251221 0.940033
vt 0.251221 0.941528
vt 0.251221 0.940033
vt 0.251221 0.940033
vt 0.251221 0.941528
vt 0.251221 0.941528
vt 0.251221 0.940033
vt 0.251221 0.941528
vt 0.251465 0.940033
vt 0.251221 0.940033
vt 0.251221 0.941528
vt 0.251465 0.941528
vt 0.251465 0.940033
vt 0.251465 0.940033
vt 0.251465 0.941528
vt 0.251709 0.941528
vt 0.251465 0.940033
vt 0.251709 0.941528
vt 0.251709 0.940033
vt 0.251709 0.941528
vt 0.251953 0.940033
vt 0.251709 0.940033
vt 0.251709 0.941528
vt 0.251953 0.941528
vt 0.251953 0.940033
vt 0.251953 0.940033
vt 0.251953 0.941528
vt 0.252197 0.941528
vt 0.251953 0.940033
vt 0.252197 0.941528
vt 0.252197 0.940033
vt 0.252197 0.940033
vt 0.252197 0.941528
vt 0.252441 0.941528
vt 0.252197 0.940033
vt 0.252441 0.941528
vt 0.252441 0.940033
vt 0.252441 0.940033
vt 0.252441 0.941528
vt 0.252686 0.941528
vt 0.252441 0.940033
vt 0.252686 0.941528
vt 0.252686 0.940033
vt 0.252686 0.940033
vt 0.252686 0.941528
vt 0.252930 0.941528
vt 0.252686 0.940033
vt 0.252930 0.941528
vt 0.252930 0.940033
vt 0.252930 0.941528
vt 0.276855 0.940033
vt 0.252930 0.940033
vt 0.252930 0.941528
vt 0.276855 0.941528
vt 0.276855 0.940033
vt 0.276855 0.941528
vt 0.277100 0.940033
vt 0.276855 0.940033
vt 0.276855 0.941528
vt 0.277100 0.941528
vt 0.277100 0.940033
vt 0.277100 0.941528
vt 0.277344 0.940033
vt 0.277100 0.940033
vt 0.277100 0.941528
vt 0.277344 0.941528
vt 0.277344 0.940033
vt 0.277344 0.941528
vt 0.277344 0.940033
vt 0.277344 0.940033
vt 0.277344 0.941528
vt 0.277344 0.941528
vt 0.277344 0.940033
vt 0.277344 0.941528
vt 0.277588 0.940033
vt 0.277344 0.940033
vt 0.277344 0.941528
vt 0.277588 0.941528
vt 0.277588 0.940033
vt 0.277588 0.940033
vt 0.277588 0.941528
vt 0.277832 0.941528
vt 0.277588 0.940033
vt 0.277832 0.941528
vt 0.277832 0.940033
vt 0.277832 0.941528
vt 0.278076 0.940033
vt 0.277832 0.940033
vt 0.277832 0.941528
vt 0.278076 0.941528
vt 0.278076 0.940033
vt 0.278076 0.940033
vt 0.278076 0.941528
vt 0.278320 0.941528
vt 0.278076 0.940033
vt 0.278320 0.941528
vt 0.278320 0.940033
vt 0.278320 0.940033
vt 0.278320 0.941528
vt 0.278564 0.941528
vt 0.278320 0.940033
vt 0.278564 0.941528
vt 0.278564 0.940033
vt 0.278564 0.941528
vt 0.278809 0.940033
vt 0.278564 0.940033
vt 0.278564 0.941528
vt 0.278809 0.941528
vt 0.278809 0.940033
vt 0.278809 0.941528
vt 0.279053 0.940033
vt 0.278809 0.940033
vt 0.278809 0.941528
vt 0.279053 0.941528
vt 0.279053 0.940033
vt 0.279053 0.941528
vt 0.279297 0.940033
vt 0.279053 0.940033
vt 0.279053 0.941528
vt 0.279297 0.941528
vt 0.279297 0.940033
vt 0.279297 0.940033
vt 0.279297 0.941528
vt 0.279541 0.941528
vt 0.279297 0.940033
vt 0.279541 0.941528
vt 0.279541 0.940033
vt 0.279541 0.941528
vt 0.279785 0.940033
vt 0.279541 0.940033
vt 0.279541 0.941528
vt 0.279785 0.941528
vt 0.279785 0.940033
vt 0.279785 0.941528
vt 0.279785 0.940033
vt 0.279785 0.940033
vt 0.279785 0.941528
vt 0.279785 0.941528
vt 0.279785 0.940033
vt 0.279785 0.940033
vt 0.279785 0.941528
vt 0.280029 0.941528
vt 0.279785 0.940033
vt 0.280029 0.941528
vt 0.280029 0.940033
vt 0.280029 0.940033
vt 0.280029 0.941528
vt 0.280273 0.941528
vt 0.280029 0.940033
vt 0.280273 0.941528
vt 0.280273 0.940033
vt 0.280273 0.941528
vt 0.304199 0.940033
vt 0.280273 0.940033
vt 0.280273 0.941528
vt 0.304199 0.941528
vt 0.304199 0.940033
vt 0.304199 0.941528
vt 0.304443 0.940033
vt 0.304199 0.940033
vt 0.304199 0.941528
vt 0.304443 0.941528
vt 0.304443 0.940033
vt 0.304443 0.941528
vt 0.304688 0.940033
vt 0.304443 0.940033
vt 0.304443 0.941528
vt 0.304688 0.941528
vt 0.304688 0.940033
vt 0.304688 0.940033
vt 0.304688 0.941528
vt 0.304932 0.941528
vt 0.304688 0.940033
vt 0.304932 0.941528
vt 0.304932 0.940033
vt 0.304932 0.940033
vt 0.304932 0.941528
vt 0.305176 0.941528
vt 0.304932 0.940033
vt 0.305176 0.941528
vt 0.305176 0.940033
vt 0.791016 0.986694
vt 0.791992 0.986694
vt 0.791992 0.996002
vt 0.791016 0.986694
vt 0.791992 0.996002
vt 0.791016 0.996002
vt 0.790039 0.986694
vt 0.791016 0.986694
vt 0.791016 0.996002
vt 0.790039 0.986694
vt 0.791016 0.996002
vt 0.790039 0.996002
vt 0.789551 0.986694
vt 0.790039 0.986694
vt 0.790039 0.996002
vt 0.789551 0.986694
vt 0.790039 0.996002
vt 0.789551 0.996002
vt 0.789551 0.996002
vt 0.788574 0.986694
vt 0.789551 0.986694
vt 0.789551 0.996002
vt 0.788574 0.996002
vt 0.788574 0.986694
vt 0.788574 0.996002
vt 0.787598 0.986694
vt 0.788574 0.986694
vt 0.788574 0.996002
vt 0.787598 0.996002
vt 0.787598 0.986694
vt 0.787109 0.986694
vt 0.787598 0.986694
vt 0.787598 0.996002
vt 0.787109 0.986694
vt 0.787598 0.996002
vt 0.787109 0.996002
vt 0.787109 0.986694
vt 0.787109 0.996002
vt 0.786133 0.996002
vt 0.787109 0.986694
vt 0.786133 0.996002
vt 0.786133 0.986694
vt 0.786133 0.986694
vt 0.786133 0.996002
vt 0.785156 0.996002
vt 0.786133 0.986694
vt 0.785156 0.996002
vt 0.785156 0.986694
vt 0.785156 0.986694
vt 0.785156 0.996002
vt 0.784668 0.996002
vt 0.785156 0.986694
vt 0.784668 0.996002
vt 0.784668 0.986694
vt 0.783691 0.986694
vt 0.784668 0.986694
vt 0.784668 0.996002
vt 0.783691 0.986694
vt 0.784668 0.996002
vt 0.783691 0.996002
vt 0.782227 0.996002
vt 0.783691 0.986694
vt 0.783691 0.996002
vt 0.782227 0.996002
vt 0.782227 0.986694
vt 0.783691 0.986694
vt 0.483154 0.995998
vt 0.782227 0.986694
vt 0.782227 0.996002
vt 0.483154 0.995998
vt 0.483154 0.986694
vt 0.782227 0.986694
vt 0.483154 0.986694
vt 0.483154 0.995998
vt 0.481934 0.995998
vt 0.483154 0.986694
vt 0.481934 0.995998
vt 0.481934 0.986694
vt 0.481934 0.986694
vt 0.481934 0.995998
vt 0.480957 0.995998
vt 0.481934 0.986694
vt 0.480957 0.995998
vt 0.480957 0.986694
vt 0.480957 0.986694
vt 0.480957 0.995998
vt 0.480225 0.995998
vt 0.480957 0.986694
vt 0.480225 0.995998
vt 0.480225 0.986694
vt 0.480225 0.986694
vt 0.480225 0.995998
vt 0.479492 0.995998
vt 0.480225 0.986694
vt 0.479492 0.995998
vt 0.479492 0.986694
vt 0.479492 0.986694
vt 0.479492 0.995998
vt 0.478516 0.995998
vt 0.479492 0.986694
vt 0.478516 0.995998
vt 0.478516 0.986694
vt 0.478516 0.986694
vt 0.478516 0.995998
vt 0.477783 0.995998
vt 0.478516 0.986694
vt 0.477783 0.995998
vt 0.477783 0.986694
vt 0.477051 0.995998
vt 0.477783 0.986694
vt 0.477783 0.995998
vt 0.477051 0.995998
vt 0.477051 0.986694
vt 0.477783 0.986694
vt 0.477051 0.986694
vt 0.477051 0.995998
vt 0.476318 0.995998
vt 0.477051 0.986694
vt 0.476318 0.995998
vt 0.476318 0.986694
vt 0.475342 0.986694
vt 0.476318 0.986694
vt 0.476318 0.995998
vt 0.475342 0.986694
vt 0.476318 0.995998
vt 0.475342 0.995998
vt 0.475342 0.986694
vt 0.475342 0.995998
vt 0.474609 0.995998
vt 0.475342 0.986694
vt 0.474609 0.995998
vt 0.474609 0.986694
vt 0.474609 0.986694
vt 0.474609 0.995998
vt 0.473633 0.995998
vt 0.474609 0.986694
vt 0.473633 0.995998
vt 0.473633 0.986694
vt 0.473633 0.986694
vt 0.473633 0.995998
vt 0.472900 0.995998
vt 0.473633 0.986694
vt 0.472900 0.995998
vt 0.472900 0.986694
vt 0.472900 0.986694
vt 0.472900 0.995998
vt 0.472168 0.995998
vt 0.472900 0.986694
vt 0.472168 0.995998
vt 0.472168 0.986694
vt 0.470703 0.995998
vt 0.472168 0.986694
vt 0.472168 0.995998
vt 0.470703 0.995998
vt 0.470703 0.986694
vt 0.472168 0.986694
vt 0.007130 0.996002
vt 0.470703 0.986694
vt 0.470703 0.995998
vt 0.007130 0.996002
vt 0.007130 0.986694
vt 0.470703 0.986694
vt 0.005680 0.986694
vt 0.007130 0.986694
vt 0.007130 0.996002
vt 0.005680 0.986694
vt 0.007130 0.996002
vt 0.005680 0.996002
vt 0.005680 0.996002
vt 0.004852 0.986694
vt 0.005680 0.986694
vt 0.005680 0.996002
vt 0.004852 0.996002
vt 0.004852 0.986694
vt 0.004852 0.996002
vt 0.003998 0.986694
vt 0.004852 0.986694
vt 0.004852 0.996002
vt 0.003998 0.996002
vt 0.003998 0.986694
vt 0.910645 0.235352
vt 0.912109 0.235352
vt 0.910645 0.235352
vt 0.910645 0.235352
vt 0.912109 0.235352
vt 0.912109 0.235352
vt 0.910645 0.235352
vt 0.912109 0.234863
vt 0.912109 0.235352
vt 0.910645 0.235352
vt 0.910645 0.234863
vt 0.912109 0.234863
vt 0.910645 0.234863
vt 0.912109 0.234863
vt 0.910645 0.234863
vt 0.910645 0.234863
vt 0.912109 0.234863
vt 0.912109 0.234863
vt 0.910645 0.234863
vt 0.912109 0.234375
vt 0.912109 0.234863
vt 0.910645 0.234863
vt 0.910645 0.234375
vt 0.912109 0.234375
vt 0.910645 0.210449
vt 0.912109 0.234375
vt 0.910645 0.234375
vt 0.910645 0.210449
vt 0.912109 0.210449
vt 0.912109 0.234375
vt 0.910645 0.210449
vt 0.912109 0.210449
vt 0.910645 0.210449
vt 0.910645 0.210449
vt 0.912109 0.210449
vt 0.912109 0.210449
vt 0.910645 0.209961
vt 0.912109 0.210449
vt 0.910645 0.210449
vt 0.910645 0.209961
vt 0.912109 0.209961
vt 0.912109 0.210449
vt 0.910645 0.209961
vt 0.912109 0.209961
vt 0.910645 0.209961
vt 0.910645 0.209961
vt 0.912109 0.209961
vt 0.912109 0.209961
vt 0.910645 0.209961
vt 0.912109 0.209473
vt 0.912109 0.209961
vt 0.910645 0.209961
vt 0.910645 0.209473
vt 0.912109 0.209473
vt 0.910645 0.209473
vt 0.912109 0.209473
vt 0.912109 0.209473
vt 0.910645 0.209473
vt 0.910645 0.209473
vt 0.912109 0.209473
vt 0.910645 0.208984
vt 0.912109 0.209473
vt 0.910645 0.209473
vt 0.910645 0.208984
vt 0.912109 0.208984
vt 0.912109 0.209473
vt 0.910645 0.208984
vt 0.912109 0.208984
vt 0.912109 0.208984
vt 0.910645 0.208984
vt 0.910645 0.208984
vt 0.912109 0.208984
vt 0.910645 0.208984
vt 0.912109 0.208984
vt 0.910645 0.208984
vt 0.910645 0.208984
vt 0.912109 0.208984
vt 0.912109 0.208984
vt 0.910645 0.208984
vt 0.912109 0.208496
vt 0.912109 0.208984
vt 0.910645 0.208984
vt 0.910645 0.208496
vt 0.912109 0.208496
vt 0.910645 0.208496
vt 0.912109 0.208496
vt 0.910645 0.208496
vt 0.910645 0.208496
vt 0.912109 0.208496
vt 0.912109 0.208496
vt 0.910645 0.208008
vt 0.912109 0.208496
vt 0.910645 0.208496
vt 0.910645 0.208008
vt 0.912109 0.208008
vt 0.912109 0.208496
vt 0.910645 0.208008
vt 0.912109 0.208008
vt 0.912109 0.208008
vt 0.910645 0.208008
vt 0.910645 0.208008
vt 0.912109 0.208008
vt 0.910645 0.207520
vt 0.912109 0.208008
vt 0.910645 0.208008
vt 0.910645 0.207520
vt 0.912109 0.207520
vt 0.912109 0.208008
vt 0.910645 0.207520
vt 0.912109 0.207520
vt 0.912109 0.207520
vt 0.910645 0.207520
vt 0.910645 0.207520
vt 0.912109 0.207520
vt 0.910645 0.207520
vt 0.912109 0.207031
vt 0.912109 0.207520
vt 0.910645 0.207520
vt 0.910645 0.207031
vt 0.912109 0.207031
vt 0.910645 0.207031
vt 0.912109 0.207031
vt 0.912109 0.207031
vt 0.910645 0.207031
vt 0.910645 0.207031
vt 0.912109 0.207031
vt 0.910645 0.207031
vt 0.912109 0.183105
vt 0.912109 0.207031
vt 0.910645 0.207031
vt 0.910645 0.183105
vt 0.912109 0.183105
vt 0.910645 0.182617
vt 0.912109 0.183105
vt 0.910645 0.183105
vt 0.910645 0.182617
vt 0.912109 0.182617
vt 0.912109 0.183105
vt 0.910645 0.182617
vt 0.912109 0.182617
vt 0.912109 0.182617
vt 0.910645 0.182617
vt 0.910645 0.182617
vt 0.912109 0.182617
vt 0.910645 0.182129
vt 0.912109 0.182617
vt 0.910645 0.182617
vt 0.910645 0.182129
vt 0.912109 0.182129
vt 0.912109 0.182617
vt 0.910645 0.182129
vt 0.912109 0.182129
vt 0.912109 0.182129
vt 0.910645 0.182129
vt 0.910645 0.182129
vt 0.912109 0.182129
vt 0.910645 0.182129
vt 0.912109 0.182129
vt 0.912109 0.182129
vt 0.910645 0.182129
vt 0.910645 0.182129
vt 0.912109 0.182129
vt 0.910645 0.181641
vt 0.912109 0.182129
vt 0.910645 0.182129
vt 0.910645 0.181641
vt 0.912109 0.181641
vt 0.912109 0.182129
vt 0.910645 0.181641
vt 0.912109 0.181641
vt 0.910645 0.181641
vt 0.910645 0.181641
vt 0.912109 0.181641
vt 0.912109 0.181641
vt 0.910645 0.181641
vt 0.912109 0.181152
vt 0.912109 0.181641
vt 0.910645 0.181641
vt 0.910645 0.181152
vt 0.912109 0.181152
vt 0.910645 0.181152
vt 0.912109 0.181152
vt 0.910645 0.181152
vt 0.910645 0.181152
vt 0.912109 0.181152
vt 0.912109 0.181152
vt 0.910645 0.181152
vt 0.912109 0.180664
vt 0.912109 0.181152
vt 0.910645 0.181152
vt 0.910645 0.180664
vt 0.912109 0.180664
vt 0.910645 0.180664
vt 0.912109 0.180664
vt 0.912109 0.180664
vt 0.910645 0.180664
vt 0.910645 0.180664
vt 0.912109 0.180664
vt 0.910645 0.180176
vt 0.912109 0.180664
vt 0.910645 0.180664
vt 0.910645 0.180176
vt 0.912109 0.180176
vt 0.912109 0.180664
vt 0.225586 0.940033
vt 0.225342 0.941528
vt 0.225586 0.941528
vt 0.225586 0.940033
vt 0.225342 0.940033
vt 0.225342 0.941528
vt 0.225342 0.941528
vt 0.225342 0.940033
vt 0.225220 0.940033
vt 0.225342 0.941528
vt 0.225220 0.940033
vt 0.225220 0.941528
vt 0.225220 0.940033
vt 0.224976 0.941528
vt 0.225220 0.941528
vt 0.225220 0.940033
vt 0.224976 0.940033
vt 0.224976 0.941528
vt 0.224976 0.941528
vt 0.224976 0.940033
vt 0.224731 0.940033
vt 0.224976 0.941528
vt 0.224731 0.940033
vt 0.224731 0.941528
vt 0.224731 0.940033
vt 0.200806 0.941528
vt 0.224731 0.941528
vt 0.224731 0.940033
vt 0.200806 0.940033
vt 0.200806 0.941528
vt 0.200806 0.940033
vt 0.200562 0.941528
vt 0.200806 0.941528
vt 0.200806 0.940033
vt 0.200562 0.940033
vt 0.200562 0.941528
vt 0.200562 0.940033
vt 0.200317 0.941528
vt 0.200562 0.941528
vt 0.200562 0.940033
vt 0.200317 0.940033
vt 0.200317 0.941528
vt 0.200317 0.940033
vt 0.200073 0.941528
vt 0.200317 0.941528
vt 0.200317 0.940033
vt 0.200073 0.940033
vt 0.200073 0.941528
vt 0.200073 0.941528
vt 0.200073 0.940033
vt 0.199829 0.940033
vt 0.200073 0.941528
vt 0.199829 0.940033
vt 0.199829 0.941528
vt 0.199829 0.941528
vt 0.199829 0.940033
vt 0.199707 0.940033
vt 0.199829 0.941528
vt 0.199707 0.940033
vt 0.199707 0.941528
vt 0.199707 0.940033
vt 0.199463 0.941528
vt 0.199707 0.941528
vt 0.199707 0.940033
vt 0.199463 0.940033
vt 0.199463 0.941528
vt 0.199463 0.941528
vt 0.199463 0.940033
vt 0.199219 0.940033
vt 0.199463 0.941528
vt 0.199219 0.940033
vt 0.199219 0.941528
vt 0.199219 0.940033
vt 0.198975 0.941528
vt 0.199219 0.941528
vt 0.199219 0.940033
vt 0.198975 0.940033
vt 0.198975 0.941528
vt 0.198975 0.941528
vt 0.198975 0.940033
vt 0.198730 0.940033
vt 0.198975 0.941528
vt 0.198730 0.940033
vt 0.198730 0.941528
vt 0.198730 0.940033
vt 0.198608 0.941528
vt 0.198730 0.941528
vt 0.198730 0.940033
vt 0.198608 0.940033
vt 0.198608 0.941528
vt 0.198608 0.940033
vt 0.198364 0.941528
vt 0.198608 0.941528
vt 0.198608 0.940033
vt 0.198364 0.940033
vt 0.198364 0.941528
vt 0.198364 0.941528
vt 0.198364 0.940033
vt 0.198120 0.940033
vt 0.198364 0.941528
vt 0.198120 0.940033
vt 0.198120 0.941528
vt 0.198120 0.940033
vt 0.197876 0.941528
vt 0.198120 0.941528
vt 0.198120 0.940033
vt 0.197876 0.940033
vt 0.197876 0.941528
vt 0.197876 0.941528
vt 0.197876 0.940033
vt 0.197632 0.940033
vt 0.197876 0.941528
vt 0.197632 0.940033
vt 0.197632 0.941528
vt 0.197632 0.941528
vt 0.197632 0.940033
vt 0.197388 0.940033
vt 0.197632 0.941528
vt 0.197388 0.940033
vt 0.197388 0.941528
vt 0.197388 0.941528
vt 0.197388 0.940033
vt 0.197266 0.940033
vt 0.197388 0.941528
vt 0.197266 0.940033
vt 0.197266 0.941528
vt 0.197266 0.941528
vt 0.197266 0.940033
vt 0.173340 0.940033
vt 0.197266 0.941528
vt 0.173340 0.940033
vt 0.173340 0.941528
vt 0.173340 0.940033
vt 0.173096 0.941528
vt 0.173340 0.941528
vt 0.173340 0.940033
vt 0.173096 0.940033
vt 0.173096 0.941528
vt 0.173096 0.941528
vt 0.173096 0.940033
vt 0.172852 0.940033
vt 0.173096 0.941528
vt 0.172852 0.940033
vt 0.172852 0.941528
vt 0.172852 0.940033
vt 0.172607 0.941528
vt 0.172852 0.941528
vt 0.172852 0.940033
vt 0.172607 0.940033
vt 0.172607 0.941528
vt 0.172607 0.941528
vt 0.172607 0.940033
vt 0.172363 0.940033
vt 0.172607 0.941528
vt 0.172363 0.940033
vt 0.172363 0.941528
vt 0.172363 0.941528
vt 0.172363 0.940033
vt 0.172119 0.940033
vt 0.172363 0.941528
vt 0.172119 0.940033
vt 0.172119 0.941528
vt 0.172119 0.940033
vt 0.171997 0.941528
vt 0.172119 0.941528
vt 0.172119 0.940033
vt 0.171997 0.940033
vt 0.171997 0.941528
vt 0.171997 0.940033
vt 0.171753 0.941528
vt 0.171997 0.941528
vt 0.171997 0.940033
vt 0.171753 0.940033
vt 0.171753 0.941528
vt 0.171753 0.941528
vt 0.171753 0.940033
vt 0.171509 0.940033
vt 0.171753 0.941528
vt 0.171509 0.940033
vt 0.171509 0.941528
vt 0.171509 0.940033
vt 0.171265 0.941528
vt 0.171509 0.941528
vt 0.171509 0.940033
vt 0.171265 0.940033
vt 0.171265 0.941528
vt 0.171265 0.941528
vt 0.171265 0.940033
vt 0.171021 0.940033
vt 0.171265 0.941528
vt 0.171021 0.940033
vt 0.171021 0.941528
vt 0.171021 0.941528
vt 0.171021 0.940033
vt 0.170776 0.940033
vt 0.171021 0.941528
vt 0.170776 0.940033
vt 0.170776 0.941528
vt 0.170776 0.940033
vt 0.170654 0.941528
vt 0.170776 0.941528
vt 0.170776 0.940033
vt 0.170654 0.940033
vt 0.170654 0.941528
vt 0.856934 0.675781
vt 0.856445 0.676025
vt 0.856445 0.676025
vt 0.856934 0.675781
vt 0.856445 0.676025
vt 0.856445 0.674561
vt 0.856934 0.675293
vt 0.856934 0.675781
vt 0.856445 0.674561
vt 0.856934 0.675049
vt 0.856934 0.675293
vt 0.856445 0.674561
vt 0.856445 0.675049
vt 0.856934 0.675049
vt 0.856445 0.674561
vt 0.856445 0.676025
vt 0.855957 0.676270
vt 0.856445 0.674561
vt 0.855957 0.674561
vt 0.856445 0.674561
vt 0.855957 0.676270
vt 0.832031 0.674561
vt 0.855957 0.674561
vt 0.855957 0.676270
vt 0.855957 0.676270
vt 0.832031 0.676270
vt 0.832031 0.674561
vt 0.832031 0.674561
vt 0.832031 0.674561
vt 0.832031 0.676270
vt 0.832031 0.676270
vt 0.832031 0.676270
vt 0.832031 0.674561
vt 0.832031 0.676270
vt 0.831543 0.676025
vt 0.832031 0.674561
vt 0.831543 0.675049
vt 0.831543 0.674805
vt 0.832031 0.674561
vt 0.831543 0.675049
vt 0.832031 0.674561
vt 0.831543 0.676025
vt 0.831543 0.676025
vt 0.831055 0.675537
vt 0.831543 0.675049
vt 0.831543 0.676025
vt 0.831543 0.676025
vt 0.831055 0.675537
vt 0.831055 0.675537
vt 0.831055 0.675293
vt 0.831543 0.675049
vt 0.890137 0.675293
vt 0.890137 0.675293
vt 0.890137 0.675781
vt 0.890137 0.675049
vt 0.890137 0.675293
vt 0.890137 0.675781
vt 0.889648 0.674805
vt 0.890137 0.675049
vt 0.890137 0.675781
vt 0.890137 0.675781
vt 0.889648 0.676270
vt 0.889648 0.674805
vt 0.889648 0.676025
vt 0.889648 0.676270
vt 0.890137 0.675781
vt 0.889648 0.674561
vt 0.889648 0.674805
vt 0.889648 0.676270
vt 0.889160 0.674561
vt 0.889648 0.674561
vt 0.889648 0.676270
vt 0.889648 0.676270
vt 0.889160 0.676270
vt 0.889160 0.674561
vt 0.865723 0.674561
vt 0.889160 0.674561
vt 0.889160 0.676270
vt 0.889160 0.676270
vt 0.865723 0.676270
vt 0.865723 0.674561
vt 0.865723 0.676270
vt 0.865234 0.676025
vt 0.865723 0.674561
vt 0.865234 0.674561
vt 0.865723 0.674561
vt 0.865234 0.676025
vt 0.864746 0.675049
vt 0.864746 0.675049
vt 0.865234 0.674561
vt 0.864746 0.675049
vt 0.865234 0.674561
vt 0.865234 0.676025
vt 0.865234 0.676025
vt 0.864746 0.675781
vt 0.864746 0.675049
vt 0.865234 0.676025
vt 0.864746 0.676025
vt 0.864746 0.675781
vt 0.864746 0.675781
vt 0.864746 0.675293
vt 0.864746 0.675049
vt 0.360840 0.941223
vt 0.360840 0.941071
vt 0.360840 0.940613
vt 0.360596 0.941467
vt 0.360840 0.941223
vt 0.360840 0.940613
vt 0.360352 0.941650
vt 0.360596 0.941467
vt 0.360840 0.940613
vt 0.360840 0.940613
vt 0.360596 0.940460
vt 0.360352 0.940186
vt 0.360840 0.940613
vt 0.360352 0.940186
vt 0.360352 0.941650
vt 0.360352 0.940186
vt 0.360107 0.940125
vt 0.360352 0.941650
vt 0.360107 0.941711
vt 0.360352 0.941650
vt 0.360107 0.940125
vt 0.360107 0.940125
vt 0.336182 0.940125
vt 0.360107 0.941711
vt 0.336182 0.941711
vt 0.360107 0.941711
vt 0.336182 0.940125
vt 0.335938 0.940125
vt 0.336182 0.941711
vt 0.336182 0.940125
vt 0.335938 0.941681
vt 0.336182 0.941711
vt 0.335938 0.940125
vt 0.335693 0.941589
vt 0.335938 0.941681
vt 0.335938 0.940125
vt 0.335449 0.941467
vt 0.335693 0.941589
vt 0.335205 0.941071
vt 0.335205 0.941071
vt 0.335693 0.941589
vt 0.335938 0.940125
vt 0.335938 0.940125
vt 0.335449 0.940460
vt 0.335205 0.941071
vt 0.335938 0.940125
vt 0.335693 0.940186
vt 0.335449 0.940460
vt 0.335205 0.940918
vt 0.335205 0.941071
vt 0.335449 0.940460
vt 0.421631 0.933105
vt 0.421631 0.932983
vt 0.421387 0.933533
vt 0.421631 0.932983
vt 0.421387 0.932678
vt 0.421143 0.932434
vt 0.420898 0.933899
vt 0.421387 0.933533
vt 0.421631 0.932983
vt 0.421631 0.932983
vt 0.421143 0.932434
vt 0.420898 0.933899
vt 0.420898 0.933899
vt 0.421143 0.933838
vt 0.421387 0.933533
vt 0.421143 0.932434
vt 0.420898 0.932312
vt 0.420898 0.933899
vt 0.420898 0.932312
vt 0.420654 0.932312
vt 0.420898 0.933899
vt 0.420898 0.933899
vt 0.420654 0.932312
vt 0.420654 0.933899
vt 0.420654 0.932312
vt 0.396973 0.932312
vt 0.420654 0.933899
vt 0.396973 0.933899
vt 0.420654 0.933899
vt 0.396973 0.932312
vt 0.396973 0.932312
vt 0.396484 0.932373
vt 0.396973 0.933899
vt 0.396484 0.933838
vt 0.396973 0.933899
vt 0.396484 0.932373
vt 0.396240 0.933411
vt 0.396240 0.933655
vt 0.396484 0.933838
vt 0.396240 0.933411
vt 0.396484 0.933838
vt 0.396484 0.932373
vt 0.396484 0.932373
vt 0.396240 0.932800
vt 0.396240 0.933411
vt 0.396240 0.932678
vt 0.396240 0.932800
vt 0.396484 0.932373
vt 0.396240 0.932800
vt 0.395996 0.933105
vt 0.396240 0.933411

g UnrealEdObject

s 0
f 1/1 2/2 3/3
f 4/4 5/5 6/6
f 7/7 8/8 9/9
f 10/10 11/11 12/12
f 13/13 14/14 15/15
f 16/16 17/17 18/18
f 19/19 20/20 21/21
f 22/22 23/23 24/24
f 25/25 26/26 27/27
f 28/28 29/29 30/30
f 31/31 32/32 33/33
f 34/34 35/35 36/36
f 37/37 38/38 39/39
f 40/40 41/41 42/42
f 43/43 44/44 45/45
f 52/52 53/53 54/54
f 55/55 56/56 57/57
f 58/58 59/59 60/60
f 61/61 62/62 63/63
f 64/64 65/65 66/66
f 67/67 68/68 69/69
f 70/70 71/71 72/72
f 76/76 77/77 78/78
f 79/79 80/80 81/81
f 88/88 89/89 90/90
f 91/91 92/92 93/93
f 94/94 95/95 96/96
f 97/97 98/98 99/99
f 100/100 101/101 102/102
f 103/103 104/104 105/105
f 106/106 107/107 108/108
f 109/109 110/110 111/111
f 115/115 116/116 117/117
f 121/121 122/122 123/123
f 124/124 125/125 126/126
f 127/127 128/128 129/129
f 130/130 131/131 132/132
f 139/139 140/140 141/141
f 142/142 143/143 144/144
f 145/145 146/146 147/147
f 148/148 149/149 150/150
f 151/151 152/152 153/153
f 154/154 155/155 156/156
f 157/157 158/158 159/159
f 160/160 161/161 162/162
f 163/163 164/164 165/165
f 166/166 167/167 168/168
f 169/169 170/170 171/171
f 172/172 173/173 174/174
f 175/175 176/176 177/177
f 178/178 179/179 180/180
f 181/181 182/182 183/183
f 184/184 185/185 186/186
f 193/193 194/194 195/195
f 196/196 197/197 198/198
f 199/199 200/200 201/201
f 202/202 203/203 204/204
f 205/205 206/206 207/207
f 211/211 212/212 213/213
f 214/214 215/215 216/216
f 226/226 227/227 228/228
f 229/229 230/230 231/231
f 232/232 233/233 234/234
f 235/235 236/236 237/237
f 238/238 239/239 240/240
f 244/244 245/245 246/246
f 250/250 251/251 252/252
f 253/253 254/254 255/255
f 256/256 257/257 258/258
f 265/265 266/266 267/267
f 268/268 269/269 270/270
f 271/271 272/272 273/273
f 274/274 275/275 276/276
f 277/277 278/278 279/279
f 280/280 281/281 282/282
f 283/283 284/284 285/285
f 286/286 287/287 288/288
f 289/289 290/290 291/291
f 292/292 293/293 294/294
f 295/295 296/296 297/297
f 298/298 299/299 300/300
f 301/301 302/302 303/303
f 304/304 305/305 306/306
f 307/307 308/308 309/309
f 310/310 311/311 312/312
f 313/313 314/314 315/315
f 316/316 317/317 318/318
f 319/319 320/320 321/321
f 322/322 323/323 324/324
f 325/325 326/326 327/327
f 328/328 329/329 330/330
f 331/331 332/332 333/333
f 334/334 335/335 336/336
f 337/337 338/338 339/339
f 340/340 341/341 342/342
f 343/343 344/344 345/345
f 346/346 347/347 348/348
f 349/349 350/350 351/351
f 352/352 353/353 354/354
f 355/355 356/356 357/357
f 358/358 359/359 360/360
f 361/361 362/362 363/363
f 364/364 365/365 366/366
f 367/367 368/368 369/369
f 370/370 371/371 372/372
f 373/373 374/374 375/375
f 376/376 377/377 378/378
f 379/379 380/380 381/381
f 382/382 383/383 384/384
f 385/385 386/386 387/387
f 388/388 389/389 390/390
f 391/391 392/392 393/393
f 394/394 395/395 396/396
f 397/397 398/398 399/399
f 400/400 401/401 402/402
f 403/403 404/404 405/405
f 406/406 407/407 408/408
f 409/409 410/410 411/411
f 412/412 413/413 414/414
f 415/415 416/416 417/417
f 418/418 419/419 420/420
f 421/421 422/422 423/423
f 424/424 425/425 426/426
f 427/427 428/428 429/429
f 430/430 431/431 432/432
f 433/433 434/434 435/435
f 436/436 437/437 438/438
f 439/439 440/440 441/441
f 442/442 443/443 444/444
f 445/445 446/446 447/447
f 448/448 449/449 450/450
f 451/451 452/452 453/453
f 454/454 455/455 456/456
f 457/457 458/458 459/459
f 460/460 461/461 462/462
f 463/463 464/464 465/465
f 466/466 467/467 468/468
f 469/469 470/470 471/471
f 472/472 473/473 474/474
f 475/475 476/476 477/477
f 478/478 479/479 480/480
f 481/481 482/482 483/483
f 484/484 485/485 486/486
f 490/490 491/491 492/492
f 493/493 494/494 495/495
f 496/496 497/497 498/498
f 502/502 503/503 504/504
f 505/505 506/506 507/507
f 508/508 509/509 510/510
f 514/514 515/515 516/516
f 517/517 518/518 519/519
f 523/523 524/524 525/525
f 526/526 527/527 528/528
f 529/529 530/530 531/531
f 532/532 533/533 534/534
f 538/538 539/539 540/540
f 541/541 542/542 543/543
f 544/544 545/545 546/546
f 547/547 548/548 549/549
f 553/553 554/554 555/555
f 556/556 557/557 558/558
f 562/562 563/563 564/564
f 565/565 566/566 567/567
f 568/568 569/569 570/570
f 574/574 575/575 576/576
f 577/577 578/578 579/579
f 580/580 581/581 582/582
f 583/583 584/584 585/585
f 586/586 587/587 588/588
f 589/589 590/590 591/591
f 595/595 596/596 597/597
f 601/601 602/602 603/603
f 604/604 605/605 606/606
f 610/610 611/611 612/612
f 613/613 614/614 615/615
f 619/619 620/620 621/621
f 622/622 623/623 624/624
f 628/628 629/629 630/630
f 631/631 632/632 633/633
f 640/640 641/641 642/642
f 643/643 644/644 645/645
f 646/646 647/647 648/648
f 649/649 650/650 651/651
f 655/655 656/656 657/657
f 658/658 659/659 660/660
f 664/664 665/665 666/666
f 670/670 671/671 672/672
f 676/676 677/677 678/678
f 679/679 680/680 681/681
f 682/682 683/683 684/684
f 685/685 686/686 687/687
f 733/733 734/734 735/735
f 736/736 737/737 738/738
f 763/763 764/764 765/765
f 766/766 767/767 768/768
f 769/769 770/770 771/771
f 775/775 776/776 777/777
f 793/793 794/794 795/795
f 808/808 809/809 810/810
f 826/826 827/827 828/828
f 835/835 836/836 837/837
f 844/844 845/845 846/846
f 847/847 848/848 849/849
f 853/853 854/854 855/855
f 856/856 857/857 858/858
f 871/871 872/872 873/873
f 877/877 878/878 879/879
f 880/880 881/881 882/882
f 886/886 887/887 888/888
f 895/895 896/896 897/897
f 910/910 911/911 912/912
f 919/919 920/920 921/921
f 922/922 923/923 924/924
f 925/925 926/926 927/927
f 931/931 932/932 933/933
f 952/952 953/953 954/954
f 955/955 956/956 957/957
f 961/961 962/962 963/963
f 967/967 968/968 969/969
f 970/970 971/971 972/972
f 991/991 992/992 993/993
f 1027/1027 1028/1028 1029/1029
f 1051/1051 1052/1052 1053/1053
f 1147/1147 1148/1148 1149/1149
f 1171/1171 1172/1172 1173/1173
f 1210/1210 1211/1211 1212/1212
f 1276/1276 1277/1277 1278/1278
f 1291/1291 1292/1292 1293/1293
f 1297/1297 1298/1298 1299/1299
f 1300/1300 1301/1301 1302/1302
f 1315/1315 1316/1316 1317/1317
f 1426/1426 1427/1427 1428/1428
f 1432/1432 1433/1433 1434/1434
f 1438/1438 1439/1439 1440/1440
f 1447/1447 1448/1448 1449/1449
f 1456/1456 1457/1457 1458/1458
f 1459/1459 1460/1460 1461/1461
f 1573/1573 1574/1574 1575/1575
f 1585/1585 1586/1586 1587/1587
f 1600/1600 1601/1601 1602/1602
f 1603/1603 1604/1604 1605/1605
f 1639/1639 1640/1640 1641/1641
f 1660/1660 1661/1661 1662/1662
f 1690/1690 1691/1691 1692/1692
f 1723/1723 1724/1724 1725/1725
f 1738/1738 1739/1739 1740/1740
f 1744/1744 1745/1745 1746/1746
f 1747/1747 1748/1748 1749/1749
f 1750/1750 1751/1751 1752/1752
f 1777/1777 1778/1778 1779/1779
f 1783/1783 1784/1784 1785/1785
f 1801/1801 1802/1802 1803/1803
f 1819/1819 1820/1820 1821/1821
f 1837/1837 1838/1838 1839/1839
f 1846/1846 1847/1847 1848/1848
f 1852/1852 1853/1853 1854/1854
s 1
f 46/46 47/47 48/48
f 49/49 50/50 51/51
f 73/73 74/74 75/75
f 82/82 83/83 84/84
f 85/85 86/86 87/87
f 112/112 113/113 114/114
f 118/118 119/119 120/120
f 133/133 134/134 135/135
f 136/136 137/137 138/138
f 187/187 188/188 189/189
f 190/190 191/191 192/192
f 208/208 209/209 210/210
f 217/217 218/218 219/219
f 220/220 221/221 222/222
f 223/223 224/224 225/225
f 241/241 242/242 243/243
f 247/247 248/248 249/249
f 259/259 260/260 261/261
f 262/262 263/263 264/264
f 487/487 488/488 489/489
f 499/499 500/500 501/501
f 511/511 512/512 513/513
f 520/520 521/521 522/522
f 535/535 536/536 537/537
f 550/550 551/551 552/552
f 559/559 560/560 561/561
f 571/571 572/572 573/573
f 592/592 593/593 594/594
f 598/598 599/599 600/600
f 607/607 608/608 609/609
f 616/616 617/617 618/618
f 625/625 626/626 627/627
f 634/634 635/635 636/636
f 637/637 638/638 639/639
f 652/652 653/653 654/654
f 661/661 662/662 663/663
f 667/667 668/668 669/669
f 673/673 674/674 675/675
f 688/688 689/689 690/690
f 691/691 692/692 693/693
f 694/694 695/695 696/696
f 697/697 698/698 699/699
f 700/700 701/701 702/702
f 703/703 704/704 705/705
f 706/706 707/707 708/708
f 709/709 710/710 711/711
f 712/712 713/713 714/714
f 715/715 716/716 717/717
f 718/718 719/719 720/720
f 721/721 722/722 723/723
f 724/724 725/725 726/726
f 727/727 728/728 729/729
f 730/730 731/731 732/732
f 742/742 743/743 744/744
f 745/745 746/746 747/747
f 748/748 749/749 750/750
f 751/751 752/752 753/753
f 754/754 755/755 756/756
f 772/772 773/773 774/774
f 787/787 788/788 789/789
f 790/790 791/791 792/792
f 796/796 797/797 798/798
f 799/799 800/800 801/801
f 811/811 812/812 813/813
f 820/820 821/821 822/822
f 829/829 830/830 831/831
f 841/841 842/842 843/843
f 850/850 851/851 852/852
f 859/859 860/860 861/861
f 862/862 863/863 864/864
f 865/865 866/866 867/867
f 868/868 869/869 870/870
f 889/889 890/890 891/891
f 913/913 914/914 915/915
f 928/928 929/929 930/930
f 937/937 938/938 939/939
f 940/940 941/941 942/942
f 943/943 944/944 945/945
f 946/946 947/947 948/948
f 958/958 959/959 960/960
f 973/973 974/974 975/975
f 976/976 977/977 978/978
f 979/979 980/980 981/981
f 985/985 986/986 987/987
f 997/997 998/998 999/999
f 1009/1009 1010/1010 1011/1011
f 1012/1012 1013/1013 1014/1014
f 1018/1018 1019/1019 1020/1020
f 1030/1030 1031/1031 1032/1032
f 1036/1036 1037/1037 1038/1038
f 1042/1042 1043/1043 1044/1044
f 1048/1048 1049/1049 1050/1050
f 1060/1060 1061/1061 1062/1062
f 1063/1063 1064/1064 1065/1065
f 1066/1066 1067/1067 1068/1068
f 1081/1081 1082/1082 1083/1083
f 1084/1084 1085/1085 1086/1086
f 1090/1090 1091/1091 1092/1092
f 1102/1102 1103/1103 1104/1104
f 1105/1105 1106/1106 1107/1107
f 1114/1114 1115/1115 1116/1116
f 1123/1123 1124/1124 1125/1125
f 1132/1132 1133/1133 1134/1134
f 1138/1138 1139/1139 1140/1140
f 1141/1141 1142/1142 1143/1143
f 1144/1144 1145/1145 1146/1146
f 1156/1156 1157/1157 1158/1158
f 1159/1159 1160/1160 1161/1161
f 1165/1165 1166/1166 1167/1167
f 1183/1183 1184/1184 1185/1185
f 1192/1192 1193/1193 1194/1194
f 1198/1198 1199/1199 1200/1200
f 1201/1201 1202/1202 1203/1203
f 1207/1207 1208/1208 1209/1209
f 1234/1234 1235/1235 1236/1236
f 1237/1237 1238/1238 1239/1239
f 1243/1243 1244/1244 1245/1245
f 1249/1249 1250/1250 1251/1251
f 1255/1255 1256/1256 1257/1257
f 1258/1258 1259/1259 1260/1260
f 1270/1270 1271/1271 1272/1272
f 1273/1273 1274/1274 1275/1275
f 1279/1279 1280/1280 1281/1281
f 1282/1282 1283/1283 1284/1284
f 1294/1294 1295/1295 1296/1296
f 1303/1303 1304/1304 1305/1305
f 1309/1309 1310/1310 1311/1311
f 1312/1312 1313/1313 1314/1314
f 1321/1321 1322/1322 1323/1323
f 1324/1324 1325/1325 1326/1326
f 1327/1327 1328/1328 1329/1329
f 1330/1330 1331/1331 1332/1332
f 1333/1333 1334/1334 1335/1335
f 1336/1336 1337/1337 1338/1338
f 1339/1339 1340/1340 1341/1341
f 1342/1342 1343/1343 1344/1344
f 1345/1345 1346/1346 1347/1347
f 1348/1348 1349/1349 1350/1350
f 1351/1351 1352/1352 1353/1353
f 1354/1354 1355/1355 1356/1356
f 1357/1357 1358/1358 1359/1359
f 1360/1360 1361/1361 1362/1362
f 1363/1363 1364/1364 1365/1365
f 1366/1366 1367/1367 1368/1368
f 1369/1369 1370/1370 1371/1371
f 1372/1372 1373/1373 1374/1374
f 1375/1375 1376/1376 1377/1377
f 1378/1378 1379/1379 1380/1380
f 1381/1381 1382/1382 1383/1383
f 1384/1384 1385/1385 1386/1386
f 1387/1387 1388/1388 1389/1389
f 1390/1390 1391/1391 1392/1392
f 1393/1393 1394/1394 1395/1395
f 1396/1396 1397/1397 1398/1398
f 1399/1399 1400/1400 1401/1401
f 1402/1402 1403/1403 1404/1404
f 1405/1405 1406/1406 1407/1407
f 1408/1408 1409/1409 1410/1410
f 1411/1411 1412/1412 1413/1413
f 1414/1414 1415/1415 1416/1416
f 1417/1417 1418/1418 1419/1419
f 1420/1420 1421/1421 1422/1422
f 1423/1423 1424/1424 1425/1425
f 1429/1429 1430/1430 1431/1431
f 1441/1441 1442/1442 1443/1443
f 1444/1444 1445/1445 1446/1446
f 1453/1453 1454/1454 1455/1455
f 1468/1468 1469/1469 1470/1470
f 1471/1471 1472/1472 1473/1473
f 1474/1474 1475/1475 1476/1476
f 1477/1477 1478/1478 1479/1479
f 1480/1480 1481/1481 1482/1482
f 1483/1483 1484/1484 1485/1485
f 1486/1486 1487/1487 1488/1488
f 1489/1489 1490/1490 1491/1491
f 1492/1492 1493/1493 1494/1494
f 1495/1495 1496/1496 1497/1497
f 1498/1498 1499/1499 1500/1500
f 1501/1501 1502/1502 1503/1503
f 1504/1504 1505/1505 1506/1506
f 1507/1507 1508/1508 1509/1509
f 1510/1510 1511/1511 1512/1512
f 1513/1513 1514/1514 1515/1515
f 1516/1516 1517/1517 1518/1518
f 1519/1519 1520/1520 1521/1521
f 1522/1522 1523/1523 1524/1524
f 1525/1525 1526/1526 1527/1527
f 1528/1528 1529/1529 1530/1530
f 1531/1531 1532/1532 1533/1533
f 1534/1534 1535/1535 1536/1536
f 1537/1537 1538/1538 1539/1539
f 1540/1540 1541/1541 1542/1542
f 1543/1543 1544/1544 1545/1545
f 1546/1546 1547/1547 1548/1548
f 1549/1549 1550/1550 1551/1551
f 1552/1552 1553/1553 1554/1554
f 1555/1555 1556/1556 1557/1557
f 1558/1558 1559/1559 1560/1560
f 1561/1561 1562/1562 1563/1563
f 1564/1564 1565/1565 1566/1566
f 1567/1567 1568/1568 1569/1569
f 1570/1570 1571/1571 1572/1572
f 1576/1576 1577/1577 1578/1578
f 1582/1582 1583/1583 1584/1584
f 1591/1591 1592/1592 1593/1593
f 1594/1594 1595/1595 1596/1596
f 1597/1597 1598/1598 1599/1599
f 1609/1609 1610/1610 1611/1611
f 1612/1612 1613/1613 1614/1614
f 1621/1621 1622/1622 1623/1623
f 1624/1624 1625/1625 1626/1626
f 1630/1630 1631/1631 1632/1632
f 1636/1636 1637/1637 1638/1638
f 1642/1642 1643/1643 1644/1644
f 1645/1645 1646/1646 1647/1647
f 1648/1648 1649/1649 1650/1650
f 1654/1654 1655/1655 1656/1656
f 1663/1663 1664/1664 1665/1665
f 1666/1666 1667/1667 1668/1668
f 1669/1669 1670/1670 1671/1671
f 1672/1672 1673/1673 1674/1674
f 1678/1678 1679/1679 1680/1680
f 1681/1681 1682/1682 1683/1683
f 1684/1684 1685/1685 1686/1686
f 1693/1693 1694/1694 1695/1695
f 1696/1696 1697/1697 1698/1698
f 1702/1702 1703/1703 1704/1704
f 1708/1708 1709/1709 1710/1710
f 1714/1714 1715/1715 1716/1716
f 1720/1720 1721/1721 1722/1722
f 1726/1726 1727/1727 1728/1728
f 1732/1732 1733/1733 1734/1734
f 1741/1741 1742/1742 1743/1743
f 1753/1753 1754/1754 1755/1755
f 1756/1756 1757/1757 1758/1758
f 1759/1759 1760/1760 1761/1761
f 1771/1771 1772/1772 1773/1773
f 1774/1774 1775/1775 1776/1776
f 1780/1780 1781/1781 1782/1782
f 1786/1786 1787/1787 1788/1788
f 1789/1789 1790/1790 1791/1791
f 1795/1795 1796/1796 1797/1797
f 1804/1804 1805/1805 1806/1806
f 1807/1807 1808/1808 1809/1809
f 1813/1813 1814/1814 1815/1815
f 1825/1825 1826/1826 1827/1827
f 1828/1828 1829/1829 1830/1830
f 1831/1831 1832/1832 1833/1833
f 1840/1840 1841/1841 1842/1842
f 1843/1843 1844/1844 1845/1845
f 1849/1849 1850/1850 1851/1851
f 1855/1855 1856/1856 1857/1857
f 1861/1861 1862/1862 1863/1863
f 1867/1867 1868/1868 1869/1869
f 1870/1870 1871/1871 1872/1872
s 2
f 739/739 740/740 741/741
f 757/757 758/758 759/759
f 760/760 761/761 762/762
f 778/778 779/779 780/780
f 781/781 782/782 783/783
f 802/802 803/803 804/804
f 805/805 806/806 807/807
f 814/814 815/815 816/816
f 823/823 824/824 825/825
f 832/832 833/833 834/834
f 838/838 839/839 840/840
f 874/874 875/875 876/876
f 883/883 884/884 885/885
f 892/892 893/893 894/894
f 898/898 899/899 900/900
f 901/901 902/902 903/903
f 904/904 905/905 906/906
f 907/907 908/908 909/909
f 916/916 917/917 918/918
f 934/934 935/935 936/936
f 949/949 950/950 951/951
f 964/964 965/965 966/966
f 982/982 983/983 984/984
f 988/988 989/989 990/990
f 994/994 995/995 996/996
f 1000/1000 1001/1001 1002/1002
f 1003/1003 1004/1004 1005/1005
f 1006/1006 1007/1007 1008/1008
f 1015/1015 1016/1016 1017/1017
f 1021/1021 1022/1022 1023/1023
f 1024/1024 1025/1025 1026/1026
f 1033/1033 1034/1034 1035/1035
f 1039/1039 1040/1040 1041/1041
f 1045/1045 1046/1046 1047/1047
f 1054/1054 1055/1055 1056/1056
f 1057/1057 1058/1058 1059/1059
f 1069/1069 1070/1070 1071/1071
f 1072/1072 1073/1073 1074/1074
f 1075/1075 1076/1076 1077/1077
f 1087/1087 1088/1088 1089/1089
f 1093/1093 1094/1094 1095/1095
f 1096/1096 1097/1097 1098/1098
f 1099/1099 1100/1100 1101/1101
f 1108/1108 1109/1109 1110/1110
f 1117/1117 1118/1118 1119/1119
f 1126/1126 1127/1127 1128/1128
f 1129/1129 1130/1130 1131/1131
f 1135/1135 1136/1136 1137/1137
f 1150/1150 1151/1151 1152/1152
f 1153/1153 1154/1154 1155/1155
f 1162/1162 1163/1163 1164/1164
f 1174/1174 1175/1175 1176/1176
f 1177/1177 1178/1178 1179/1179
f 1180/1180 1181/1181 1182/1182
f 1189/1189 1190/1190 1191/1191
f 1204/1204 1205/1205 1206/1206
f 1213/1213 1214/1214 1215/1215
f 1216/1216 1217/1217 1218/1218
f 1219/1219 1220/1220 1221/1221
f 1222/1222 1223/1223 1224/1224
f 1225/1225 1226/1226 1227/1227
f 1228/1228 1229/1229 1230/1230
f 1231/1231 1232/1232 1233/1233
f 1240/1240 1241/1241 1242/1242
f 1246/1246 1247/1247 1248/1248
f 1252/1252 1253/1253 1254/1254
f 1261/1261 1262/1262 1263/1263
f 1267/1267 1268/1268 1269/1269
f 1285/1285 1286/1286 1287/1287
f 1288/1288 1289/1289 1290/1290
f 1306/1306 1307/1307 1308/1308
f 1318/1318 1319/1319 1320/1320
f 1435/1435 1436/1436 1437/1437
f 1450/1450 1451/1451 1452/1452
f 1462/1462 1463/1463 1464/1464
f 1465/1465 1466/1466 1467/1467
f 1579/1579 1580/1580 1581/1581
f 1588/1588 1589/1589 1590/1590
f 1606/1606 1607/1607 1608/1608
f 1615/1615 1616/1616 1617/1617
f 1618/1618 1619/1619 1620/1620
f 1627/1627 1628/1628 1629/1629
f 1633/1633 1634/1634 1635/1635
f 1651/1651 1652/1652 1653/1653
f 1657/1657 1658/1658 1659/1659
f 1675/1675 1676/1676 1677/1677
f 1687/1687 1688/1688 1689/1689
f 1699/1699 1700/1700 1701/1701
f 1705/1705 1706/1706 1707/1707
f 1711/1711 1712/1712 1713/1713
f 1717/1717 1718/1718 1719/1719
f 1729/1729 1730/1730 1731/1731
f 1735/1735 1736/1736 1737/1737
f 1762/1762 1763/1763 1764/1764
f 1768/1768 1769/1769 1770/1770
f 1792/1792 1793/1793 1794/1794
f 1798/1798 1799/1799 1800/1800
f 1810/1810 1811/1811 1812/1812
f 1816/1816 1817/1817 1818/1818
f 1822/1822 1823/1823 1824/1824
f 1834/1834 1835/1835 1836/1836
f 1858/1858 1859/1859 1860/1860
f 1864/1864 1865/1865 1866/1866
s 3
f 784/784 785/785 786/786
f 817/817 818/818 819/819
f 1078/1078 1079/1079 1080/1080
f 1111/1111 1112/1112 1113/1113
f 1120/1120 1121/1121 1122/1122
f 1168/1168 1169/1169 1170/1170
f 1186/1186 1187/1187 1188/1188
f 1195/1195 1196/1196 1197/1197
f 1264/1264 1265/1265 1266/1266
f 1765/1765 1766/1766 1767/1767

g
