# UnrealEd OBJ exporter (_Internal)



v -13.551031 0.539231 -11.754010

v 13.551031 1.539180 -11.743944

v 13.551031 0.539231 -11.754010

v -13.551031 1.539180 -11.743944

v 13.551031 0.328294 -10.664121

v 15.408711 1.528189 -10.652040

v 15.408711 0.328294 -10.664119

v 13.551029 1.528189 -10.652040

v -13.551031 0.328294 -10.664121

v -15.408711 1.528189 -10.652040

v -13.551029 1.528189 -10.652040

v -15.408711 0.328294 -10.664119

v -12.996024 1.585805 -6.441045

v -14.496022 1.600904 -7.940969

v -14.496022 1.585805 -6.441045

v -12.996024 1.600904 -7.940969

v -12.996024 1.480910 -7.942177

v -12.996024 1.585805 -6.441045

v -12.996024 1.465811 -6.442253

v -12.996024 1.600904 -7.940969

v -14.496022 1.480910 -7.942177

v -14.496022 1.585805 -6.441045

v -14.496022 1.600904 -7.940969

v -14.496022 1.465811 -6.442253

v -14.496022 1.480910 -7.942177

v -12.996024 1.600904 -7.940969

v -12.996024 1.480910 -7.942177

v -14.496022 1.600904 -7.940969

v -12.996024 1.465811 -6.442253

v -14.496022 1.585805 -6.441045

v -14.496022 1.465811 -6.442253

v -12.996024 1.585805 -6.441045

v -11.136023 1.585805 -6.441045

v -12.636024 1.600904 -7.940969

v -12.636024 1.585805 -6.441045

v -11.136023 1.600904 -7.940969

v -11.136023 1.480910 -7.942177

v -11.136023 1.585805 -6.441045

v -11.136023 1.465811 -6.442253

v -11.136023 1.600904 -7.940969

v -12.636024 1.480910 -7.942177

v -12.636024 1.585805 -6.441045

v -12.636024 1.600904 -7.940969

v -12.636024 1.465811 -6.442253

v -12.636024 1.480910 -7.942177

v -11.136023 1.600904 -7.940969

v -11.136023 1.480910 -7.942177

v -12.636024 1.600904 -7.940969

v -11.136023 1.465811 -6.442253

v -12.636024 1.585805 -6.441045

v -12.636024 1.465811 -6.442253

v -11.136023 1.585805 -6.441045

v -9.276024 1.585805 -6.441045

v -10.776024 1.600904 -7.940969

v -10.776024 1.585805 -6.441045

v -9.276024 1.600904 -7.940969

v -9.276024 1.480910 -7.942177

v -9.276024 1.585805 -6.441045

v -9.276024 1.465811 -6.442253

v -9.276024 1.600904 -7.940969

v -10.776024 1.480910 -7.942177

v -10.776024 1.585805 -6.441045

v -10.776024 1.600904 -7.940969

v -10.776024 1.465811 -6.442253

v -10.776024 1.480910 -7.942177

v -9.276024 1.600904 -7.940969

v -9.276024 1.480910 -7.942177

v -10.776024 1.600904 -7.940969

v -9.276024 1.465811 -6.442253

v -10.776024 1.585805 -6.441045

v -10.776024 1.465811 -6.442253

v -9.276024 1.585805 -6.441045

v -7.416023 1.585805 -6.441045

v -8.916023 1.600904 -7.940969

v -8.916023 1.585805 -6.441045

v -7.416023 1.600904 -7.940969

v -7.416023 1.480910 -7.942177

v -7.416023 1.585805 -6.441045

v -7.416023 1.465811 -6.442253

v -7.416023 1.600904 -7.940969

v -8.916023 1.480910 -7.942177

v -8.916023 1.585805 -6.441045

v -8.916023 1.600904 -7.940969

v -8.916023 1.465811 -6.442253

v -8.916023 1.480910 -7.942177

v -7.416023 1.600904 -7.940969

v -7.416023 1.480910 -7.942177

v -8.916023 1.600904 -7.940969

v -7.416023 1.465811 -6.442253

v -8.916023 1.585805 -6.441045

v -8.916023 1.465811 -6.442253

v -7.416023 1.585805 -6.441045

v -5.556023 1.585805 -6.441045

v -7.056023 1.600904 -7.940969

v -7.056023 1.585805 -6.441045

v -5.556023 1.600904 -7.940969

v -5.556023 1.480910 -7.942177

v -5.556023 1.585805 -6.441045

v -5.556023 1.465811 -6.442253

v -5.556023 1.600904 -7.940969

v -7.056023 1.480910 -7.942177

v -7.056023 1.585805 -6.441045

v -7.056023 1.600904 -7.940969

v -7.056023 1.465811 -6.442253

v -7.056023 1.480910 -7.942177

v -5.556023 1.600904 -7.940969

v -5.556023 1.480910 -7.942177

v -7.056023 1.600904 -7.940969

v -5.556023 1.465811 -6.442253

v -7.056023 1.585805 -6.441045

v -7.056023 1.465811 -6.442253

v -5.556023 1.585805 -6.441045

v -3.696023 1.585805 -6.441045

v -5.196023 1.600904 -7.940969

v -5.196023 1.585805 -6.441045

v -3.696023 1.600904 -7.940969

v -3.696023 1.480910 -7.942177

v -3.696023 1.585805 -6.441045

v -3.696023 1.465811 -6.442253

v -3.696023 1.600904 -7.940969

v -5.196023 1.480910 -7.942177

v -5.196023 1.585805 -6.441045

v -5.196023 1.600904 -7.940969

v -5.196023 1.465811 -6.442253

v -5.196023 1.480910 -7.942177

v -3.696023 1.600904 -7.940969

v -3.696023 1.480910 -7.942177

v -5.196023 1.600904 -7.940969

v -3.696023 1.465811 -6.442253

v -5.196023 1.585805 -6.441045

v -5.196023 1.465811 -6.442253

v -3.696023 1.585805 -6.441045

v -1.836023 1.585805 -6.441045

v -3.336023 1.600904 -7.940969

v -3.336023 1.585805 -6.441045

v -1.836023 1.600904 -7.940969

v -1.836023 1.480910 -7.942177

v -1.836023 1.585805 -6.441045

v -1.836023 1.465811 -6.442253

v -1.836023 1.600904 -7.940969

v -3.336023 1.480910 -7.942177

v -3.336023 1.585805 -6.441045

v -3.336023 1.600904 -7.940969

v -3.336023 1.465811 -6.442253

v -3.336023 1.480910 -7.942177

v -1.836023 1.600904 -7.940969

v -1.836023 1.480910 -7.942177

v -3.336023 1.600904 -7.940969

v -1.836023 1.465811 -6.442253

v -3.336023 1.585805 -6.441045

v -3.336023 1.465811 -6.442253

v -1.836023 1.585805 -6.441045

v 0.023976 1.585805 -6.441045

v -1.476023 1.600904 -7.940969

v -1.476023 1.585805 -6.441045

v 0.023976 1.600904 -7.940969

v 0.023976 1.480910 -7.942177

v 0.023976 1.585805 -6.441045

v 0.023976 1.465811 -6.442253

v 0.023976 1.600904 -7.940969

v -1.476023 1.480910 -7.942177

v -1.476023 1.585805 -6.441045

v -1.476023 1.600904 -7.940969

v -1.476023 1.465811 -6.442253

v -1.476023 1.480910 -7.942177

v 0.023976 1.600904 -7.940969

v 0.023976 1.480910 -7.942177

v -1.476023 1.600904 -7.940969

v 0.023976 1.465811 -6.442253

v -1.476023 1.585805 -6.441045

v -1.476023 1.465811 -6.442253

v 0.023976 1.585805 -6.441045

v 1.883978 1.585805 -6.441045

v 0.383976 1.600904 -7.940969

v 0.383976 1.585805 -6.441045

v 1.883978 1.600904 -7.940969

v 1.883978 1.480910 -7.942177

v 1.883978 1.585805 -6.441045

v 1.883978 1.465811 -6.442253

v 1.883978 1.600904 -7.940969

v 0.383976 1.480910 -7.942177

v 0.383976 1.585805 -6.441045

v 0.383976 1.600904 -7.940969

v 0.383976 1.465811 -6.442253

v 0.383976 1.480910 -7.942177

v 1.883978 1.600904 -7.940969

v 1.883978 1.480910 -7.942177

v 0.383976 1.600904 -7.940969

v 1.883978 1.465811 -6.442253

v 0.383976 1.585805 -6.441045

v 0.383976 1.465811 -6.442253

v 1.883978 1.585805 -6.441045

v 3.743976 1.585805 -6.441045

v 2.243978 1.600904 -7.940969

v 2.243978 1.585805 -6.441045

v 3.743976 1.600904 -7.940969

v 3.743976 1.480910 -7.942177

v 3.743976 1.585805 -6.441045

v 3.743976 1.465811 -6.442253

v 3.743976 1.600904 -7.940969

v 2.243978 1.480910 -7.942177

v 2.243978 1.585805 -6.441045

v 2.243978 1.600904 -7.940969

v 2.243978 1.465811 -6.442253

v 2.243978 1.480910 -7.942177

v 3.743976 1.600904 -7.940969

v 3.743976 1.480910 -7.942177

v 2.243978 1.600904 -7.940969

v 3.743976 1.465811 -6.442253

v 2.243978 1.585805 -6.441045

v 2.243978 1.465811 -6.442253

v 3.743976 1.585805 -6.441045

v 5.603978 1.585805 -6.441045

v 4.103976 1.600904 -7.940969

v 4.103976 1.585805 -6.441045

v 5.603978 1.600904 -7.940969

v 5.603978 1.480910 -7.942177

v 5.603978 1.585805 -6.441045

v 5.603978 1.465811 -6.442253

v 5.603978 1.600904 -7.940969

v 4.103976 1.480910 -7.942177

v 4.103976 1.585805 -6.441045

v 4.103976 1.600904 -7.940969

v 4.103976 1.465811 -6.442253

v 4.103976 1.480910 -7.942177

v 5.603978 1.600904 -7.940969

v 5.603978 1.480910 -7.942177

v 4.103976 1.600904 -7.940969

v 5.603978 1.465811 -6.442253

v 4.103976 1.585805 -6.441045

v 4.103976 1.465811 -6.442253

v 5.603978 1.585805 -6.441045

v 7.463977 1.585805 -6.441045

v 5.963978 1.600904 -7.940969

v 5.963978 1.585805 -6.441045

v 7.463977 1.600904 -7.940969

v 7.463977 1.480910 -7.942177

v 7.463977 1.585805 -6.441045

v 7.463977 1.465811 -6.442253

v 7.463977 1.600904 -7.940969

v 5.963978 1.480910 -7.942177

v 5.963978 1.585805 -6.441045

v 5.963978 1.600904 -7.940969

v 5.963978 1.465811 -6.442253

v 5.963978 1.480910 -7.942177

v 7.463977 1.600904 -7.940969

v 7.463977 1.480910 -7.942177

v 5.963978 1.600904 -7.940969

v 7.463977 1.465811 -6.442253

v 5.963978 1.585805 -6.441045

v 5.963978 1.465811 -6.442253

v 7.463977 1.585805 -6.441045

v -14.856021 1.585805 -6.441045

v -15.891025 1.600904 -7.940969

v -15.891025 1.585805 -6.441045

v -14.856021 1.600904 -7.940969

v -14.856021 1.480910 -7.942177

v -14.856021 1.585805 -6.441045

v -14.856021 1.465811 -6.442253

v -14.856021 1.600904 -7.940969

v -15.891025 1.480910 -7.942177

v -15.891025 1.585805 -6.441045

v -15.891025 1.600904 -7.940969

v -15.891025 1.465811 -6.442253

v -15.891025 1.480910 -7.942177

v -14.856021 1.600904 -7.940969

v -14.856021 1.480910 -7.942177

v -15.891025 1.600904 -7.940969

v -14.856021 1.465811 -6.442253

v -15.891025 1.585805 -6.441045

v -15.891025 1.465811 -6.442253

v -14.856021 1.585805 -6.441045

v -12.066024 1.567686 -4.641136

v -13.566023 1.582785 -6.141060

v -13.566023 1.567686 -4.641136

v -12.066024 1.582785 -6.141060

v -12.066024 1.447692 -4.642344

v -12.066024 1.582785 -6.141060

v -12.066024 1.567686 -4.641136

v -12.066024 1.462791 -6.142268

v -13.566023 1.447692 -4.642344

v -13.566023 1.582785 -6.141060

v -13.566023 1.462791 -6.142268

v -13.566023 1.567686 -4.641136

v -13.566023 1.462791 -6.142268

v -12.066024 1.582785 -6.141060

v -12.066024 1.462791 -6.142268

v -13.566023 1.582785 -6.141060

v -12.066024 1.447692 -4.642344

v -13.566023 1.567686 -4.641136

v -13.566023 1.447692 -4.642344

v -12.066024 1.567686 -4.641136

v -10.206023 1.567686 -4.641136

v -11.706023 1.582785 -6.141060

v -11.706023 1.567686 -4.641136

v -10.206023 1.582785 -6.141060

v -10.206023 1.447692 -4.642344

v -10.206023 1.582785 -6.141060

v -10.206023 1.567686 -4.641136

v -10.206023 1.462791 -6.142268

v -11.706023 1.447692 -4.642344

v -11.706023 1.582785 -6.141060

v -11.706023 1.462791 -6.142268

v -11.706023 1.567686 -4.641136

v -11.706023 1.462791 -6.142268

v -10.206023 1.582785 -6.141060

v -10.206023 1.462791 -6.142268

v -11.706023 1.582785 -6.141060

v -10.206023 1.447692 -4.642344

v -11.706023 1.567686 -4.641136

v -11.706023 1.447692 -4.642344

v -10.206023 1.567686 -4.641136

v -8.346025 1.567686 -4.641136

v -9.846025 1.582785 -6.141060

v -9.846025 1.567686 -4.641136

v -8.346025 1.582785 -6.141060

v -8.346025 1.447692 -4.642344

v -8.346025 1.582785 -6.141060

v -8.346025 1.567686 -4.641136

v -8.346025 1.462791 -6.142268

v -9.846025 1.447692 -4.642344

v -9.846025 1.582785 -6.141060

v -9.846025 1.462791 -6.142268

v -9.846025 1.567686 -4.641136

v -9.846025 1.462791 -6.142268

v -8.346025 1.582785 -6.141060

v -8.346025 1.462791 -6.142268

v -9.846025 1.582785 -6.141060

v -8.346025 1.447692 -4.642344

v -9.846025 1.567686 -4.641136

v -9.846025 1.447692 -4.642344

v -8.346025 1.567686 -4.641136

v -6.486024 1.567686 -4.641136

v -7.986024 1.582785 -6.141060

v -7.986024 1.567686 -4.641136

v -6.486024 1.582785 -6.141060

v -6.486024 1.447692 -4.642344

v -6.486024 1.582785 -6.141060

v -6.486024 1.567686 -4.641136

v -6.486024 1.462791 -6.142268

v -7.986024 1.447692 -4.642344

v -7.986024 1.582785 -6.141060

v -7.986024 1.462791 -6.142268

v -7.986024 1.567686 -4.641136

v -7.986024 1.462791 -6.142268

v -6.486024 1.582785 -6.141060

v -6.486024 1.462791 -6.142268

v -7.986024 1.582785 -6.141060

v -6.486024 1.447692 -4.642344

v -7.986024 1.567686 -4.641136

v -7.986024 1.447692 -4.642344

v -6.486024 1.567686 -4.641136

v -4.626024 1.567686 -4.641136

v -6.126024 1.582785 -6.141060

v -6.126024 1.567686 -4.641136

v -4.626024 1.582785 -6.141060

v -4.626024 1.447692 -4.642344

v -4.626024 1.582785 -6.141060

v -4.626024 1.567686 -4.641136

v -4.626024 1.462791 -6.142268

v -6.126024 1.447692 -4.642344

v -6.126024 1.582785 -6.141060

v -6.126024 1.462791 -6.142268

v -6.126024 1.567686 -4.641136

v -6.126024 1.462791 -6.142268

v -4.626024 1.582785 -6.141060

v -4.626024 1.462791 -6.142268

v -6.126024 1.582785 -6.141060

v -4.626024 1.447692 -4.642344

v -6.126024 1.567686 -4.641136

v -6.126024 1.447692 -4.642344

v -4.626024 1.567686 -4.641136

v -2.766024 1.567686 -4.641136

v -4.266024 1.582785 -6.141060

v -4.266024 1.567686 -4.641136

v -2.766024 1.582785 -6.141060

v -2.766024 1.447692 -4.642344

v -2.766024 1.582785 -6.141060

v -2.766024 1.567686 -4.641136

v -2.766024 1.462791 -6.142268

v -4.266024 1.447692 -4.642344

v -4.266024 1.582785 -6.141060

v -4.266024 1.462791 -6.142268

v -4.266024 1.567686 -4.641136

v -4.266024 1.462791 -6.142268

v -2.766024 1.582785 -6.141060

v -2.766024 1.462791 -6.142268

v -4.266024 1.582785 -6.141060

v -2.766024 1.447692 -4.642344

v -4.266024 1.567686 -4.641136

v -4.266024 1.447692 -4.642344

v -2.766024 1.567686 -4.641136

v -0.906023 1.567686 -4.641136

v -2.406024 1.582785 -6.141060

v -2.406024 1.567686 -4.641136

v -0.906023 1.582785 -6.141060

v -0.906023 1.447692 -4.642344

v -0.906023 1.582785 -6.141060

v -0.906023 1.567686 -4.641136

v -0.906023 1.462791 -6.142268

v -2.406024 1.447692 -4.642344

v -2.406024 1.582785 -6.141060

v -2.406024 1.462791 -6.142268

v -2.406024 1.567686 -4.641136

v -2.406024 1.462791 -6.142268

v -0.906023 1.582785 -6.141060

v -0.906023 1.462791 -6.142268

v -2.406024 1.582785 -6.141060

v -0.906023 1.447692 -4.642344

v -2.406024 1.567686 -4.641136

v -2.406024 1.447692 -4.642344

v -0.906023 1.567686 -4.641136

v 0.953975 1.567686 -4.641136

v -0.546023 1.582785 -6.141060

v -0.546023 1.567686 -4.641136

v 0.953975 1.582785 -6.141060

v 0.953975 1.447692 -4.642344

v 0.953975 1.582785 -6.141060

v 0.953975 1.567686 -4.641136

v 0.953975 1.462791 -6.142268

v -0.546023 1.447692 -4.642344

v -0.546023 1.582785 -6.141060

v -0.546023 1.462791 -6.142268

v -0.546023 1.567686 -4.641136

v -0.546023 1.462791 -6.142268

v 0.953975 1.582785 -6.141060

v 0.953975 1.462791 -6.142268

v -0.546023 1.582785 -6.141060

v 0.953975 1.447692 -4.642344

v -0.546023 1.567686 -4.641136

v -0.546023 1.447692 -4.642344

v 0.953975 1.567686 -4.641136

v 2.813977 1.567686 -4.641136

v 1.313975 1.582785 -6.141060

v 1.313975 1.567686 -4.641136

v 2.813977 1.582785 -6.141060

v 2.813977 1.447692 -4.642344

v 2.813977 1.582785 -6.141060

v 2.813977 1.567686 -4.641136

v 2.813977 1.462791 -6.142268

v 1.313975 1.447692 -4.642344

v 1.313975 1.582785 -6.141060

v 1.313975 1.462791 -6.142268

v 1.313975 1.567686 -4.641136

v 1.313975 1.462791 -6.142268

v 2.813977 1.582785 -6.141060

v 2.813977 1.462791 -6.142268

v 1.313975 1.582785 -6.141060

v 2.813977 1.447692 -4.642344

v 1.313975 1.567686 -4.641136

v 1.313975 1.447692 -4.642344

v 2.813977 1.567686 -4.641136

v 4.673976 1.567686 -4.641136

v 3.173977 1.582785 -6.141060

v 3.173977 1.567686 -4.641136

v 4.673976 1.582785 -6.141060

v 4.673976 1.447692 -4.642344

v 4.673976 1.582785 -6.141060

v 4.673976 1.567686 -4.641136

v 4.673976 1.462791 -6.142268

v 3.173977 1.447692 -4.642344

v 3.173977 1.582785 -6.141060

v 3.173977 1.462791 -6.142268

v 3.173977 1.567686 -4.641136

v 3.173977 1.462791 -6.142268

v 4.673976 1.582785 -6.141060

v 4.673976 1.462791 -6.142268

v 3.173977 1.582785 -6.141060

v 4.673976 1.447692 -4.642344

v 3.173977 1.567686 -4.641136

v 3.173977 1.447692 -4.642344

v 4.673976 1.567686 -4.641136

v 6.533978 1.567686 -4.641136

v 5.033976 1.582785 -6.141060

v 5.033976 1.567686 -4.641136

v 6.533978 1.582785 -6.141060

v 6.533978 1.447692 -4.642344

v 6.533978 1.582785 -6.141060

v 6.533978 1.567686 -4.641136

v 6.533978 1.462791 -6.142268

v 5.033976 1.447692 -4.642344

v 5.033976 1.582785 -6.141060

v 5.033976 1.462791 -6.142268

v 5.033976 1.567686 -4.641136

v 5.033976 1.462791 -6.142268

v 6.533978 1.582785 -6.141060

v 6.533978 1.462791 -6.142268

v 5.033976 1.582785 -6.141060

v 6.533978 1.447692 -4.642344

v 5.033976 1.567686 -4.641136

v 5.033976 1.447692 -4.642344

v 6.533978 1.567686 -4.641136

v 8.393976 1.567686 -4.641136

v 6.893978 1.582785 -6.141060

v 6.893978 1.567686 -4.641136

v 8.393976 1.582785 -6.141060

v 8.393976 1.447692 -4.642344

v 8.393976 1.582785 -6.141060

v 8.393976 1.567686 -4.641136

v 8.393976 1.462791 -6.142268

v 6.893978 1.447692 -4.642344

v 6.893978 1.582785 -6.141060

v 6.893978 1.462791 -6.142268

v 6.893978 1.567686 -4.641136

v 6.893978 1.462791 -6.142268

v 8.393976 1.582785 -6.141060

v 8.393976 1.462791 -6.142268

v 6.893978 1.582785 -6.141060

v 8.393976 1.447692 -4.642344

v 6.893978 1.567686 -4.641136

v 6.893978 1.447692 -4.642344

v 8.393976 1.567686 -4.641136

v 10.253978 1.567686 -4.641136

v 8.753976 1.582785 -6.141060

v 8.753976 1.567686 -4.641136

v 10.253978 1.582785 -6.141060

v 10.253978 1.447692 -4.642344

v 10.253978 1.582785 -6.141060

v 10.253978 1.567686 -4.641136

v 10.253978 1.462791 -6.142268

v 8.753976 1.447692 -4.642344

v 8.753976 1.582785 -6.141060

v 8.753976 1.462791 -6.142268

v 8.753976 1.567686 -4.641136

v 8.753976 1.462791 -6.142268

v 10.253978 1.582785 -6.141060

v 10.253978 1.462791 -6.142268

v 8.753976 1.582785 -6.141060

v 10.253978 1.447692 -4.642344

v 8.753976 1.567686 -4.641136

v 8.753976 1.447692 -4.642344

v 10.253978 1.567686 -4.641136

v 12.113976 1.567686 -4.641136

v 10.613977 1.582785 -6.141060

v 10.613977 1.567686 -4.641136

v 12.113976 1.582785 -6.141060

v 12.113976 1.447692 -4.642344

v 12.113976 1.582785 -6.141060

v 12.113976 1.567686 -4.641136

v 12.113976 1.462791 -6.142268

v 10.613977 1.447692 -4.642344

v 10.613977 1.582785 -6.141060

v 10.613977 1.462791 -6.142268

v 10.613977 1.567686 -4.641136

v 10.613977 1.462791 -6.142268

v 12.113976 1.582785 -6.141060

v 12.113976 1.462791 -6.142268

v 10.613977 1.582785 -6.141060

v 12.113976 1.447692 -4.642344

v 10.613977 1.567686 -4.641136

v 10.613977 1.447692 -4.642344

v 12.113976 1.567686 -4.641136

v 13.973975 1.567686 -4.641136

v 12.473976 1.582785 -6.141060

v 12.473976 1.567686 -4.641136

v 13.973975 1.582785 -6.141060

v 13.973975 1.447692 -4.642344

v 13.973975 1.582785 -6.141060

v 13.973975 1.567686 -4.641136

v 13.973975 1.462791 -6.142268

v 12.473976 1.447692 -4.642344

v 12.473976 1.582785 -6.141060

v 12.473976 1.462791 -6.142268

v 12.473976 1.567686 -4.641136

v 12.473976 1.462791 -6.142268

v 13.973975 1.582785 -6.141060

v 13.973975 1.462791 -6.142268

v 12.473976 1.582785 -6.141060

v 13.973975 1.447692 -4.642344

v 12.473976 1.567686 -4.641136

v 12.473976 1.447692 -4.642344

v 13.973975 1.567686 -4.641136

v 15.833974 1.567686 -4.641136

v 14.333975 1.582785 -6.141060

v 14.333975 1.567686 -4.641136

v 15.833974 1.582785 -6.141060

v 15.833974 1.447692 -4.642344

v 15.833974 1.582785 -6.141060

v 15.833974 1.567686 -4.641136

v 15.833974 1.462791 -6.142268

v 14.333975 1.447692 -4.642344

v 14.333975 1.582785 -6.141060

v 14.333975 1.462791 -6.142268

v 14.333975 1.567686 -4.641136

v 14.333975 1.462791 -6.142268

v 15.833974 1.582785 -6.141060

v 15.833974 1.462791 -6.142268

v 14.333975 1.582785 -6.141060

v 15.833974 1.447692 -4.642344

v 14.333975 1.567686 -4.641136

v 14.333975 1.447692 -4.642344

v 15.833974 1.567686 -4.641136

v 12.113976 1.549568 -2.841227

v 10.613977 1.564667 -4.341151

v 10.613977 1.549568 -2.841227

v 12.113976 1.564667 -4.341151

v 12.113976 1.429574 -2.842435

v 12.113976 1.564667 -4.341151

v 12.113976 1.549568 -2.841227

v 12.113976 1.444673 -4.342359

v 10.613977 1.429574 -2.842435

v 10.613977 1.564667 -4.341151

v 10.613977 1.444673 -4.342359

v 10.613977 1.549568 -2.841227

v 10.613977 1.444673 -4.342359

v 12.113976 1.564667 -4.341151

v 12.113976 1.444673 -4.342359

v 10.613977 1.564667 -4.341151

v 12.113976 1.429574 -2.842435

v 10.613977 1.549568 -2.841227

v 10.613977 1.429574 -2.842435

v 12.113976 1.549568 -2.841227

v 13.973975 1.549568 -2.841227

v 12.473976 1.564667 -4.341151

v 12.473976 1.549568 -2.841227

v 13.973975 1.564667 -4.341151

v 13.973975 1.429574 -2.842435

v 13.973975 1.564667 -4.341151

v 13.973975 1.549568 -2.841227

v 13.973975 1.444673 -4.342359

v 12.473976 1.429574 -2.842435

v 12.473976 1.564667 -4.341151

v 12.473976 1.444673 -4.342359

v 12.473976 1.549568 -2.841227

v 12.473976 1.444673 -4.342359

v 13.973975 1.564667 -4.341151

v 13.973975 1.444673 -4.342359

v 12.473976 1.564667 -4.341151

v 13.973975 1.429574 -2.842435

v 12.473976 1.549568 -2.841227

v 12.473976 1.429574 -2.842435

v 13.973975 1.549568 -2.841227

v 15.833974 1.549568 -2.841227

v 14.333975 1.564667 -4.341151

v 14.333975 1.549568 -2.841227

v 15.833974 1.564667 -4.341151

v 15.833974 1.429574 -2.842435

v 15.833974 1.564667 -4.341151

v 15.833974 1.549568 -2.841227

v 15.833974 1.444673 -4.342359

v 14.333975 1.429574 -2.842435

v 14.333975 1.564667 -4.341151

v 14.333975 1.444673 -4.342359

v 14.333975 1.549568 -2.841227

v 14.333975 1.444673 -4.342359

v 15.833974 1.564667 -4.341151

v 15.833974 1.444673 -4.342359

v 14.333975 1.564667 -4.341151

v 15.833974 1.429574 -2.842435

v 14.333975 1.549568 -2.841227

v 14.333975 1.429574 -2.842435

v 15.833974 1.549568 -2.841227

v 12.113976 1.531450 -1.041318

v 10.613977 1.546548 -2.541243

v 10.613977 1.531450 -1.041318

v 12.113976 1.546548 -2.541243

v 12.113976 1.426554 -2.542450

v 12.113976 1.531450 -1.041318

v 12.113976 1.411456 -1.042526

v 12.113976 1.546548 -2.541243

v 10.613977 1.426554 -2.542450

v 10.613977 1.531450 -1.041318

v 10.613977 1.546548 -2.541243

v 10.613977 1.411456 -1.042526

v 10.613977 1.426554 -2.542450

v 12.113976 1.546548 -2.541243

v 12.113976 1.426554 -2.542450

v 10.613977 1.546548 -2.541243

v 12.113976 1.411456 -1.042526

v 10.613977 1.531450 -1.041318

v 10.613977 1.411456 -1.042526

v 12.113976 1.531450 -1.041318

v 13.973975 1.531450 -1.041318

v 12.473976 1.546548 -2.541243

v 12.473976 1.531450 -1.041318

v 13.973975 1.546548 -2.541243

v 13.973975 1.426554 -2.542450

v 13.973975 1.531450 -1.041318

v 13.973975 1.411456 -1.042526

v 13.973975 1.546548 -2.541243

v 12.473976 1.426554 -2.542450

v 12.473976 1.531450 -1.041318

v 12.473976 1.546548 -2.541243

v 12.473976 1.411456 -1.042526

v 12.473976 1.426554 -2.542450

v 13.973975 1.546548 -2.541243

v 13.973975 1.426554 -2.542450

v 12.473976 1.546548 -2.541243

v 13.973975 1.411456 -1.042526

v 12.473976 1.531450 -1.041318

v 12.473976 1.411456 -1.042526

v 13.973975 1.531450 -1.041318

v 15.833974 1.531450 -1.041318

v 14.333975 1.546548 -2.541243

v 14.333975 1.531450 -1.041318

v 15.833974 1.546548 -2.541243

v 15.833974 1.426554 -2.542450

v 15.833974 1.531450 -1.041318

v 15.833974 1.411456 -1.042526

v 15.833974 1.546548 -2.541243

v 14.333975 1.426554 -2.542450

v 14.333975 1.531450 -1.041318

v 14.333975 1.546548 -2.541243

v 14.333975 1.411456 -1.042526

v 14.333975 1.426554 -2.542450

v 15.833974 1.546548 -2.541243

v 15.833974 1.426554 -2.542450

v 14.333975 1.546548 -2.541243

v 15.833974 1.411456 -1.042526

v 14.333975 1.531450 -1.041318

v 14.333975 1.411456 -1.042526

v 15.833974 1.531450 -1.041318

v 12.113976 1.513331 0.758591

v 10.613977 1.528430 -0.741333

v 10.613977 1.513331 0.758591

v 12.113976 1.528430 -0.741333

v 12.113976 1.408436 -0.742541

v 12.113976 1.513331 0.758591

v 12.113976 1.393337 0.757383

v 12.113976 1.528430 -0.741333

v 10.613977 1.393337 0.757383

v 10.613977 1.528430 -0.741333

v 10.613977 1.408436 -0.742541

v 10.613977 1.513331 0.758591

v 10.613977 1.408436 -0.742541

v 12.113976 1.528430 -0.741333

v 12.113976 1.408436 -0.742541

v 10.613977 1.528430 -0.741333

v 12.113976 1.393337 0.757383

v 10.613977 1.513331 0.758591

v 10.613977 1.393337 0.757383

v 12.113976 1.513331 0.758591

v 13.973975 1.513331 0.758591

v 12.473976 1.528430 -0.741333

v 12.473976 1.513331 0.758591

v 13.973975 1.528430 -0.741333

v 13.973975 1.408436 -0.742541

v 13.973975 1.513331 0.758591

v 13.973975 1.393337 0.757383

v 13.973975 1.528430 -0.741333

v 12.473976 1.393337 0.757383

v 12.473976 1.528430 -0.741333

v 12.473976 1.408436 -0.742541

v 12.473976 1.513331 0.758591

v 12.473976 1.408436 -0.742541

v 13.973975 1.528430 -0.741333

v 13.973975 1.408436 -0.742541

v 12.473976 1.528430 -0.741333

v 13.973975 1.393337 0.757383

v 12.473976 1.513331 0.758591

v 12.473976 1.393337 0.757383

v 13.973975 1.513331 0.758591

v 15.833974 1.513331 0.758591

v 14.333975 1.528430 -0.741333

v 14.333975 1.513331 0.758591

v 15.833974 1.528430 -0.741333

v 15.833974 1.408436 -0.742541

v 15.833974 1.513331 0.758591

v 15.833974 1.393337 0.757383

v 15.833974 1.528430 -0.741333

v 14.333975 1.393337 0.757383

v 14.333975 1.528430 -0.741333

v 14.333975 1.408436 -0.742541

v 14.333975 1.513331 0.758591

v 14.333975 1.408436 -0.742541

v 15.833974 1.528430 -0.741333

v 15.833974 1.408436 -0.742541

v 14.333975 1.528430 -0.741333

v 15.833974 1.393337 0.757383

v 14.333975 1.513331 0.758591

v 14.333975 1.393337 0.757383

v 15.833974 1.513331 0.758591

v 10.253978 1.585805 -6.441046

v 7.823977 1.600904 -7.940969

v 7.823977 1.585805 -6.441046

v 10.253978 1.600904 -7.940969

v 10.253978 1.480910 -7.942177

v 10.253978 1.585805 -6.441046

v 10.253978 1.465811 -6.442253

v 10.253978 1.600904 -7.940969

v 7.823977 1.480910 -7.942177

v 7.823977 1.585805 -6.441046

v 7.823977 1.600904 -7.940969

v 7.823977 1.465811 -6.442253

v 7.823977 1.480910 -7.942177

v 10.253978 1.600904 -7.940969

v 10.253978 1.480910 -7.942177

v 7.823977 1.600904 -7.940969

v 10.253978 1.465811 -6.442253

v 7.823977 1.585805 -6.441046

v 7.823977 1.465811 -6.442253

v 10.253978 1.585805 -6.441046

v 13.973975 1.585805 -6.441046

v 12.473976 1.600904 -7.940969

v 12.473976 1.585805 -6.441046

v 13.973975 1.600904 -7.940969

v 13.973975 1.480910 -7.942177

v 13.973975 1.585805 -6.441046

v 13.973975 1.465811 -6.442253

v 13.973975 1.600904 -7.940969

v 12.473976 1.480910 -7.942177

v 12.473976 1.585805 -6.441046

v 12.473976 1.600904 -7.940969

v 12.473976 1.465811 -6.442253

v 12.473976 1.480910 -7.942177

v 13.973975 1.600904 -7.940969

v 13.973975 1.480910 -7.942177

v 12.473976 1.600904 -7.940969

v 13.973975 1.465811 -6.442253

v 12.473976 1.585805 -6.441046

v 12.473976 1.465811 -6.442253

v 13.973975 1.585805 -6.441046

v 15.833974 1.585805 -6.441046

v 14.333975 1.600904 -7.940969

v 14.333975 1.585805 -6.441046

v 15.833974 1.600904 -7.940969

v 15.833974 1.480910 -7.942177

v 15.833974 1.585805 -6.441046

v 15.833974 1.465811 -6.442253

v 15.833974 1.600904 -7.940969

v 14.333975 1.480910 -7.942177

v 14.333975 1.585805 -6.441046

v 14.333975 1.600904 -7.940969

v 14.333975 1.465811 -6.442253

v 14.333975 1.480910 -7.942177

v 15.833974 1.600904 -7.940969

v 15.833974 1.480910 -7.942177

v 14.333975 1.600904 -7.940969

v 15.833974 1.465811 -6.442253

v 14.333975 1.585805 -6.441046

v 14.333975 1.465811 -6.442253

v 15.833974 1.585805 -6.441046

v 12.113976 1.585805 -6.441046

v 10.613977 1.600904 -7.940969

v 10.613977 1.585805 -6.441046

v 12.113976 1.600904 -7.940969

v 12.113976 1.480910 -7.942177

v 12.113976 1.585805 -6.441046

v 12.113976 1.465811 -6.442253

v 12.113976 1.600904 -7.940969

v 10.613977 1.480910 -7.942177

v 10.613977 1.585805 -6.441046

v 10.613977 1.600904 -7.940969

v 10.613977 1.465811 -6.442253

v 10.613977 1.480910 -7.942177

v 12.113976 1.600904 -7.940969

v 12.113976 1.480910 -7.942177

v 10.613977 1.600904 -7.940969

v 12.113976 1.465811 -6.442253

v 10.613977 1.585805 -6.441046

v 10.613977 1.465811 -6.442253

v 12.113976 1.585805 -6.441046

v -13.926022 1.567686 -4.641136

v -15.891025 1.582785 -6.141060

v -15.891025 1.567686 -4.641136

v -13.926022 1.582785 -6.141060

v -13.926022 1.447692 -4.642344

v -13.926022 1.582785 -6.141060

v -13.926022 1.567686 -4.641136

v -13.926022 1.462791 -6.142268

v -15.891025 1.447692 -4.642344

v -15.891025 1.582785 -6.141060

v -15.891025 1.462791 -6.142268

v -15.891025 1.567686 -4.641136

v -15.891025 1.462791 -6.142268

v -13.926022 1.582785 -6.141060

v -13.926022 1.462791 -6.142268

v -15.891025 1.582785 -6.141060

v -13.926022 1.447692 -4.642344

v -15.891025 1.567686 -4.641136

v -15.891025 1.447692 -4.642344

v -13.926022 1.567686 -4.641136

v -11.601024 1.549568 -2.841227

v -13.101024 1.564667 -4.341151

v -13.101024 1.549568 -2.841227

v -11.601024 1.564667 -4.341151

v -11.601024 1.429574 -2.842435

v -11.601024 1.564667 -4.341151

v -11.601024 1.549568 -2.841227

v -11.601024 1.444673 -4.342359

v -13.101024 1.429574 -2.842435

v -13.101024 1.564667 -4.341151

v -13.101024 1.444673 -4.342359

v -13.101024 1.549568 -2.841227

v -13.101024 1.444673 -4.342359

v -11.601024 1.564667 -4.341151

v -11.601024 1.444673 -4.342359

v -13.101024 1.564667 -4.341151

v -11.601024 1.429574 -2.842435

v -13.101024 1.549568 -2.841227

v -13.101024 1.429574 -2.842435

v -11.601024 1.549568 -2.841227

v -9.741024 1.549568 -2.841227

v -11.241024 1.564667 -4.341151

v -11.241024 1.549568 -2.841227

v -9.741024 1.564667 -4.341151

v -9.741024 1.429574 -2.842435

v -9.741024 1.564667 -4.341151

v -9.741024 1.549568 -2.841227

v -9.741024 1.444673 -4.342359

v -11.241024 1.429574 -2.842435

v -11.241024 1.564667 -4.341151

v -11.241024 1.444673 -4.342359

v -11.241024 1.549568 -2.841227

v -11.241024 1.444673 -4.342359

v -9.741024 1.564667 -4.341151

v -9.741024 1.444673 -4.342359

v -11.241024 1.564667 -4.341151

v -9.741024 1.429574 -2.842435

v -11.241024 1.549568 -2.841227

v -11.241024 1.429574 -2.842435

v -9.741024 1.549568 -2.841227

v -7.881024 1.549568 -2.841227

v -9.381024 1.564667 -4.341151

v -9.381024 1.549568 -2.841227

v -7.881024 1.564667 -4.341151

v -7.881024 1.429574 -2.842435

v -7.881024 1.564667 -4.341151

v -7.881024 1.549568 -2.841227

v -7.881024 1.444673 -4.342359

v -9.381024 1.429574 -2.842435

v -9.381024 1.564667 -4.341151

v -9.381024 1.444673 -4.342359

v -9.381024 1.549568 -2.841227

v -9.381024 1.444673 -4.342359

v -7.881024 1.564667 -4.341151

v -7.881024 1.444673 -4.342359

v -9.381024 1.564667 -4.341151

v -7.881024 1.429574 -2.842435

v -9.381024 1.549568 -2.841227

v -9.381024 1.429574 -2.842435

v -7.881024 1.549568 -2.841227

v -6.021024 1.549568 -2.841227

v -7.521024 1.564667 -4.341151

v -7.521024 1.549568 -2.841227

v -6.021024 1.564667 -4.341151

v -6.021024 1.429574 -2.842435

v -6.021024 1.564667 -4.341151

v -6.021024 1.549568 -2.841227

v -6.021024 1.444673 -4.342359

v -7.521024 1.429574 -2.842435

v -7.521024 1.564667 -4.341151

v -7.521024 1.444673 -4.342359

v -7.521024 1.549568 -2.841227

v -7.521024 1.444673 -4.342359

v -6.021024 1.564667 -4.341151

v -6.021024 1.444673 -4.342359

v -7.521024 1.564667 -4.341151

v -6.021024 1.429574 -2.842435

v -7.521024 1.549568 -2.841227

v -7.521024 1.429574 -2.842435

v -6.021024 1.549568 -2.841227

v -4.161024 1.549568 -2.841227

v -5.661024 1.564667 -4.341151

v -5.661024 1.549568 -2.841227

v -4.161024 1.564667 -4.341151

v -4.161024 1.429574 -2.842435

v -4.161024 1.564667 -4.341151

v -4.161024 1.549568 -2.841227

v -4.161024 1.444673 -4.342359

v -5.661024 1.429574 -2.842435

v -5.661024 1.564667 -4.341151

v -5.661024 1.444673 -4.342359

v -5.661024 1.549568 -2.841227

v -5.661024 1.444673 -4.342359

v -4.161024 1.564667 -4.341151

v -4.161024 1.444673 -4.342359

v -5.661024 1.564667 -4.341151

v -4.161024 1.429574 -2.842435

v -5.661024 1.549568 -2.841227

v -5.661024 1.429574 -2.842435

v -4.161024 1.549568 -2.841227

v -2.301024 1.549568 -2.841227

v -3.801024 1.564667 -4.341151

v -3.801024 1.549568 -2.841227

v -2.301024 1.564667 -4.341151

v -2.301024 1.429574 -2.842435

v -2.301024 1.564667 -4.341151

v -2.301024 1.549568 -2.841227

v -2.301024 1.444673 -4.342359

v -3.801024 1.429574 -2.842435

v -3.801024 1.564667 -4.341151

v -3.801024 1.444673 -4.342359

v -3.801024 1.549568 -2.841227

v -3.801024 1.444673 -4.342359

v -2.301024 1.564667 -4.341151

v -2.301024 1.444673 -4.342359

v -3.801024 1.564667 -4.341151

v -2.301024 1.429574 -2.842435

v -3.801024 1.549568 -2.841227

v -3.801024 1.429574 -2.842435

v -2.301024 1.549568 -2.841227

v -0.441024 1.549568 -2.841227

v -1.941024 1.564667 -4.341151

v -1.941024 1.549568 -2.841227

v -0.441024 1.564667 -4.341151

v -0.441024 1.429574 -2.842435

v -0.441024 1.564667 -4.341151

v -0.441024 1.549568 -2.841227

v -0.441024 1.444673 -4.342359

v -1.941024 1.429574 -2.842435

v -1.941024 1.564667 -4.341151

v -1.941024 1.444673 -4.342359

v -1.941024 1.549568 -2.841227

v -1.941024 1.444673 -4.342359

v -0.441024 1.564667 -4.341151

v -0.441024 1.444673 -4.342359

v -1.941024 1.564667 -4.341151

v -0.441024 1.429574 -2.842435

v -1.941024 1.549568 -2.841227

v -1.941024 1.429574 -2.842435

v -0.441024 1.549568 -2.841227

v 1.418975 1.549568 -2.841227

v -0.081024 1.564667 -4.341151

v -0.081024 1.549568 -2.841227

v 1.418975 1.564667 -4.341151

v 1.418975 1.429574 -2.842435

v 1.418975 1.564667 -4.341151

v 1.418975 1.549568 -2.841227

v 1.418975 1.444673 -4.342359

v -0.081024 1.429574 -2.842435

v -0.081024 1.564667 -4.341151

v -0.081024 1.444673 -4.342359

v -0.081024 1.549568 -2.841227

v -0.081024 1.444673 -4.342359

v 1.418975 1.564667 -4.341151

v 1.418975 1.444673 -4.342359

v -0.081024 1.564667 -4.341151

v 1.418975 1.429574 -2.842435

v -0.081024 1.549568 -2.841227

v -0.081024 1.429574 -2.842435

v 1.418975 1.549568 -2.841227

v 3.278977 1.549568 -2.841227

v 1.778975 1.564667 -4.341151

v 1.778975 1.549568 -2.841227

v 3.278977 1.564667 -4.341151

v 3.278977 1.429574 -2.842435

v 3.278977 1.564667 -4.341151

v 3.278977 1.549568 -2.841227

v 3.278977 1.444673 -4.342359

v 1.778975 1.429574 -2.842435

v 1.778975 1.564667 -4.341151

v 1.778975 1.444673 -4.342359

v 1.778975 1.549568 -2.841227

v 1.778975 1.444673 -4.342359

v 3.278977 1.564667 -4.341151

v 3.278977 1.444673 -4.342359

v 1.778975 1.564667 -4.341151

v 3.278977 1.429574 -2.842435

v 1.778975 1.549568 -2.841227

v 1.778975 1.429574 -2.842435

v 3.278977 1.549568 -2.841227

v 5.138975 1.549568 -2.841227

v 3.638977 1.564667 -4.341151

v 3.638977 1.549568 -2.841227

v 5.138975 1.564667 -4.341151

v 5.138975 1.429574 -2.842435

v 5.138975 1.564667 -4.341151

v 5.138975 1.549568 -2.841227

v 5.138975 1.444673 -4.342359

v 3.638977 1.429574 -2.842435

v 3.638977 1.564667 -4.341151

v 3.638977 1.444673 -4.342359

v 3.638977 1.549568 -2.841227

v 3.638977 1.444673 -4.342359

v 5.138975 1.564667 -4.341151

v 5.138975 1.444673 -4.342359

v 3.638977 1.564667 -4.341151

v 5.138975 1.429574 -2.842435

v 3.638977 1.549568 -2.841227

v 3.638977 1.429574 -2.842435

v 5.138975 1.549568 -2.841227

v 6.998977 1.549568 -2.841227

v 5.498976 1.564667 -4.341151

v 5.498976 1.549568 -2.841227

v 6.998977 1.564667 -4.341151

v 6.998977 1.429574 -2.842435

v 6.998977 1.564667 -4.341151

v 6.998977 1.549568 -2.841227

v 6.998977 1.444673 -4.342359

v 5.498976 1.429574 -2.842435

v 5.498976 1.564667 -4.341151

v 5.498976 1.444673 -4.342359

v 5.498976 1.549568 -2.841227

v 5.498976 1.444673 -4.342359

v 6.998977 1.564667 -4.341151

v 6.998977 1.444673 -4.342359

v 5.498976 1.564667 -4.341151

v 6.998977 1.429574 -2.842435

v 5.498976 1.549568 -2.841227

v 5.498976 1.429574 -2.842435

v 6.998977 1.549568 -2.841227

v 10.253978 1.549568 -2.841227

v 7.358977 1.564667 -4.341151

v 7.358977 1.549568 -2.841227

v 10.253978 1.564667 -4.341151

v 10.253978 1.429574 -2.842435

v 10.253978 1.564667 -4.341151

v 10.253978 1.549568 -2.841227

v 10.253978 1.444673 -4.342359

v 7.358977 1.429574 -2.842435

v 7.358977 1.564667 -4.341151

v 7.358977 1.444673 -4.342359

v 7.358977 1.549568 -2.841227

v 7.358977 1.444673 -4.342359

v 10.253978 1.564667 -4.341151

v 10.253978 1.444673 -4.342359

v 7.358977 1.564667 -4.341151

v 10.253978 1.429574 -2.842435

v 7.358977 1.549568 -2.841227

v 7.358977 1.429574 -2.842435

v 10.253978 1.549568 -2.841227

v -13.461022 1.549568 -2.841227

v -15.891025 1.564667 -4.341151

v -15.891025 1.549568 -2.841227

v -13.461022 1.564667 -4.341151

v -13.461022 1.429574 -2.842435

v -13.461022 1.564667 -4.341151

v -13.461022 1.549568 -2.841227

v -13.461022 1.444673 -4.342359

v -15.891025 1.429574 -2.842435

v -15.891025 1.564667 -4.341151

v -15.891025 1.444673 -4.342359

v -15.891025 1.549568 -2.841227

v -15.891025 1.444673 -4.342359

v -13.461022 1.564667 -4.341151

v -13.461022 1.444673 -4.342359

v -15.891025 1.564667 -4.341151

v -13.461022 1.429574 -2.842435

v -15.891025 1.549568 -2.841227

v -15.891025 1.429574 -2.842435

v -13.461022 1.549568 -2.841227

v -10.671024 1.531450 -1.041318

v -12.171024 1.546548 -2.541243

v -12.171024 1.531450 -1.041318

v -10.671024 1.546548 -2.541243

v -10.671024 1.426554 -2.542450

v -10.671024 1.531450 -1.041318

v -10.671024 1.411456 -1.042526

v -10.671024 1.546548 -2.541243

v -12.171024 1.426554 -2.542450

v -12.171024 1.531450 -1.041318

v -12.171024 1.546548 -2.541243

v -12.171024 1.411456 -1.042526

v -12.171024 1.426554 -2.542450

v -10.671024 1.546548 -2.541243

v -10.671024 1.426554 -2.542450

v -12.171024 1.546548 -2.541243

v -10.671024 1.411456 -1.042526

v -12.171024 1.531450 -1.041318

v -12.171024 1.411456 -1.042526

v -10.671024 1.531450 -1.041318

v -8.811024 1.531450 -1.041318

v -10.311024 1.546548 -2.541243

v -10.311024 1.531450 -1.041318

v -8.811024 1.546548 -2.541243

v -8.811024 1.426554 -2.542450

v -8.811024 1.531450 -1.041318

v -8.811024 1.411456 -1.042526

v -8.811024 1.546548 -2.541243

v -10.311024 1.426554 -2.542450

v -10.311024 1.531450 -1.041318

v -10.311024 1.546548 -2.541243

v -10.311024 1.411456 -1.042526

v -10.311024 1.426554 -2.542450

v -8.811024 1.546548 -2.541243

v -8.811024 1.426554 -2.542450

v -10.311024 1.546548 -2.541243

v -8.811024 1.411456 -1.042526

v -10.311024 1.531450 -1.041318

v -10.311024 1.411456 -1.042526

v -8.811024 1.531450 -1.041318

v -6.951024 1.531450 -1.041318

v -8.451024 1.546548 -2.541243

v -8.451024 1.531450 -1.041318

v -6.951024 1.546548 -2.541243

v -6.951024 1.426554 -2.542450

v -6.951024 1.531450 -1.041318

v -6.951024 1.411456 -1.042526

v -6.951024 1.546548 -2.541243

v -8.451024 1.426554 -2.542450

v -8.451024 1.531450 -1.041318

v -8.451024 1.546548 -2.541243

v -8.451024 1.411456 -1.042526

v -8.451024 1.426554 -2.542450

v -6.951024 1.546548 -2.541243

v -6.951024 1.426554 -2.542450

v -8.451024 1.546548 -2.541243

v -6.951024 1.411456 -1.042526

v -8.451024 1.531450 -1.041318

v -8.451024 1.411456 -1.042526

v -6.951024 1.531450 -1.041318

v -5.091024 1.531450 -1.041318

v -6.591024 1.546548 -2.541243

v -6.591024 1.531450 -1.041318

v -5.091024 1.546548 -2.541243

v -5.091024 1.426554 -2.542450

v -5.091024 1.531450 -1.041318

v -5.091024 1.411456 -1.042526

v -5.091024 1.546548 -2.541243

v -6.591024 1.426554 -2.542450

v -6.591024 1.531450 -1.041318

v -6.591024 1.546548 -2.541243

v -6.591024 1.411456 -1.042526

v -6.591024 1.426554 -2.542450

v -5.091024 1.546548 -2.541243

v -5.091024 1.426554 -2.542450

v -6.591024 1.546548 -2.541243

v -5.091024 1.411456 -1.042526

v -6.591024 1.531450 -1.041318

v -6.591024 1.411456 -1.042526

v -5.091024 1.531450 -1.041318

v -3.231024 1.531450 -1.041318

v -4.731024 1.546548 -2.541243

v -4.731024 1.531450 -1.041318

v -3.231024 1.546548 -2.541243

v -3.231024 1.426554 -2.542450

v -3.231024 1.531450 -1.041318

v -3.231024 1.411456 -1.042526

v -3.231024 1.546548 -2.541243

v -4.731024 1.426554 -2.542450

v -4.731024 1.531450 -1.041318

v -4.731024 1.546548 -2.541243

v -4.731024 1.411456 -1.042526

v -4.731024 1.426554 -2.542450

v -3.231024 1.546548 -2.541243

v -3.231024 1.426554 -2.542450

v -4.731024 1.546548 -2.541243

v -3.231024 1.411456 -1.042526

v -4.731024 1.531450 -1.041318

v -4.731024 1.411456 -1.042526

v -3.231024 1.531450 -1.041318

v -1.371024 1.531450 -1.041318

v -2.871024 1.546548 -2.541243

v -2.871024 1.531450 -1.041318

v -1.371024 1.546548 -2.541243

v -1.371024 1.426554 -2.542450

v -1.371024 1.531450 -1.041318

v -1.371024 1.411456 -1.042526

v -1.371024 1.546548 -2.541243

v -2.871024 1.426554 -2.542450

v -2.871024 1.531450 -1.041318

v -2.871024 1.546548 -2.541243

v -2.871024 1.411456 -1.042526

v -2.871024 1.426554 -2.542450

v -1.371024 1.546548 -2.541243

v -1.371024 1.426554 -2.542450

v -2.871024 1.546548 -2.541243

v -1.371024 1.411456 -1.042526

v -2.871024 1.531450 -1.041318

v -2.871024 1.411456 -1.042526

v -1.371024 1.531450 -1.041318

v 0.488976 1.531450 -1.041318

v -1.011023 1.546548 -2.541243

v -1.011023 1.531450 -1.041318

v 0.488976 1.546548 -2.541243

v 0.488976 1.426554 -2.542450

v 0.488976 1.531450 -1.041318

v 0.488976 1.411456 -1.042526

v 0.488976 1.546548 -2.541243

v -1.011023 1.426554 -2.542450

v -1.011023 1.531450 -1.041318

v -1.011023 1.546548 -2.541243

v -1.011023 1.411456 -1.042526

v -1.011023 1.426554 -2.542450

v 0.488976 1.546548 -2.541243

v 0.488976 1.426554 -2.542450

v -1.011023 1.546548 -2.541243

v 0.488976 1.411456 -1.042526

v -1.011023 1.531450 -1.041318

v -1.011023 1.411456 -1.042526

v 0.488976 1.531450 -1.041318

v 2.348974 1.531450 -1.041318

v 0.848976 1.546548 -2.541243

v 0.848976 1.531450 -1.041318

v 2.348974 1.546548 -2.541243

v 2.348974 1.426554 -2.542450

v 2.348974 1.531450 -1.041318

v 2.348974 1.411456 -1.042526

v 2.348974 1.546548 -2.541243

v 0.848976 1.426554 -2.542450

v 0.848976 1.531450 -1.041318

v 0.848976 1.546548 -2.541243

v 0.848976 1.411456 -1.042526

v 0.848976 1.426554 -2.542450

v 2.348974 1.546548 -2.541243

v 2.348974 1.426554 -2.542450

v 0.848976 1.546548 -2.541243

v 2.348974 1.411456 -1.042526

v 0.848976 1.531450 -1.041318

v 0.848976 1.411456 -1.042526

v 2.348974 1.531450 -1.041318

v 4.208976 1.531450 -1.041318

v 2.708974 1.546548 -2.541243

v 2.708974 1.531450 -1.041318

v 4.208976 1.546548 -2.541243

v 4.208976 1.426554 -2.542450

v 4.208976 1.531450 -1.041318

v 4.208976 1.411456 -1.042526

v 4.208976 1.546548 -2.541243

v 2.708974 1.426554 -2.542450

v 2.708974 1.531450 -1.041318

v 2.708974 1.546548 -2.541243

v 2.708974 1.411456 -1.042526

v 2.708974 1.426554 -2.542450

v 4.208976 1.546548 -2.541243

v 4.208976 1.426554 -2.542450

v 2.708974 1.546548 -2.541243

v 4.208976 1.411456 -1.042526

v 2.708974 1.531450 -1.041318

v 2.708974 1.411456 -1.042526

v 4.208976 1.531450 -1.041318

v 6.068974 1.531450 -1.041318

v 4.568976 1.546548 -2.541243

v 4.568976 1.531450 -1.041318

v 6.068974 1.546548 -2.541243

v 6.068974 1.426554 -2.542450

v 6.068974 1.531450 -1.041318

v 6.068974 1.411456 -1.042526

v 6.068974 1.546548 -2.541243

v 4.568976 1.426554 -2.542450

v 4.568976 1.531450 -1.041318

v 4.568976 1.546548 -2.541243

v 4.568976 1.411456 -1.042526

v 4.568976 1.426554 -2.542450

v 6.068974 1.546548 -2.541243

v 6.068974 1.426554 -2.542450

v 4.568976 1.546548 -2.541243

v 6.068974 1.411456 -1.042526

v 4.568976 1.531450 -1.041318

v 4.568976 1.411456 -1.042526

v 6.068974 1.531450 -1.041318

v 10.253978 1.531450 -1.041318

v 6.428975 1.546548 -2.541243

v 6.428975 1.531450 -1.041318

v 10.253978 1.546548 -2.541243

v 10.253978 1.426554 -2.542450

v 10.253978 1.531450 -1.041318

v 10.253978 1.411456 -1.042526

v 10.253978 1.546548 -2.541243

v 6.428975 1.426554 -2.542450

v 6.428975 1.531450 -1.041318

v 6.428975 1.546548 -2.541243

v 6.428975 1.411456 -1.042526

v 6.428975 1.426554 -2.542450

v 10.253978 1.546548 -2.541243

v 10.253978 1.426554 -2.542450

v 6.428975 1.546548 -2.541243

v 10.253978 1.411456 -1.042526

v 6.428975 1.531450 -1.041318

v 6.428975 1.411456 -1.042526

v 10.253978 1.531450 -1.041318

v -12.531024 1.531450 -1.041318

v -15.891025 1.546548 -2.541243

v -15.891025 1.531450 -1.041318

v -12.531024 1.546548 -2.541243

v -12.531024 1.426554 -2.542450

v -12.531024 1.531450 -1.041318

v -12.531024 1.411456 -1.042526

v -12.531024 1.546548 -2.541243

v -15.891025 1.426554 -2.542450

v -15.891025 1.531450 -1.041318

v -15.891025 1.546548 -2.541243

v -15.891025 1.411456 -1.042526

v -15.891025 1.426554 -2.542450

v -12.531024 1.546548 -2.541243

v -12.531024 1.426554 -2.542450

v -15.891025 1.546548 -2.541243

v -12.531024 1.411456 -1.042526

v -15.891025 1.531450 -1.041318

v -15.891025 1.411456 -1.042526

v -12.531024 1.531450 -1.041318

v 0.488976 1.513331 0.758590

v -8.451024 1.528430 -0.741334

v -8.451024 1.513331 0.758590

v 0.488976 1.528430 -0.741334

v 0.488976 1.408436 -0.742542

v 0.488976 1.513331 0.758590

v 0.488976 1.393337 0.757383

v 0.488976 1.528430 -0.741334

v -8.451024 1.393337 0.757383

v -8.451024 1.528430 -0.741334

v -8.451024 1.408436 -0.742542

v -8.451024 1.513331 0.758590

v -8.451024 1.408436 -0.742542

v 0.488976 1.528430 -0.741334

v 0.488976 1.408436 -0.742542

v -8.451024 1.528430 -0.741334

v 0.488976 1.393337 0.757383

v -8.451024 1.513331 0.758590

v -8.451024 1.393337 0.757383

v 0.488976 1.513331 0.758590

v -10.671024 1.513331 0.758590

v -12.171024 1.528430 -0.741334

v -12.171024 1.513331 0.758590

v -10.671024 1.528430 -0.741334

v -10.671024 1.408436 -0.742542

v -10.671024 1.513331 0.758590

v -10.671024 1.393337 0.757383

v -10.671024 1.528430 -0.741334

v -12.171024 1.393337 0.757383

v -12.171024 1.528430 -0.741334

v -12.171024 1.408436 -0.742542

v -12.171024 1.513331 0.758590

v -12.171024 1.408436 -0.742542

v -10.671024 1.528430 -0.741334

v -10.671024 1.408436 -0.742542

v -12.171024 1.528430 -0.741334

v -10.671024 1.393337 0.757383

v -12.171024 1.513331 0.758590

v -12.171024 1.393337 0.757383

v -10.671024 1.513331 0.758590

v -12.531024 1.513331 0.758590

v -14.031024 1.528430 -0.741334

v -14.031024 1.513331 0.758590

v -12.531024 1.528430 -0.741334

v -12.531024 1.408436 -0.742542

v -12.531024 1.513331 0.758590

v -12.531024 1.393337 0.757383

v -12.531024 1.528430 -0.741334

v -14.031024 1.393337 0.757383

v -14.031024 1.528430 -0.741334

v -14.031024 1.408436 -0.742542

v -14.031024 1.513331 0.758590

v -14.031024 1.408436 -0.742542

v -12.531024 1.528430 -0.741334

v -12.531024 1.408436 -0.742542

v -14.031024 1.528430 -0.741334

v -12.531024 1.393337 0.757383

v -14.031024 1.513331 0.758590

v -14.031024 1.393337 0.757383

v -12.531024 1.513331 0.758590

v -14.391023 1.513331 0.758590

v -15.891025 1.528430 -0.741334

v -15.891025 1.513331 0.758590

v -14.391023 1.528430 -0.741334

v -14.391023 1.408436 -0.742542

v -14.391023 1.513331 0.758590

v -14.391023 1.393337 0.757383

v -14.391023 1.528430 -0.741334

v -15.891025 1.393337 0.757383

v -15.891025 1.528430 -0.741334

v -15.891025 1.408436 -0.742542

v -15.891025 1.513331 0.758590

v -15.891025 1.408436 -0.742542

v -14.391023 1.528430 -0.741334

v -14.391023 1.408436 -0.742542

v -15.891025 1.528430 -0.741334

v -14.391023 1.393337 0.757383

v -15.891025 1.513331 0.758590

v -15.891025 1.393337 0.757383

v -14.391023 1.513331 0.758590

v -8.811024 1.513331 0.758590

v -10.311024 1.528430 -0.741334

v -10.311024 1.513331 0.758590

v -8.811024 1.528430 -0.741334

v -8.811024 1.408436 -0.742542

v -8.811024 1.513331 0.758590

v -8.811024 1.393337 0.757383

v -8.811024 1.528430 -0.741334

v -10.311024 1.393337 0.757383

v -10.311024 1.528430 -0.741334

v -10.311024 1.408436 -0.742542

v -10.311024 1.513331 0.758590

v -10.311024 1.408436 -0.742542

v -8.811024 1.528430 -0.741334

v -8.811024 1.408436 -0.742542

v -10.311024 1.528430 -0.741334

v -8.811024 1.393337 0.757383

v -10.311024 1.513331 0.758590

v -10.311024 1.393337 0.757383

v -8.811024 1.513331 0.758590

v 4.208976 1.513331 0.758590

v 2.708977 1.528430 -0.741334

v 2.708977 1.513331 0.758590

v 4.208976 1.528430 -0.741334

v 4.208976 1.408436 -0.742542

v 4.208976 1.513331 0.758590

v 4.208976 1.393337 0.757383

v 4.208976 1.528430 -0.741334

v 2.708977 1.393337 0.757383

v 2.708977 1.528430 -0.741334

v 2.708977 1.408436 -0.742542

v 2.708977 1.513331 0.758590

v 2.708977 1.408436 -0.742542

v 4.208976 1.528430 -0.741334

v 4.208976 1.408436 -0.742542

v 2.708977 1.528430 -0.741334

v 4.208976 1.393337 0.757383

v 2.708977 1.513331 0.758590

v 2.708977 1.393337 0.757383

v 4.208976 1.513331 0.758590

v 2.348977 1.513331 0.758590

v 0.848977 1.528430 -0.741334

v 0.848977 1.513331 0.758590

v 2.348977 1.528430 -0.741334

v 2.348977 1.408436 -0.742542

v 2.348977 1.513331 0.758590

v 2.348977 1.393337 0.757383

v 2.348977 1.528430 -0.741334

v 0.848977 1.393337 0.757383

v 0.848977 1.528430 -0.741334

v 0.848977 1.408436 -0.742542

v 0.848977 1.513331 0.758590

v 0.848977 1.408436 -0.742542

v 2.348977 1.528430 -0.741334

v 2.348977 1.408436 -0.742542

v 0.848977 1.528430 -0.741334

v 2.348977 1.393337 0.757383

v 0.848977 1.513331 0.758590

v 0.848977 1.393337 0.757383

v 2.348977 1.513331 0.758590

v 15.833974 1.603923 -8.240953

v 14.333975 1.611976 -9.040913

v 14.333975 1.603923 -8.240953

v 15.833974 1.611976 -9.040913

v 15.833974 1.491982 -9.042121

v 15.833974 1.603923 -8.240953

v 15.833974 1.483929 -8.242162

v 15.833974 1.611976 -9.040913

v 14.333975 1.491982 -9.042121

v 14.333975 1.603923 -8.240953

v 14.333975 1.611976 -9.040913

v 14.333975 1.483929 -8.242162

v 14.333975 1.491982 -9.042121

v 15.833974 1.611976 -9.040913

v 15.833974 1.491982 -9.042121

v 14.333975 1.611976 -9.040913

v 15.833974 1.483929 -8.242162

v 14.333975 1.603923 -8.240953

v 14.333975 1.483929 -8.242162

v 15.833974 1.603923 -8.240953

v 13.973975 1.603923 -8.240953

v 12.473973 1.611976 -9.040913

v 12.473973 1.603923 -8.240953

v 13.973975 1.611976 -9.040913

v 13.973975 1.491982 -9.042121

v 13.973975 1.603923 -8.240953

v 13.973975 1.483929 -8.242162

v 13.973975 1.611976 -9.040913

v 12.473973 1.491982 -9.042121

v 12.473973 1.603923 -8.240953

v 12.473973 1.611976 -9.040913

v 12.473973 1.483929 -8.242162

v 12.473973 1.491982 -9.042121

v 13.973975 1.611976 -9.040913

v 13.973975 1.491982 -9.042121

v 12.473973 1.611976 -9.040913

v 13.973975 1.483929 -8.242162

v 12.473973 1.603923 -8.240953

v 12.473973 1.483929 -8.242162

v 13.973975 1.603923 -8.240953

v 12.113974 1.603923 -8.240953

v 10.613975 1.611976 -9.040913

v 10.613975 1.603923 -8.240953

v 12.113974 1.611976 -9.040913

v 12.113974 1.491982 -9.042121

v 12.113974 1.603923 -8.240953

v 12.113974 1.483929 -8.242162

v 12.113974 1.611976 -9.040913

v 10.613975 1.491982 -9.042121

v 10.613975 1.603923 -8.240953

v 10.613975 1.611976 -9.040913

v 10.613975 1.483929 -8.242162

v 10.613975 1.491982 -9.042121

v 12.113974 1.611976 -9.040913

v 12.113974 1.491982 -9.042121

v 10.613975 1.611976 -9.040913

v 12.113974 1.483929 -8.242162

v 10.613975 1.603923 -8.240953

v 10.613975 1.483929 -8.242162

v 12.113974 1.603923 -8.240953

v 10.253978 1.603923 -8.240953

v 8.953979 1.611976 -9.040913

v 8.953979 1.603923 -8.240953

v 10.253978 1.611976 -9.040913

v 10.253978 1.491982 -9.042121

v 10.253978 1.603923 -8.240953

v 10.253978 1.483929 -8.242162

v 10.253978 1.611976 -9.040913

v 8.953979 1.491982 -9.042121

v 8.953979 1.603923 -8.240953

v 8.953979 1.611976 -9.040913

v 8.953979 1.483929 -8.242162

v 8.953979 1.491982 -9.042121

v 10.253978 1.611976 -9.040913

v 10.253978 1.491982 -9.042121

v 8.953979 1.611976 -9.040913

v 10.253978 1.483929 -8.242162

v 8.953979 1.603923 -8.240953

v 8.953979 1.483929 -8.242162

v 10.253978 1.603923 -8.240953

v 8.597629 1.603923 -8.240953

v 7.297629 1.611976 -9.040913

v 7.297629 1.603923 -8.240953

v 8.597629 1.611976 -9.040913

v 8.597629 1.491982 -9.042121

v 8.597629 1.603923 -8.240953

v 8.597629 1.483929 -8.242162

v 8.597629 1.611976 -9.040913

v 7.297629 1.491982 -9.042121

v 7.297629 1.603923 -8.240953

v 7.297629 1.611976 -9.040913

v 7.297629 1.483929 -8.242162

v 7.297629 1.491982 -9.042121

v 8.597629 1.611976 -9.040913

v 8.597629 1.491982 -9.042121

v 7.297629 1.611976 -9.040913

v 8.597629 1.483929 -8.242162

v 7.297629 1.603923 -8.240953

v 7.297629 1.483929 -8.242162

v 8.597629 1.603923 -8.240953

v 6.941278 1.603923 -8.240953

v 5.641279 1.611976 -9.040913

v 5.641279 1.603923 -8.240953

v 6.941278 1.611976 -9.040913

v 6.941278 1.491982 -9.042121

v 6.941278 1.603923 -8.240953

v 6.941278 1.483929 -8.242162

v 6.941278 1.611976 -9.040913

v 5.641279 1.491982 -9.042121

v 5.641279 1.603923 -8.240953

v 5.641279 1.611976 -9.040913

v 5.641279 1.483929 -8.242162

v 5.641279 1.491982 -9.042121

v 6.941278 1.611976 -9.040913

v 6.941278 1.491982 -9.042121

v 5.641279 1.611976 -9.040913

v 6.941278 1.483929 -8.242162

v 5.641279 1.603923 -8.240953

v 5.641279 1.483929 -8.242162

v 6.941278 1.603923 -8.240953

v 5.284928 1.603923 -8.240953

v 3.984928 1.611976 -9.040913

v 3.984928 1.603923 -8.240953

v 5.284928 1.611976 -9.040913

v 5.284928 1.491982 -9.042121

v 5.284928 1.603923 -8.240953

v 5.284928 1.483929 -8.242162

v 5.284928 1.611976 -9.040913

v 3.984928 1.491982 -9.042121

v 3.984928 1.603923 -8.240953

v 3.984928 1.611976 -9.040913

v 3.984928 1.483929 -8.242162

v 3.984928 1.491982 -9.042121

v 5.284928 1.611976 -9.040913

v 5.284928 1.491982 -9.042121

v 3.984928 1.611976 -9.040913

v 5.284928 1.483929 -8.242162

v 3.984928 1.603923 -8.240953

v 3.984928 1.483929 -8.242162

v 5.284928 1.603923 -8.240953

v 3.628579 1.603923 -8.240953

v 2.328578 1.611976 -9.040913

v 2.328578 1.603923 -8.240953

v 3.628579 1.611976 -9.040913

v 3.628579 1.491982 -9.042121

v 3.628579 1.603923 -8.240953

v 3.628579 1.483929 -8.242162

v 3.628579 1.611976 -9.040913

v 2.328578 1.491982 -9.042121

v 2.328578 1.603923 -8.240953

v 2.328578 1.611976 -9.040913

v 2.328578 1.483929 -8.242162

v 2.328578 1.491982 -9.042121

v 3.628579 1.611976 -9.040913

v 3.628579 1.491982 -9.042121

v 2.328578 1.611976 -9.040913

v 3.628579 1.483929 -8.242162

v 2.328578 1.603923 -8.240953

v 2.328578 1.483929 -8.242162

v 3.628579 1.603923 -8.240953

v 1.972228 1.603923 -8.240953

v 0.672227 1.611976 -9.040913

v 0.672227 1.603923 -8.240953

v 1.972228 1.611976 -9.040913

v 1.972228 1.491982 -9.042121

v 1.972228 1.603923 -8.240953

v 1.972228 1.483929 -8.242162

v 1.972228 1.611976 -9.040913

v 0.672227 1.491982 -9.042121

v 0.672227 1.603923 -8.240953

v 0.672227 1.611976 -9.040913

v 0.672227 1.483929 -8.242162

v 0.672227 1.491982 -9.042121

v 1.972228 1.611976 -9.040913

v 1.972228 1.491982 -9.042121

v 0.672227 1.611976 -9.040913

v 1.972228 1.483929 -8.242162

v 0.672227 1.603923 -8.240953

v 0.672227 1.483929 -8.242162

v 1.972228 1.603923 -8.240953

v 0.315878 1.603923 -8.240953

v -0.984123 1.611976 -9.040913

v -0.984123 1.603923 -8.240953

v 0.315878 1.611976 -9.040913

v 0.315878 1.491982 -9.042121

v 0.315878 1.603923 -8.240953

v 0.315878 1.483929 -8.242162

v 0.315878 1.611976 -9.040913

v -0.984123 1.491982 -9.042121

v -0.984123 1.603923 -8.240953

v -0.984123 1.611976 -9.040913

v -0.984123 1.483929 -8.242162

v -0.984123 1.491982 -9.042121

v 0.315878 1.611976 -9.040913

v 0.315878 1.491982 -9.042121

v -0.984123 1.611976 -9.040913

v 0.315878 1.483929 -8.242162

v -0.984123 1.603923 -8.240953

v -0.984123 1.483929 -8.242162

v 0.315878 1.603923 -8.240953

v -1.340473 1.603923 -8.240953

v -2.640474 1.611976 -9.040913

v -2.640474 1.603923 -8.240953

v -1.340473 1.611976 -9.040913

v -1.340473 1.491982 -9.042121

v -1.340473 1.603923 -8.240953

v -1.340473 1.483929 -8.242162

v -1.340473 1.611976 -9.040913

v -2.640474 1.491982 -9.042121

v -2.640474 1.603923 -8.240953

v -2.640474 1.611976 -9.040913

v -2.640474 1.483929 -8.242162

v -2.640474 1.491982 -9.042121

v -1.340473 1.611976 -9.040913

v -1.340473 1.491982 -9.042121

v -2.640474 1.611976 -9.040913

v -1.340473 1.483929 -8.242162

v -2.640474 1.603923 -8.240953

v -2.640474 1.483929 -8.242162

v -1.340473 1.603923 -8.240953

v -2.996823 1.603923 -8.240953

v -4.296824 1.611976 -9.040913

v -4.296824 1.603923 -8.240953

v -2.996823 1.611976 -9.040913

v -2.996823 1.491982 -9.042121

v -2.996823 1.603923 -8.240953

v -2.996823 1.483929 -8.242162

v -2.996823 1.611976 -9.040913

v -4.296824 1.491982 -9.042121

v -4.296824 1.603923 -8.240953

v -4.296824 1.611976 -9.040913

v -4.296824 1.483929 -8.242162

v -4.296824 1.491982 -9.042121

v -2.996823 1.611976 -9.040913

v -2.996823 1.491982 -9.042121

v -4.296824 1.611976 -9.040913

v -2.996823 1.483929 -8.242162

v -4.296824 1.603923 -8.240953

v -4.296824 1.483929 -8.242162

v -2.996823 1.603923 -8.240953

v -4.653173 1.603923 -8.240953

v -5.953175 1.611976 -9.040913

v -5.953175 1.603923 -8.240953

v -4.653173 1.611976 -9.040913

v -4.653173 1.491982 -9.042121

v -4.653173 1.603923 -8.240953

v -4.653173 1.483929 -8.242162

v -4.653173 1.611976 -9.040913

v -5.953175 1.491982 -9.042121

v -5.953175 1.603923 -8.240953

v -5.953175 1.611976 -9.040913

v -5.953175 1.483929 -8.242162

v -5.953175 1.491982 -9.042121

v -4.653173 1.611976 -9.040913

v -4.653173 1.491982 -9.042121

v -5.953175 1.611976 -9.040913

v -4.653173 1.483929 -8.242162

v -5.953175 1.603923 -8.240953

v -5.953175 1.483929 -8.242162

v -4.653173 1.603923 -8.240953

v -6.309524 1.603923 -8.240953

v -7.609525 1.611976 -9.040913

v -7.609525 1.603923 -8.240953

v -6.309524 1.611976 -9.040913

v -6.309524 1.491982 -9.042121

v -6.309524 1.603923 -8.240953

v -6.309524 1.483929 -8.242162

v -6.309524 1.611976 -9.040913

v -7.609525 1.491982 -9.042121

v -7.609525 1.603923 -8.240953

v -7.609525 1.611976 -9.040913

v -7.609525 1.483929 -8.242162

v -7.609525 1.491982 -9.042121

v -6.309524 1.611976 -9.040913

v -6.309524 1.491982 -9.042121

v -7.609525 1.611976 -9.040913

v -6.309524 1.483929 -8.242162

v -7.609525 1.603923 -8.240953

v -7.609525 1.483929 -8.242162

v -6.309524 1.603923 -8.240953

v -7.965875 1.603923 -8.240953

v -9.265876 1.611976 -9.040913

v -9.265876 1.603923 -8.240953

v -7.965875 1.611976 -9.040913

v -7.965875 1.491982 -9.042121

v -7.965875 1.603923 -8.240953

v -7.965875 1.483929 -8.242162

v -7.965875 1.611976 -9.040913

v -9.265876 1.491982 -9.042121

v -9.265876 1.603923 -8.240953

v -9.265876 1.611976 -9.040913

v -9.265876 1.483929 -8.242162

v -9.265876 1.491982 -9.042121

v -7.965875 1.611976 -9.040913

v -7.965875 1.491982 -9.042121

v -9.265876 1.611976 -9.040913

v -7.965875 1.483929 -8.242162

v -9.265876 1.603923 -8.240953

v -9.265876 1.483929 -8.242162

v -7.965875 1.603923 -8.240953

v -9.622225 1.603923 -8.240953

v -10.922226 1.611976 -9.040913

v -10.922226 1.603923 -8.240953

v -9.622225 1.611976 -9.040913

v -9.622225 1.491982 -9.042121

v -9.622225 1.603923 -8.240953

v -9.622225 1.483929 -8.242162

v -9.622225 1.611976 -9.040913

v -10.922226 1.491982 -9.042121

v -10.922226 1.603923 -8.240953

v -10.922226 1.611976 -9.040913

v -10.922226 1.483929 -8.242162

v -10.922226 1.491982 -9.042121

v -9.622225 1.611976 -9.040913

v -9.622225 1.491982 -9.042121

v -10.922226 1.611976 -9.040913

v -9.622225 1.483929 -8.242162

v -10.922226 1.603923 -8.240953

v -10.922226 1.483929 -8.242162

v -9.622225 1.603923 -8.240953

v -11.278576 1.603923 -8.240953

v -12.578577 1.611976 -9.040913

v -12.578577 1.603923 -8.240953

v -11.278576 1.611976 -9.040913

v -11.278576 1.491982 -9.042121

v -11.278576 1.603923 -8.240953

v -11.278576 1.483929 -8.242162

v -11.278576 1.611976 -9.040913

v -12.578577 1.491982 -9.042121

v -12.578577 1.603923 -8.240953

v -12.578577 1.611976 -9.040913

v -12.578577 1.483929 -8.242162

v -12.578577 1.491982 -9.042121

v -11.278576 1.611976 -9.040913

v -11.278576 1.491982 -9.042121

v -12.578577 1.611976 -9.040913

v -11.278576 1.483929 -8.242162

v -12.578577 1.603923 -8.240953

v -12.578577 1.483929 -8.242162

v -11.278576 1.603923 -8.240953

v -12.934926 1.603923 -8.240953

v -14.234927 1.611976 -9.040913

v -14.234927 1.603923 -8.240953

v -12.934926 1.611976 -9.040913

v -12.934926 1.491982 -9.042121

v -12.934926 1.603923 -8.240953

v -12.934926 1.483929 -8.242162

v -12.934926 1.611976 -9.040913

v -14.234927 1.491982 -9.042121

v -14.234927 1.603923 -8.240953

v -14.234927 1.611976 -9.040913

v -14.234927 1.483929 -8.242162

v -14.234927 1.491982 -9.042121

v -12.934926 1.611976 -9.040913

v -12.934926 1.491982 -9.042121

v -14.234927 1.611976 -9.040913

v -12.934926 1.483929 -8.242162

v -14.234927 1.603923 -8.240953

v -14.234927 1.483929 -8.242162

v -12.934926 1.603923 -8.240953

v -14.591276 1.603923 -8.240953

v -15.891277 1.611976 -9.040913

v -15.891277 1.603923 -8.240953

v -14.591276 1.611976 -9.040913

v -14.591276 1.491982 -9.042121

v -14.591276 1.603923 -8.240953

v -14.591276 1.483929 -8.242162

v -14.591276 1.611976 -9.040913

v -15.891277 1.491982 -9.042121

v -15.891277 1.603923 -8.240953

v -15.891277 1.611976 -9.040913

v -15.891277 1.483929 -8.242162

v -15.891277 1.491982 -9.042121

v -14.591276 1.611976 -9.040913

v -14.591276 1.491982 -9.042121

v -15.891277 1.611976 -9.040913

v -14.591276 1.483929 -8.242162

v -15.891277 1.603923 -8.240953

v -15.891277 1.483929 -8.242162

v -14.591276 1.603923 -8.240953

v 10.253978 1.513331 0.758590

v 8.598977 1.519874 0.108624

v 8.598977 1.513331 0.758590

v 10.253978 1.519874 0.108624

v 10.253978 1.399880 0.107416

v 10.253978 1.513331 0.758590

v 10.253978 1.393337 0.757383

v 10.253978 1.519874 0.108624

v 4.568976 1.399880 0.107416

v 4.568976 1.513331 0.758590

v 4.568976 1.519874 0.108624

v 4.568976 1.393337 0.757383

v 4.568976 1.399880 0.107416

v 6.223978 1.519874 0.108624

v 6.223978 1.399880 0.107416

v 4.568976 1.519874 0.108624

v 10.253978 1.393337 0.757383

v 8.598977 1.513331 0.758590

v 8.598977 1.393337 0.757383

v 10.253978 1.513331 0.758590

v 6.223978 1.393337 0.757383

v 4.568976 1.513331 0.758590

v 4.568976 1.393337 0.757383

v 6.223978 1.513331 0.758590

v 8.598977 1.399880 0.107416

v 10.253978 1.519874 0.108624

v 10.253978 1.399880 0.107416

v 8.598977 1.519874 0.108624

v 6.223978 1.513331 0.758590

v 4.568976 1.519874 0.108624

v 4.568976 1.513331 0.758590

v 6.223978 1.519874 0.108624

v 8.598977 1.513331 0.758590

v 8.598977 1.399880 0.107416

v 8.598977 1.393337 0.757383

v 8.598977 1.519874 0.108624

v 8.238977 1.408436 -0.742542

v 8.238977 1.521887 -0.091367

v 8.238977 1.401893 -0.092575

v 8.238977 1.528430 -0.741334

v 6.583978 1.408436 -0.742542

v 8.238977 1.528430 -0.741334

v 8.238977 1.408436 -0.742542

v 6.583978 1.528430 -0.741334

v 8.238977 1.513331 0.758590

v 6.583978 1.519874 0.108624

v 6.583978 1.513331 0.758590

v 8.238977 1.519874 0.108624

v 6.223978 1.513331 0.758590

v 6.223978 1.399880 0.107416

v 6.223978 1.519874 0.108624

v 6.223978 1.393337 0.757383

v 6.583978 1.513331 0.758590

v 6.583978 1.399880 0.107416

v 6.583978 1.393337 0.757383

v 6.583978 1.519874 0.108624

v 8.238977 1.393337 0.757383

v 6.583978 1.513331 0.758590

v 6.583978 1.393337 0.757383

v 8.238977 1.513331 0.758590

v 6.583978 1.521887 -0.091367

v 6.583978 1.408436 -0.742542

v 6.583978 1.401893 -0.092575

v 6.583978 1.528430 -0.741334

v 8.238977 1.521887 -0.091367

v 6.583978 1.528430 -0.741334

v 6.583978 1.521887 -0.091367

v 8.238977 1.528430 -0.741334

v 8.238977 1.399880 0.107416

v 6.583978 1.519874 0.108624

v 8.238977 1.519874 0.108624

v 6.583978 1.399880 0.107416

v 6.583978 1.521887 -0.091367

v 8.238977 1.401893 -0.092575

v 8.238977 1.521887 -0.091367

v 6.583978 1.401893 -0.092575

v 8.238977 1.399880 0.107416

v 8.238977 1.513331 0.758590

v 8.238977 1.393337 0.757383

v 8.238977 1.519874 0.108624

v 17.842505 1.302345 11.783597

v 17.888952 1.302698 11.748486

v 17.925606 1.303146 11.703987

v 17.788052 1.302079 11.809985

v 17.953156 1.303671 11.651817

v 17.727999 1.301889 11.828891

v 17.972889 1.304251 11.594270

v 17.986122 1.304861 11.533644

v 17.664757 1.301761 11.841565

v 17.994146 1.305479 11.472235

v 17.600723 1.301684 11.849252

v 17.998270 1.306082 11.412344

v 17.538309 1.301644 11.853201

v 18.000002 1.307149 11.306301

v 17.427963 1.301627 11.854864

v 15.408711 1.528189 -10.652040

v 18.000002 1.533590 -11.188598

v 13.551029 1.528189 -10.652040

v 17.427965 1.539180 -11.743944

v 15.408712 1.539180 -11.743944

v 17.538311 1.539163 -11.742259

v 17.998268 1.534666 -11.295501

v 17.994148 1.535276 -11.356054

v 17.600723 1.539123 -11.738255

v 17.664757 1.539045 -11.730454

v 17.986122 1.535902 -11.418213

v 17.727999 1.538915 -11.717595

v 17.972889 1.536520 -11.479632

v 17.953156 1.537107 -11.537972

v 17.788052 1.538722 -11.698415

v 17.925606 1.537640 -11.590884

v 17.842505 1.538453 -11.671644

v 17.888952 1.538094 -11.636024

v 13.551031 1.539180 -11.743944

v -13.551031 1.539180 -11.743944

v -13.551029 1.528189 -10.652040

v -17.427963 1.301627 11.854864

v -15.408711 1.528189 -10.652040

v -18.000002 1.307149 11.306301

v -17.538309 1.301644 11.853201

v -17.998270 1.306082 11.412344

v -17.600723 1.301684 11.849252

v -17.994146 1.305479 11.472235

v -17.664757 1.301761 11.841565

v -17.986122 1.304861 11.533644

v -17.727999 1.301889 11.828891

v -17.972889 1.304251 11.594270

v -17.788052 1.302079 11.809985

v -17.953156 1.303671 11.651817

v -17.842505 1.302345 11.783597

v -17.925606 1.303146 11.703987

v -17.888952 1.302698 11.748486

v -18.000002 1.533590 -11.188598

v -15.408712 1.539180 -11.743944

v -17.427965 1.539180 -11.743944

v -17.538311 1.539163 -11.742259

v -17.998268 1.534666 -11.295501

v -17.600723 1.539123 -11.738255

v -17.994148 1.535276 -11.356054

v -17.986122 1.535902 -11.418213

v -17.664757 1.539045 -11.730454

v -17.972889 1.536520 -11.479632

v -17.727999 1.538915 -11.717595

v -17.788052 1.538722 -11.698415

v -17.953156 1.537107 -11.537972

v -17.842505 1.538453 -11.671644

v -17.925606 1.537640 -11.590884

v -17.888952 1.538094 -11.636024

v -15.408712 1.539180 -11.743944

v -15.408712 0.539231 -11.754010

v -17.427963 0.539231 -11.754010

v -17.427965 1.539180 -11.743944

v -17.538307 0.539214 -11.752324

v -17.538311 1.539163 -11.742259

v -17.600721 0.539174 -11.748319

v -17.600723 1.539123 -11.738255

v -17.664755 0.539095 -11.740520

v -17.664757 1.539045 -11.730454

v -17.727999 0.538966 -11.727662

v -17.727999 1.538915 -11.717595

v -17.788052 0.538773 -11.708479

v -17.788052 1.538722 -11.698415

v -17.842505 1.538453 -11.671644

v -17.842505 0.538503 -11.681710

v -17.888952 0.538144 -11.646090

v -17.888952 1.538094 -11.636024

v -17.925606 1.537640 -11.590884

v -17.925608 0.537690 -11.600949

v -17.953156 1.537107 -11.537972

v -17.953152 0.537157 -11.548038

v -17.972889 0.536570 -11.489699

v -17.972889 1.536520 -11.479632

v -17.986122 0.535952 -11.428279

v -17.986122 1.535902 -11.418213

v -17.994148 1.535276 -11.356054

v -17.994146 0.535326 -11.366118

v -17.998268 0.534717 -11.305566

v -17.998268 1.534666 -11.295501

v -18.000002 1.533590 -11.188598

v -18.000002 0.533641 -11.198662

v -18.000004 0.538805 -8.434460

v -18.000002 0.554341 -5.729338

v -18.000002 0.577188 -3.095527

v -18.000004 0.605419 -0.943252

v -18.000004 0.635805 1.030945

v -18.000002 0.672777 2.998085

v -18.000002 1.307149 11.306301

v -18.000002 0.727476 4.963479

v -18.000002 0.759117 5.933721

v -18.000002 0.787866 6.880860

v -18.000002 0.809152 7.793312

v -18.000002 0.819747 8.655295

v -18.000002 0.820974 9.566091

v -18.000002 0.815051 10.510027

v -18.000002 0.807175 11.301268

v -17.998270 1.306082 11.412344

v -17.998270 0.806107 11.407311

v -17.994146 0.805504 11.467202

v -17.994146 1.305479 11.472235

v -17.986122 1.304861 11.533644

v -17.986120 0.804886 11.528611

v -8.154521 1.378239 10.204901

v -8.132844 1.377913 10.237342

v -8.100402 1.377694 10.259017

v -8.162133 1.378625 10.166634

v -8.062133 1.377618 10.266629

v -8.162133 1.449085 3.166989

v -8.062133 1.450092 3.066994

v -8.154521 1.449470 3.128721

v -8.132844 1.449797 3.096281

v -8.100402 1.450015 3.074605

v 2.137867 1.377618 10.266629

v 2.137867 1.450092 3.066994

v 2.176135 1.377694 10.259017

v 2.208578 1.377913 10.237342

v 2.237867 1.378625 10.166634

v 2.230255 1.378239 10.204901

v 2.237867 1.449085 3.166989

v 2.230255 1.449470 3.128721

v 2.176135 1.450015 3.074605

v 2.208578 1.449797 3.096281

v 17.972889 1.304251 11.594270

v 17.986120 0.804886 11.528611

v 17.986122 1.304861 11.533644

v 17.972891 0.804276 11.589238

v 17.953156 1.303671 11.651817

v 17.953154 0.803696 11.646787

v 17.925606 1.303146 11.703987

v 17.925608 0.803171 11.698956

v 17.888954 0.802723 11.743451

v 17.888952 1.302698 11.748486

v 17.842506 0.802370 11.778564

v 17.842505 1.302345 11.783597

v 17.788052 0.802104 11.804953

v 17.788052 1.302079 11.809985

v 17.728001 0.801914 11.823858

v 17.727999 1.301889 11.828891

v 17.664757 0.801786 11.836534

v 17.664757 1.301761 11.841565

v 17.600723 0.801709 11.844219

v 17.600723 1.301684 11.849252

v 17.538309 1.301644 11.853201

v 17.538309 0.801669 11.848168

v 17.427963 1.301627 11.854864

v 17.427963 0.801653 11.849831

v -17.427963 0.801653 11.849831

v -17.427963 1.301627 11.854864

v -17.538309 0.801669 11.848168

v -17.538309 1.301644 11.853201

v -17.600723 0.801709 11.844219

v -17.600723 1.301684 11.849252

v -17.664757 1.301761 11.841565

v -17.664757 0.801786 11.836534

v -17.727999 1.301889 11.828891

v -17.728001 0.801914 11.823858

v -17.788052 1.302079 11.809985

v -17.788052 0.802104 11.804953

v -17.842505 1.302345 11.783597

v -17.842506 0.802370 11.778564

v -17.888952 1.302698 11.748486

v -17.888954 0.802723 11.743451

v -17.925606 1.303146 11.703987

v -17.925608 0.803171 11.698956

v -17.953154 0.803696 11.646787

v -17.953156 1.303671 11.651817

v -17.972891 0.804276 11.589238

v -17.972889 1.304251 11.594270

v -17.986120 0.804886 11.528611

v -17.986122 1.304861 11.533644

v 15.408712 1.539180 -11.743944

v 17.427963 0.539231 -11.754010

v 15.408712 0.539231 -11.754010

v 17.427965 1.539180 -11.743944

v 17.538307 0.539214 -11.752324

v 17.538311 1.539163 -11.742259

v 17.600721 0.539174 -11.748319

v 17.600723 1.539123 -11.738255

v 17.664755 0.539095 -11.740520

v 17.664757 1.539045 -11.730454

v 17.727999 0.538966 -11.727662

v 17.727999 1.538915 -11.717595

v 17.788052 0.538773 -11.708479

v 17.788052 1.538722 -11.698415

v 17.842505 1.538453 -11.671644

v 17.842505 0.538503 -11.681710

v 17.888952 0.538144 -11.646090

v 17.888952 1.538094 -11.636024

v 17.925606 1.537640 -11.590884

v 17.925608 0.537690 -11.600949

v 17.953156 1.537107 -11.537972

v 17.953152 0.537157 -11.548038

v 17.972889 0.536570 -11.489699

v 17.972889 1.536520 -11.479632

v 17.986122 0.535952 -11.428279

v 17.986122 1.535902 -11.418213

v 17.994148 1.535276 -11.356054

v 17.994146 0.535326 -11.366118

v 17.998268 0.534717 -11.305566

v 17.998268 1.534666 -11.295501

v 18.000002 1.533590 -11.188598

v 18.000002 0.533641 -11.198662

v 18.000004 0.538805 -8.434460

v 18.000002 0.554341 -5.729338

v 18.000002 0.577188 -3.095527

v 18.000004 0.605419 -0.943252

v 18.000004 0.635805 1.030945

v 18.000002 0.672777 2.998085

v 18.000002 1.307149 11.306301

v 18.000002 0.727476 4.963479

v 18.000002 0.759117 5.933721

v 18.000002 0.787866 6.880860

v 18.000002 0.809152 7.793312

v 18.000002 0.819747 8.655295

v 18.000002 0.820974 9.566091

v 18.000002 0.815051 10.510027

v 18.000002 0.807175 11.301268

v 17.998270 1.306082 11.412344

v 17.998270 0.806107 11.407311

v 17.994146 0.805504 11.467202

v 17.994146 1.305479 11.472235

v 17.986122 1.304861 11.533644

v 17.986120 0.804886 11.528611

v -8.132844 1.379638 3.095574

v -8.154521 1.449470 3.128721

v -8.132844 1.449797 3.096281

v -8.154521 1.379131 3.128014

v -8.162133 1.449085 3.166989

v -8.162133 1.378533 3.166279

v -8.162133 1.378625 10.166634

v -8.162133 1.269186 10.165532

v -8.154521 1.378239 10.204901

v -8.154521 1.268588 10.203796

v -8.132844 1.377913 10.237342

v -8.132844 1.268081 10.236237

v -8.100402 1.377694 10.259017

v -8.100402 1.267742 10.257910

v -8.062133 1.377618 10.266629

v -8.062133 1.267624 10.265522

v 2.137867 1.267624 10.265522

v 2.137867 1.377618 10.266629

v 2.176135 1.267742 10.257910

v 2.176135 1.377694 10.259017

v 2.208578 1.268081 10.236237

v 2.208578 1.377913 10.237342

v 2.230255 1.268588 10.203796

v 2.230255 1.378239 10.204901

v 2.237867 1.269186 10.165532

v 2.237867 1.378625 10.166634

v 2.237867 1.378533 3.166279

v 2.237867 1.449085 3.166989

v 2.230255 1.379131 3.128014

v 2.230255 1.449470 3.128721

v 2.208578 1.379638 3.095574

v 2.208578 1.449797 3.096281

v 2.176135 1.379976 3.073900

v 2.176135 1.450015 3.074605

v 2.137867 1.380095 3.066289

v 2.137867 1.450092 3.066994

v -8.062133 1.380095 3.066289

v -8.062133 1.450092 3.066994

v -8.100402 1.450015 3.074605

v -8.100402 1.379976 3.073900

v -8.132844 1.449797 3.096281

v -8.132844 1.379638 3.095574

v -13.551031 0.474909 -11.627203

v -13.551031 0.539231 -11.754010

v 13.551031 0.539231 -11.754010

v 13.551031 0.474909 -11.627203

v -13.551031 0.415317 -11.498587

v 13.551031 0.415317 -11.498587

v -13.551031 0.385317 -11.412997

v 13.551031 0.385317 -11.412997

v -13.551031 0.360725 -11.313014

v 13.551031 0.360725 -11.313014

v -13.551031 0.344616 -11.200166

v 13.551031 0.344616 -11.200166

v 13.551031 0.335745 -11.082701

v -13.551031 0.335745 -11.082701

v -13.551031 0.331784 -10.970555

v 13.551031 0.331784 -10.970555

v -13.551031 0.330404 -10.873657

v 13.551031 0.330404 -10.873657

v 13.551031 0.328294 -10.664121

v -13.551031 0.328294 -10.664121

v 16.889263 0.303716 -8.222506

v 15.408711 0.328294 -10.664119

v -16.889263 0.303716 -8.222506

v -15.408711 0.328294 -10.664119

v 16.889372 0.330156 -10.849099

v 15.408712 0.330367 -10.869978

v -16.889372 0.330156 -10.849099

v -15.408712 0.330367 -10.869978

v 16.890577 0.331601 -10.948371

v 15.408711 0.331750 -10.967175

v 15.408712 0.335719 -11.080055

v -16.890577 0.331601 -10.948371

v -15.408711 0.331750 -10.967175

v -15.408712 0.335719 -11.080055

v 16.898998 0.335906 -11.066044

v 15.408712 0.344600 -11.198429

v -16.898998 0.335906 -11.066044

v -15.408712 0.344600 -11.198429

v 16.921854 0.345634 -11.191046

v 15.408711 0.360718 -11.312099

v -16.921854 0.345634 -11.191046

v -15.408711 0.360718 -11.312099

v 16.966362 0.363348 -11.312304

v 15.408712 0.385318 -11.412619

v -16.966362 0.363348 -11.312304

v -15.408712 0.385318 -11.412619

v 17.036333 0.390366 -11.420468

v 15.408712 0.415323 -11.498485

v -17.036333 0.390366 -11.420468

v -15.408712 0.415323 -11.498485

v 17.158157 0.436760 -11.542727

v 15.408711 0.474919 -11.627222

v -17.158157 0.436760 -11.542727

v -15.408711 0.474919 -11.627222

v 17.287088 0.485644 -11.648367

v 15.408712 0.539231 -11.754010

v 17.427963 0.539231 -11.754010

v -17.287088 0.485644 -11.648367

v -15.408712 0.539231 -11.754010

v -17.427963 0.539231 -11.754010

v 17.395067 0.485917 -11.647296

v 17.538307 0.539214 -11.752324

v -17.395067 0.485917 -11.647296

v -17.538307 0.539214 -11.752324

v -17.263363 0.437017 -11.541702

v -17.518684 0.486096 -11.636385

v -17.600721 0.539174 -11.748319

v -17.664755 0.539095 -11.740520

v -17.383471 0.437462 -11.531883

v -17.138857 0.390669 -11.419702

v -17.255514 0.391976 -11.412822

v -17.067509 0.363723 -11.311949

v -17.183428 0.365922 -11.308823

v -17.022497 0.346058 -11.191182

v -17.140575 0.348845 -11.192179

v -16.999636 0.336354 -11.066617

v -17.120598 0.339434 -11.070804

v -16.991247 0.332058 -10.949222

v -17.113518 0.335241 -10.954694

v -16.990047 0.330616 -10.850226

v -17.112492 0.333811 -10.855902

v -16.989994 0.304235 -8.222528

v -17.112421 0.307898 -8.225621

v -17.247881 0.342478 -10.870892

v -17.247673 0.317846 -8.234571

v -17.112381 0.282539 -5.631626

v -17.248436 0.343879 -10.969549

v -17.247587 0.294226 -5.635848

v -17.252028 0.347777 -11.082964

v -17.387363 0.359355 -10.899965

v -17.263403 0.356251 -11.196646

v -17.387302 0.360699 -10.998948

v -17.386110 0.364013 -11.110572

v -17.296572 0.371224 -11.300887

v -17.382942 0.370414 -11.216453

v -17.367758 0.394656 -11.392880

v -17.378794 0.377761 -11.290833

v -17.500008 0.438056 -11.504058

v -17.454008 0.396197 -11.348083

v -17.498159 0.393460 -11.265664

v -17.639112 0.486033 -11.605686

v -17.727999 0.538966 -11.727662

v -17.788052 0.538773 -11.708479

v -17.594048 0.438019 -11.447657

v -17.737522 0.485578 -11.545250

v -17.842505 0.538503 -11.681710

v -17.888952 0.538144 -11.646090

v -17.925608 0.537690 -11.600949

v -17.799929 0.484646 -11.449846

v -17.953152 0.537157 -11.548038

v -17.972889 0.536570 -11.489699

v -17.986122 0.535952 -11.428279

v -17.651714 0.436714 -11.356569

v -17.831711 0.483398 -11.333100

v -17.994146 0.535326 -11.366118

v -17.998268 0.534717 -11.305566

v -17.679783 0.434839 -11.243820

v -17.843094 0.482056 -11.213353

v -18.000002 0.533641 -11.198662

v -17.516060 0.389584 -11.158581

v -17.689678 0.433240 -11.127285

v -17.844296 0.480844 -11.108943

v -18.000004 0.538805 -8.434460

v -17.522005 0.387144 -11.045727

v -17.690760 0.432040 -11.025062

v -17.842367 0.476937 -8.378899

v -18.000002 0.554341 -5.729338

v -17.522655 0.385884 -10.945646

v -17.689255 0.420741 -8.327953

v -17.841553 0.481210 -5.703348

v -18.000002 0.577188 -3.095527

v -17.521740 0.367678 -8.279808

v -17.688620 0.415131 -5.679522

v -17.841860 0.491572 -3.089606

v -18.000004 0.605419 -0.943252

v -17.386883 0.337220 -8.252151

v -17.521358 0.352769 -5.657007

v -17.386679 0.316986 -5.644074

v -17.688856 0.413813 -3.084181

v -17.521502 0.340392 -3.079055

v -17.386757 0.298247 -3.076111

v -17.843462 0.507811 -0.942919

v -17.690107 0.417939 -0.942617

v -17.522259 0.332971 -0.942332

v -17.691746 0.424352 1.030924

v -17.845558 0.526589 1.030936

v -18.000004 0.635805 1.030945

v -17.523251 0.327547 1.030913

v -17.847923 0.550996 2.997932

v -18.000002 0.672777 2.998085

v -17.693592 0.434668 2.997782

v -17.850948 0.589919 4.962727

v -18.000002 0.727476 4.963479

v -17.695953 0.454954 4.961930

v -17.524368 0.324319 2.997639

v -17.525801 0.326626 4.961169

v -17.852757 0.613152 5.929940

v -18.000002 0.759117 5.933721

v -17.697363 0.467783 5.925799

v -17.854712 0.634573 6.869036

v -18.000002 0.787866 6.880860

v -17.698889 0.479558 6.856001

v -17.526651 0.329384 5.921828

v -17.527576 0.331784 6.843488

v -17.856785 0.650744 7.765927

v -18.000002 0.809152 7.793312

v -17.700504 0.488015 7.735681

v -17.858912 0.659209 8.603575

v -18.000002 0.819747 8.655295

v -17.702168 0.491552 8.546400

v -17.528557 0.332684 7.706641

v -17.529562 0.331302 8.491507

v -17.861332 0.660998 9.478829

v -18.000002 0.820974 9.566091

v -17.704056 0.490607 9.382306

v -17.863972 0.657694 10.378863

v -18.000002 0.815051 10.510027

v -17.706118 0.486252 10.233687

v -17.530708 0.327486 9.289631

v -17.531954 0.321834 10.094292

v -17.866444 0.653066 11.131385

v -18.000002 0.807175 11.301268

v -17.708046 0.481415 10.942039

v -17.865183 0.652552 11.232739

v -17.998270 0.806107 11.407311

v -17.706924 0.481020 11.037426

v -17.533121 0.316518 10.760132

v -17.532482 0.316514 10.849912

v -17.697100 0.481540 11.146992

v -17.853813 0.651942 11.348653

v -17.994146 0.805504 11.467202

v -17.986120 0.804886 11.528611

v -17.526779 0.320345 10.954595

v -17.822073 0.651299 11.461520

v -17.972891 0.804276 11.589238

v -17.953154 0.803696 11.646787

v -17.669201 0.483393 11.254179

v -17.759722 0.650687 11.553737

v -17.925608 0.803171 11.698956

v -17.888954 0.802723 11.743451

v -17.842506 0.802370 11.778564

v -17.611656 0.484299 11.340473

v -17.661350 0.650159 11.612228

v -17.788052 0.802104 11.804953

v -17.728001 0.801914 11.823858

v -17.664757 0.801786 11.836534

v -17.540934 0.649722 11.642051

v -17.600723 0.801709 11.844219

v -17.538309 0.801669 11.848168

v -17.517563 0.482299 11.392118

v -17.417307 0.649368 11.652792

v -17.427963 0.801653 11.849831

v -17.400894 0.479401 11.416328

v -17.465679 0.336344 11.138836

v -17.309298 0.649094 11.654038

v 17.427963 0.801653 11.849831

v -17.509436 0.329839 11.058892

v -17.379074 0.328858 11.173974

v -17.387121 0.270854 11.037771

v -17.389984 0.246997 10.953155

v -17.303625 0.246326 11.028175

v -17.266277 0.318380 11.184214

v -17.280689 0.477936 11.424755

v -17.189432 0.226532 11.020170

v -17.149317 0.313614 11.186979

v -17.175390 0.477552 11.425734

v 17.309298 0.649094 11.654038

v -17.046625 0.312828 11.187240

v 17.417307 0.649368 11.652792

v 17.538309 0.801669 11.848168

v 17.175390 0.477552 11.425734

v 17.280689 0.477936 11.424755

v 17.540934 0.649722 11.642051

v 17.600723 0.801709 11.844219

v 17.664757 0.801786 11.836534

v 17.400894 0.479401 11.416328

v 17.661350 0.650159 11.612228

v 17.728001 0.801914 11.823858

v 17.788052 0.802104 11.804953

v 17.842506 0.802370 11.778564

v 17.517563 0.482299 11.392118

v 17.759722 0.650687 11.553737

v 17.888954 0.802723 11.743451

v 17.925608 0.803171 11.698956

v 17.953154 0.803696 11.646787

v 17.611656 0.484299 11.340473

v 17.822073 0.651299 11.461520

v 17.972891 0.804276 11.589238

v 17.986120 0.804886 11.528611

v 17.465679 0.336344 11.138836

v 17.853813 0.651942 11.348653

v 17.994146 0.805504 11.467202

v 17.998270 0.806107 11.407311

v 17.669201 0.483393 11.254179

v 17.865183 0.652552 11.232739

v 18.000002 0.807175 11.301268

v 17.697100 0.481540 11.146992

v 17.866444 0.653066 11.131385

v 18.000002 0.815051 10.510027

v 17.706924 0.481020 11.037426

v 17.509436 0.329839 11.058892

v 17.863972 0.657694 10.378863

v 18.000002 0.820974 9.566091

v 17.708046 0.481415 10.942039

v 17.861332 0.660998 9.478829

v 18.000002 0.819747 8.655295

v 17.706118 0.486252 10.233687

v 17.858912 0.659209 8.603575

v 18.000002 0.809152 7.793312

v 17.704056 0.490607 9.382306

v 17.856785 0.650744 7.765927

v 18.000002 0.787866 6.880860

v 17.702168 0.491552 8.546400

v 17.854712 0.634573 6.869036

v 18.000002 0.759117 5.933721

v 17.700504 0.488015 7.735681

v 17.852757 0.613152 5.929940

v 18.000002 0.727476 4.963479

v 17.698889 0.479558 6.856001

v 17.850948 0.589919 4.962727

v 18.000002 0.672777 2.998085

v 17.697363 0.467783 5.925799

v 17.847923 0.550996 2.997932

v 18.000004 0.635805 1.030945

v 17.695953 0.454954 4.961930

v 17.845558 0.526589 1.030936

v 18.000004 0.605419 -0.943252

v 17.693592 0.434668 2.997782

v 17.526651 0.329384 5.921828

v 17.525801 0.326626 4.961169

v 17.691746 0.424352 1.030924

v 17.527576 0.331784 6.843488

v 17.524368 0.324319 2.997639

v 17.528557 0.332684 7.706641

v 17.389969 0.246316 6.836212

v 17.529562 0.331302 8.491507

v 17.390486 0.242754 7.689752

v 17.391016 0.238426 8.459581

v 17.530708 0.327486 9.289631

v 17.391624 0.232830 9.235728

v 17.531954 0.321834 10.094292

v 17.392284 0.226294 10.013215

v 17.533121 0.316518 10.760132

v 17.392902 0.220573 10.654286

v 17.532482 0.316514 10.849912

v 17.392881 0.220976 10.741052

v 17.526779 0.320345 10.954595

v 17.392113 0.228118 10.844785

v 17.389984 0.246997 10.953155

v 17.387121 0.270854 11.037771

v 17.267756 0.195580 10.897001

v 17.379074 0.328858 11.173974

v 17.303625 0.246326 11.028175

v 17.266277 0.318380 11.184214

v 17.189432 0.226532 11.020170

v 17.149317 0.313614 11.186979

v 17.143484 0.168476 10.872635

v 17.046625 0.312828 11.187240

v 17.073015 0.218461 11.016834

v 16.971645 0.217252 11.016287

v 17.024788 0.158299 10.864079

v 17.254959 0.169369 10.777409

v 17.121918 0.139100 10.744494

v 17.250837 0.160124 10.672034

v 17.000275 0.127928 10.732601

v 17.250210 0.159464 10.586868

v 17.114252 0.128863 10.636805

v 17.249950 0.165449 9.961579

v 17.113144 0.128083 10.552250

v 17.249674 0.172557 9.201400

v 17.113068 0.134204 9.935061

v 16.991278 0.117343 10.623855

v 17.249416 0.179294 8.439247

v 17.112986 0.141606 9.183772

v 17.249189 0.185503 7.678995

v 17.112909 0.148929 8.428807

v 16.989981 0.122693 9.925292

v 17.248974 0.191912 6.831579

v 16.989990 0.116522 10.539495

v 16.989971 0.130203 9.177276

v 16.889038 0.114870 10.537674

v 17.112844 0.156104 7.673474

v 16.890329 0.115696 10.622005

v 16.989964 0.137741 8.424960

v 16.899363 0.126325 10.730892

v -16.890329 0.115696 10.622005

v 16.923887 0.156822 10.862828

v -16.899363 0.126325 10.730892

v -16.923887 0.156822 10.862828

v -16.971645 0.217252 11.016287

v -17.000275 0.127928 10.732601

v -17.073015 0.218461 11.016834

v -17.024788 0.158299 10.864079

v -17.143484 0.168476 10.872635

v -17.121918 0.139100 10.744494

v -16.991278 0.117343 10.623855

v -17.114252 0.128863 10.636805

v -17.254959 0.169369 10.777409

v -17.267756 0.195580 10.897001

v -17.392113 0.228118 10.844785

v -17.392881 0.220976 10.741052

v -17.250837 0.160124 10.672034

v -17.392902 0.220573 10.654286

v -17.250210 0.159464 10.586868

v -17.392284 0.226294 10.013215

v -17.113144 0.128083 10.552250

v -17.249950 0.165449 9.961579

v -17.391624 0.232830 9.235728

v -16.989990 0.116522 10.539495

v -17.391016 0.238426 8.459581

v -17.249674 0.172557 9.201400

v -17.113068 0.134204 9.935061

v -17.390486 0.242754 7.689752

v -17.249416 0.179294 8.439247

v -17.112986 0.141606 9.183772

v -16.989981 0.122693 9.925292

v -16.889038 0.114870 10.537674

v -16.989971 0.130203 9.177276

v 16.889038 0.121049 9.923896

v -16.889038 0.121049 9.923896

v -16.889038 0.128574 9.176349

v 16.889038 0.128574 9.176349

v 16.889038 0.136143 8.424410

v -16.989964 0.137741 8.424960

v 16.989954 0.145273 7.671440

v -16.889038 0.136143 8.424410

v 17.112780 0.163974 6.829199

v 16.889038 0.143726 7.671147

v 16.989944 0.153682 6.828324

v 17.248770 0.198524 5.918048

v 17.112717 0.172388 5.917294

v 16.889038 0.152211 6.828198

v 17.389481 0.249420 5.919519

v 17.389029 0.252555 4.960727

v 17.248575 0.205414 4.960446

v 17.388271 0.260745 2.997557

v 17.248257 0.220292 2.997506

v 17.112659 0.181207 4.960303

v 17.112566 0.199519 2.997478

v 16.989939 0.162759 5.917017

v 16.989929 0.172289 4.960248

v 16.889038 0.161384 5.916976

v 16.989916 0.191866 2.997468

v -16.889038 0.152211 6.828198

v 16.889038 0.171015 4.960242

v -16.889038 0.143726 7.671147

v -16.889038 0.161384 5.916976

v -16.989954 0.145273 7.671440

v -16.989944 0.153682 6.828324

v -16.989939 0.162759 5.917017

v -16.889038 0.171015 4.960242

v -16.989929 0.172289 4.960248

v -16.889038 0.190772 2.997466

v 16.889038 0.190772 2.997466

v -16.989916 0.191866 2.997468

v -16.889038 0.210569 1.030900

v 16.889038 0.210569 1.030900

v -17.112659 0.181207 4.960303

v -16.989906 0.211526 1.030899

v -17.112717 0.172388 5.917294

v -17.112566 0.199519 2.997478

v -17.248575 0.205414 4.960446

v -17.112780 0.163974 6.829199

v -17.248770 0.198524 5.918048

v -17.112844 0.156104 7.673474

v -17.248974 0.191912 6.831579

v -17.112909 0.148929 8.428807

v -17.249189 0.185503 7.678995

v -17.389969 0.246316 6.836212

v -17.389481 0.249420 5.919519

v -17.389029 0.252555 4.960727

v -17.248257 0.220292 2.997506

v -17.388271 0.260745 2.997557

v -17.387680 0.271856 1.030906

v -17.248007 0.236424 1.030903

v -17.112494 0.218229 1.030901

v -17.387156 0.284150 -0.942168

v -17.247786 0.253092 -0.942064

v -17.247618 0.271440 -3.074238

v -17.112429 0.237143 -0.942010

v -17.112379 0.257675 -3.073276

v -16.989937 0.278233 -5.630078

v -16.989904 0.252603 -3.072921

v -16.989901 0.231268 -0.941991

v -16.889141 0.277618 -5.629872

v -16.889059 0.251878 -3.072871

v -16.889038 0.230428 -0.941988

v 16.889038 0.230428 -0.941988

v 16.889059 0.251878 -3.072871

v 16.889141 0.277618 -5.629872

v 16.989906 0.211526 1.030899

v 16.989901 0.231268 -0.941991

v 17.112494 0.218229 1.030901

v 16.989904 0.252603 -3.072921

v 17.112429 0.237143 -0.942010

v 17.248007 0.236424 1.030903

v 16.989937 0.278233 -5.630078

v 17.387680 0.271856 1.030906

v 17.247786 0.253092 -0.942064

v 17.112379 0.257675 -3.073276

v 17.523251 0.327547 1.030913

v 17.387156 0.284150 -0.942168

v 17.247618 0.271440 -3.074238

v 17.112381 0.282539 -5.631626

v 17.522259 0.332971 -0.942332

v 17.386757 0.298247 -3.076111

v 17.247587 0.294226 -5.635848

v 16.989994 0.304235 -8.222528

v 17.112421 0.307898 -8.225621

v 16.990047 0.330616 -10.850226

v 17.247673 0.317846 -8.234571

v 16.991247 0.332058 -10.949222

v 17.112492 0.333811 -10.855902

v 16.999636 0.336354 -11.066617

v 17.113518 0.335241 -10.954694

v 17.247881 0.342478 -10.870892

v 17.022497 0.346058 -11.191182

v 17.120598 0.339434 -11.070804

v 17.248436 0.343879 -10.969549

v 17.067509 0.363723 -11.311949

v 17.140575 0.348845 -11.192179

v 17.138857 0.390669 -11.419702

v 17.183428 0.365922 -11.308823

v 17.252028 0.347777 -11.082964

v 17.263403 0.356251 -11.196646

v 17.263363 0.437017 -11.541702

v 17.255514 0.391976 -11.412822

v 17.383471 0.437462 -11.531883

v 17.296572 0.371224 -11.300887

v 17.367758 0.394656 -11.392880

v 17.518684 0.486096 -11.636385

v 17.600721 0.539174 -11.748319

v 17.664755 0.539095 -11.740520

v 17.500008 0.438056 -11.504058

v 17.639112 0.486033 -11.605686

v 17.727999 0.538966 -11.727662

v 17.788052 0.538773 -11.708479

v 17.454008 0.396197 -11.348083

v 17.737522 0.485578 -11.545250

v 17.842505 0.538503 -11.681710

v 17.888952 0.538144 -11.646090

v 17.925608 0.537690 -11.600949

v 17.594048 0.438019 -11.447657

v 17.799929 0.484646 -11.449846

v 17.953152 0.537157 -11.548038

v 17.972889 0.536570 -11.489699

v 17.986122 0.535952 -11.428279

v 17.651714 0.436714 -11.356569

v 17.831711 0.483398 -11.333100

v 17.994146 0.535326 -11.366118

v 17.998268 0.534717 -11.305566

v 17.498159 0.393460 -11.265664

v 17.843094 0.482056 -11.213353

v 18.000002 0.533641 -11.198662

v 17.679783 0.434839 -11.243820

v 17.844296 0.480844 -11.108943

v 18.000004 0.538805 -8.434460

v 17.689678 0.433240 -11.127285

v 17.516060 0.389584 -11.158581

v 17.842367 0.476937 -8.378899

v 18.000002 0.554341 -5.729338

v 17.690760 0.432040 -11.025062

v 17.522005 0.387144 -11.045727

v 17.841553 0.481210 -5.703348

v 18.000002 0.577188 -3.095527

v 17.689255 0.420741 -8.327953

v 17.522655 0.385884 -10.945646

v 17.841860 0.491572 -3.089606

v 17.688620 0.415131 -5.679522

v 17.521740 0.367678 -8.279808

v 17.843462 0.507811 -0.942919

v 17.688856 0.413813 -3.084181

v 17.690107 0.417939 -0.942617

v 17.521358 0.352769 -5.657007

v 17.521502 0.340392 -3.079055

v 17.386679 0.316986 -5.644074

v 17.386883 0.337220 -8.252151

v 17.387363 0.359355 -10.899965

v 17.387302 0.360699 -10.998948

v 17.386110 0.364013 -11.110572

v 17.382942 0.370414 -11.216453

v 17.378794 0.377761 -11.290833

v 13.551031 0.474909 -11.627203

v 13.551031 0.539231 -11.754010

v 13.551031 1.539180 -11.743944

v 13.551031 0.415317 -11.498587

v 13.551031 0.385317 -11.412997

v 13.551029 1.528189 -10.652040

v 13.551031 0.360725 -11.313014

v 13.551031 0.344616 -11.200166

v 13.551031 0.335745 -11.082701

v 13.551031 0.331784 -10.970555

v 13.551031 0.330404 -10.873657

v 13.551031 0.328294 -10.664121

v 15.408712 1.539180 -11.743944

v 15.408712 0.539231 -11.754010

v 15.408711 0.474919 -11.627222

v 15.408712 0.415323 -11.498485

v 15.408712 0.385318 -11.412619

v 15.408711 1.528189 -10.652040

v 15.408711 0.360718 -11.312099

v 15.408712 0.344600 -11.198429

v 15.408712 0.335719 -11.080055

v 15.408711 0.331750 -10.967175

v 15.408712 0.330367 -10.869978

v 15.408711 0.328294 -10.664119

v -13.551031 0.539231 -11.754010

v -13.551031 0.474909 -11.627203

v -13.551031 1.539180 -11.743944

v -13.551031 0.415317 -11.498587

v -13.551031 0.385317 -11.412997

v -13.551029 1.528189 -10.652040

v -13.551031 0.360725 -11.313014

v -13.551031 0.344616 -11.200166

v -13.551031 0.335745 -11.082701

v -13.551031 0.331784 -10.970555

v -13.551031 0.330404 -10.873657

v -13.551031 0.328294 -10.664121

v -15.408711 0.474919 -11.627222

v -15.408712 0.539231 -11.754010

v -15.408712 1.539180 -11.743944

v -15.408712 0.415323 -11.498485

v -15.408712 0.385318 -11.412619

v -15.408711 1.528189 -10.652040

v -15.408711 0.360718 -11.312099

v -15.408712 0.344600 -11.198429

v -15.408712 0.335719 -11.080055

v -15.408711 0.331750 -10.967175

v -15.408712 0.330367 -10.869978

v -15.408711 0.328294 -10.664119

v 14.956060 0.145922 8.022738

v 14.865504 0.132864 7.985096

v 14.867348 0.146344 7.980781

v 14.774948 0.146677 7.947723

v 14.953791 0.132444 8.026850

v 15.040234 0.145414 8.073188

v 14.773551 0.133195 7.952195

v 15.037559 0.131938 8.077055

v 14.678815 0.133434 7.928465

v 14.679754 0.146917 7.923880

v 14.859994 0.119424 7.998265

v 14.582210 0.133578 7.914137

v 14.582680 0.147062 7.909480

v 15.116002 0.131353 8.135229

v 15.119058 0.144826 8.131642

v 14.484663 0.133627 7.909345

v 14.484663 0.147111 7.904665

v 15.188366 0.130693 8.200811

v 15.191772 0.144162 8.197544

v 14.387119 0.133578 7.914137

v 14.386646 0.147062 7.909480

v 14.484663 0.120176 7.923611

v 14.290513 0.133434 7.928465

v 14.289573 0.146917 7.923880

v 14.195776 0.133195 7.952195

v 14.194378 0.146677 7.947723

v 14.109333 0.119424 7.998265

v 14.103823 0.132864 7.985096

v 14.101979 0.146344 7.980781

v 14.013267 0.145922 8.022738

v 14.015536 0.132444 8.026850

v 13.929092 0.145414 8.073188

v 13.931767 0.131938 8.077055

v 13.850270 0.144826 8.131642

v 13.853325 0.131353 8.135229

v 13.780962 0.130693 8.200811

v 13.777555 0.144162 8.197544

v 13.711652 0.143431 8.270252

v 13.791142 0.117284 8.210861

v 13.715374 0.129964 8.273174

v 13.653193 0.142637 8.349072

v 13.657197 0.129175 8.351613

v 13.602741 0.141790 8.433242

v 13.606988 0.128331 8.435377

v 13.560782 0.140897 8.521950

v 13.578536 0.114081 8.529035

v 13.565232 0.127443 8.523660

v 13.527722 0.139967 8.614344

v 13.532331 0.126517 8.615606

v 13.503878 0.139009 8.709534

v 13.508600 0.125564 8.710340

v 13.489477 0.138032 8.806603

v 13.494269 0.124591 8.806939

v 13.489477 0.123609 8.904481

v 13.484663 0.137045 8.904615

v 13.489477 0.136058 9.002627

v 13.503878 0.110303 8.904346

v 13.494269 0.122627 9.002022

v 13.503878 0.135081 9.099694

v 13.508600 0.121655 9.098620

v 13.527722 0.134123 9.194884

v 13.532331 0.120701 9.193352

v 13.560782 0.133193 9.287279

v 13.565232 0.119776 9.285302

v 13.602741 0.132300 9.375987

v 13.578536 0.106525 9.279658

v 13.606988 0.118887 9.373585

v 13.653193 0.131453 9.460156

v 13.657197 0.118044 9.457348

v 13.711652 0.130659 9.538976

v 13.715374 0.117254 9.535788

v 13.780960 0.116526 9.608147

v 13.777555 0.129927 9.611688

v 13.850268 0.129264 9.677586

v 13.791142 0.103322 9.597832

v 13.853325 0.115866 9.673729

v 13.931767 0.115280 9.731903

v 13.929092 0.128675 9.736043

v 14.015536 0.114775 9.782112

v 14.013267 0.128168 9.786493

v 14.109333 0.101182 9.810429

v 14.103823 0.114354 9.823866

v 14.101979 0.127745 9.828450

v 14.194378 0.127413 9.861508

v 14.195776 0.114023 9.856766

v 14.290512 0.113784 9.880493

v 14.289573 0.127172 9.885351

v 14.387117 0.113640 9.894824

v 14.386646 0.127028 9.899751

v 14.484663 0.100431 9.885082

v 14.484663 0.113592 9.899616

v 14.484663 0.126979 9.904564

v 14.582680 0.127028 9.899751

v 14.582210 0.113640 9.894824

v 14.679754 0.127172 9.885351

v 14.678815 0.113784 9.880493

v 14.774948 0.127413 9.861508

v 14.773551 0.114023 9.856766

v 14.865504 0.114354 9.823866

v 14.867348 0.127745 9.828450

v 14.956060 0.128168 9.786493

v 14.859994 0.101182 9.810429

v 14.953791 0.114775 9.782112

v 15.040234 0.128675 9.736043

v 15.037559 0.115280 9.731903

v 15.119058 0.129264 9.677586

v 15.116002 0.115866 9.673729

v 15.188366 0.116526 9.608147

v 15.191772 0.129927 9.611688

v 15.257674 0.130659 9.538976

v 15.178185 0.103322 9.597832

v 15.253952 0.117254 9.535788

v 15.312129 0.118044 9.457348

v 15.316133 0.131453 9.460156

v 15.362339 0.118887 9.373585

v 15.366586 0.132300 9.375987

v 15.390793 0.106525 9.279658

v 15.404095 0.119776 9.285302

v 15.408545 0.133193 9.287279

v 15.436996 0.120701 9.193352

v 15.441604 0.134123 9.194884

v 15.460727 0.121655 9.098620

v 15.465448 0.135081 9.099694

v 15.475057 0.122627 9.002022

v 15.479849 0.136058 9.002627

v 15.465450 0.110303 8.904346

v 15.479849 0.123609 8.904481

v 15.484664 0.137045 8.904615

v 15.479849 0.138032 8.806603

v 15.475057 0.124591 8.806939

v 15.460727 0.125564 8.710340

v 15.465450 0.139009 8.709534

v 15.436996 0.126517 8.615606

v 15.441604 0.139967 8.614344

v 15.390793 0.114081 8.529035

v 15.404095 0.127443 8.523660

v 15.408545 0.140897 8.521950

v 15.362339 0.128331 8.435377

v 15.366586 0.141790 8.433242

v 15.312129 0.129175 8.351613

v 15.316133 0.142637 8.349072

v 15.253952 0.129964 8.273174

v 15.257674 0.143431 8.270255

v 15.178185 0.117284 8.210861

v 15.368763 0.100941 8.538030

v 15.161324 0.104066 8.227589

v 14.850868 0.106154 8.020163

v 15.108277 0.078706 8.280383

v 15.441604 0.097255 8.904216

v 14.484663 0.106887 7.947323

v 15.368761 0.093568 9.270402

v 15.366586 0.072429 8.903965

v 15.161324 0.090443 9.580840

v 15.299453 0.075826 8.566486

v 15.299453 0.069032 9.241445

v 15.119058 0.031086 8.903549

v 15.108277 0.066152 9.527547

v 15.070767 0.028642 9.146310

v 14.850868 0.088355 9.788268

v 14.822160 0.064227 9.718713

v 14.484663 0.087622 9.861108

v 14.933248 0.026570 9.352111

v 14.484663 0.063552 9.785843

v 14.727436 0.025186 9.489624

v 14.118459 0.088355 9.788268

v 13.808003 0.090443 9.580840

v 14.147167 0.064227 9.718713

v 13.600566 0.093568 9.270402

v 13.861050 0.066152 9.527547

v 13.527722 0.097255 8.904216

v 13.669874 0.069032 9.241445

v 13.600566 0.100941 8.538030

v 13.602741 0.072429 8.903965

v 13.808004 0.104066 8.227592

v 13.669874 0.075826 8.566486

v 13.850268 0.031086 8.903549

v 14.118459 0.106154 8.020163

v 13.861050 0.078706 8.280383

v 14.147167 0.080631 8.089217

v 14.484663 0.081306 8.022088

v 14.036078 0.035601 8.454988

v 14.822160 0.080631 8.089217

v 14.484663 0.037471 8.269186

v 14.241891 0.036985 8.317474

v 14.727436 0.036985 8.317474

v 14.484663 0.008796 8.613023

v 14.373575 0.008573 8.635120

v 14.595752 0.008573 8.635120

v 14.933248 0.035601 8.454988

v 14.484662 -0.000028 8.903236

v 14.689927 0.007940 8.698043

v 15.070767 0.033529 8.660789

v 14.752851 0.006992 8.792212

v 14.774948 0.005874 8.903296

v 14.752851 0.004756 9.014378

v 14.689927 0.003808 9.108548

v 14.595752 0.003174 9.171470

v 14.484663 0.024700 9.537910

v 14.484663 0.002952 9.193564

v 14.241891 0.025186 9.489624

v 14.373577 0.003174 9.171470

v 14.036078 0.026570 9.352111

v 14.279402 0.003808 9.108548

v 13.898559 0.028642 9.146310

v 14.216475 0.004756 9.014378

v 14.194378 0.005874 8.903296

v 13.898559 0.033529 8.660789

v 14.216475 0.006992 8.792212

v 14.279400 0.007940 8.698043

v -15.253952 0.297342 -8.403044

v -15.191772 0.330577 -8.326937

v -15.257674 0.331309 -8.399647

v -15.316133 0.332102 -8.478465

v -15.188366 0.296614 -8.330684

v -15.119058 0.329914 -8.261036

v -15.312129 0.298132 -8.481483

v -15.366586 0.332950 -8.562634

v -15.178185 0.263046 -8.341205

v -15.116002 0.295953 -8.265101

v -15.037559 0.295368 -8.206926

v -15.040234 0.329325 -8.202579

v -15.362339 0.298975 -8.565247

v -15.408545 0.333843 -8.651343

v -14.953791 0.294862 -8.156720

v -14.956060 0.328817 -8.152130

v -15.404095 0.299863 -8.653529

v -15.441604 0.334773 -8.743737

v -14.865504 0.294442 -8.114966

v -14.867348 0.328395 -8.110174

v -15.436996 0.300789 -8.745478

v -15.465448 0.335731 -8.838928

v -14.773551 0.294111 -8.082066

v -14.774948 0.328062 -8.077116

v -15.460727 0.301743 -8.840210

v -15.479849 0.336708 -8.935995

v -14.678815 0.293872 -8.058337

v -14.679754 0.327822 -8.053271

v -14.859994 0.260906 -8.128607

v -14.582210 0.293728 -8.044007

v -14.582680 0.327677 -8.038873

v -14.484663 0.260154 -8.053953

v -14.484663 0.293680 -8.039215

v -14.484663 0.327629 -8.034058

v -14.386646 0.327677 -8.038873

v -14.387117 0.293728 -8.044007

v -14.289573 0.327822 -8.053271

v -14.290512 0.293872 -8.058337

v -14.194378 0.328062 -8.077116

v -14.195776 0.294111 -8.082066

v -14.101979 0.328395 -8.110174

v -14.109333 0.260906 -8.128607

v -14.103823 0.294442 -8.114966

v -14.013267 0.328817 -8.152130

v -14.015536 0.294862 -8.156720

v -13.929092 0.329325 -8.202579

v -13.931767 0.295368 -8.206926

v -13.850268 0.329914 -8.261036

v -14.484663 0.204220 -8.103870

v -13.853325 0.295953 -8.265101

v -14.841108 0.204934 -8.174768

v -13.780960 0.296614 -8.330684

v -13.777555 0.330577 -8.326937

v -13.791142 0.263046 -8.341205

v -13.715374 0.297342 -8.403044

v -13.711652 0.331309 -8.399647

v -13.657197 0.298132 -8.481483

v -13.653193 0.332103 -8.478466

v -13.602741 0.332950 -8.562634

v -13.606988 0.298975 -8.565247

v -13.560782 0.333843 -8.651343

v -13.578536 0.266249 -8.659378

v -13.565232 0.299863 -8.653529

v -13.527722 0.334773 -8.743737

v -13.532331 0.300789 -8.745478

v -13.503878 0.335731 -8.838928

v -13.508600 0.301743 -8.840210

v -13.489477 0.336708 -8.935996

v -13.494269 0.302715 -8.936810

v -13.484663 0.337695 -9.034008

v -13.503878 0.270027 -9.034690

v -13.489477 0.303697 -9.034350

v -13.489477 0.338681 -9.132021

v -13.494269 0.304679 -9.131891

v -13.503878 0.339658 -9.229089

v -13.508600 0.305651 -9.228492

v -13.527722 0.340617 -9.324279

v -13.532331 0.306605 -9.323224

v -13.560782 0.341547 -9.416673

v -13.578536 0.273805 -9.410002

v -13.565232 0.307530 -9.415173

v -13.602741 0.342440 -9.505382

v -13.606988 0.308419 -9.503455

v -13.653193 0.343287 -9.589551

v -13.657197 0.309262 -9.587218

v -13.711652 0.344080 -9.668369

v -13.715374 0.310052 -9.665658

v -13.777555 0.344812 -9.741079

v -13.791142 0.277007 -9.728174

v -13.780962 0.310780 -9.738018

v -13.850270 0.345476 -9.806980

v -13.853325 0.311440 -9.803600

v -13.931767 0.312026 -9.861774

v -13.929092 0.346064 -9.865436

v -14.015536 0.312531 -9.911982

v -14.013267 0.346572 -9.915886

v -14.109333 0.279147 -9.940772

v -14.103823 0.312952 -9.953735

v -14.101979 0.346994 -9.957842

v -14.194378 0.347327 -9.990900

v -14.195776 0.313283 -9.986635

v -14.289573 0.347567 -10.014745

v -14.290513 0.313522 -10.010364

v -14.386646 0.347712 -10.029143

v -14.387119 0.313666 -10.024693

v -14.484663 0.347761 -10.033957

v -14.484663 0.279899 -10.015427

v -14.484663 0.313714 -10.029486

v -14.582680 0.347712 -10.029143

v -14.582210 0.313666 -10.024694

v -14.679754 0.347567 -10.014745

v -14.678815 0.313522 -10.010365

v -14.774948 0.347327 -9.990901

v -14.773551 0.313283 -9.986636

v -14.865504 0.312952 -9.953735

v -14.867348 0.346994 -9.957842

v -14.859994 0.279147 -9.940772

v -14.953791 0.312531 -9.911982

v -14.956060 0.346572 -9.915886

v -15.040234 0.346064 -9.865436

v -15.037559 0.312026 -9.861774

v -15.116002 0.311440 -9.803600

v -15.119058 0.345476 -9.806980

v -15.178185 0.277007 -9.728174

v -15.188366 0.310780 -9.738018

v -15.191772 0.344812 -9.741079

v -15.253952 0.310052 -9.665658

v -15.257674 0.344080 -9.668369

v -15.312129 0.309262 -9.587218

v -15.316133 0.343287 -9.589551

v -15.362339 0.308419 -9.503455

v -15.366586 0.342440 -9.505381

v -15.390791 0.273805 -9.410002

v -15.404095 0.307530 -9.415173

v -15.408545 0.341547 -9.416672

v -15.436996 0.306605 -9.323223

v -15.441604 0.340617 -9.324279

v -15.460727 0.305651 -9.228492

v -15.465450 0.339658 -9.229089

v -15.475057 0.304679 -9.131891

v -15.479849 0.338681 -9.132020

v -15.465448 0.270027 -9.034690

v -15.479849 0.303697 -9.034350

v -15.484664 0.337695 -9.034008

v -15.475057 0.302715 -8.936810

v -15.390791 0.266249 -8.659378

v -15.416098 0.213596 -9.035257

v -15.345195 0.210008 -8.678831

v -15.143288 0.206966 -8.376667

v -15.273211 0.156011 -8.709194

v -15.088192 0.153224 -8.432307

v -14.811291 0.151362 -8.247296

v -14.484663 0.150708 -8.182330

v -14.999434 0.098442 -8.521620

v -14.128219 0.204934 -8.174768

v -14.763254 0.096854 -8.363817

v -13.826039 0.206966 -8.376668

v -15.157245 0.100820 -8.757787

v -13.624132 0.210008 -8.678831

v -14.158036 0.151362 -8.247296

v -13.881135 0.153224 -8.432307

v -13.553229 0.213596 -9.035257

v -13.696115 0.156011 -8.709194

v -13.624132 0.217184 -9.391684

v -13.631145 0.159299 -9.035804

v -13.812081 0.100820 -8.757787

v -13.826039 0.220226 -9.693848

v -13.696115 0.162587 -9.362415

v -14.128219 0.222258 -9.895746

v -13.881135 0.165374 -9.639302

v -13.812081 0.106428 -9.314943

v -14.484663 0.222972 -9.966644

v -14.158037 0.167237 -9.824312

v -13.969893 0.108806 -9.551109

v -14.841108 0.222258 -9.895747

v -14.484663 0.167891 -9.889278

v -15.143288 0.220226 -9.693848

v -14.811291 0.167237 -9.824312

v -15.088192 0.165374 -9.639302

v -15.345195 0.217184 -9.391684

v -15.273211 0.162587 -9.362415

v -15.338181 0.159299 -9.035804

v -15.157245 0.106428 -9.314943

v -15.212660 0.103624 -9.036365

v -14.965242 0.042460 -8.837908

v -14.999434 0.108806 -9.551109

v -14.965242 0.046467 -9.236012

v -14.763254 0.110394 -9.708911

v -14.852484 0.048166 -9.404760

v -14.683726 0.049301 -9.517515

v -14.666645 0.010427 -9.219294

v -15.004837 0.044464 -9.036960

v -14.722434 0.009587 -9.135804

v -14.583151 0.010989 -9.275081

v -14.742024 0.008595 -9.037321

v -14.484663 0.049700 -9.557109

v -14.722434 0.007604 -8.938839

v -14.484663 -0.000219 -9.037410

v -14.666645 0.006764 -8.855349

v -14.852484 0.040761 -8.669159

v -14.683726 0.039626 -8.556405

v -14.583151 0.006202 -8.799562

v -14.484663 0.039228 -8.516811

v -14.484663 0.096296 -8.308406

v -14.484663 0.006005 -8.779974

v -14.206073 0.096854 -8.363817

v -14.386175 0.006202 -8.799562

v -14.285601 0.039626 -8.556405

v -13.969893 0.098442 -8.521620

v -14.302681 0.006764 -8.855349

v -14.116843 0.040761 -8.669159

v -14.004085 0.042460 -8.837908

v -14.246893 0.007604 -8.938839

v -13.756667 0.103624 -9.036365

v -13.964489 0.044464 -9.036960

v -14.227303 0.008595 -9.037321

v -14.004085 0.046467 -9.236012

v -14.246893 0.009587 -9.135804

v -14.116843 0.048166 -9.404759

v -14.302681 0.010427 -9.219294

v -14.285601 0.049301 -9.517515

v -14.386175 0.010989 -9.275080

v -14.484663 0.011186 -9.294669

v -14.206073 0.110394 -9.708911

v -14.484663 0.110952 -9.764324

v -14.865504 0.132864 7.985096

v -14.956060 0.145922 8.022738

v -14.867348 0.146344 7.980781

v -14.774948 0.146677 7.947723

v -14.953791 0.132444 8.026850

v -15.040234 0.145414 8.073188

v -14.773551 0.133195 7.952195

v -15.037559 0.131938 8.077055

v -14.678815 0.133434 7.928465

v -14.679754 0.146917 7.923880

v -14.859994 0.119424 7.998265

v -14.582210 0.133578 7.914137

v -14.582680 0.147062 7.909480

v -15.116002 0.131353 8.135229

v -15.119058 0.144826 8.131642

v -14.484663 0.133627 7.909345

v -14.484663 0.147111 7.904665

v -15.188366 0.130693 8.200811

v -15.191772 0.144162 8.197544

v -14.387119 0.133578 7.914137

v -14.386646 0.147062 7.909480

v -14.484663 0.120176 7.923611

v -14.290513 0.133434 7.928465

v -14.289573 0.146917 7.923880

v -14.195776 0.133195 7.952195

v -14.194378 0.146677 7.947723

v -14.109333 0.119424 7.998265

v -14.103823 0.132864 7.985096

v -14.101979 0.146344 7.980781

v -14.013267 0.145922 8.022738

v -14.015536 0.132444 8.026850

v -13.929092 0.145414 8.073188

v -13.931767 0.131938 8.077055

v -13.850270 0.144826 8.131642

v -13.853325 0.131353 8.135229

v -13.780962 0.130693 8.200811

v -13.777555 0.144162 8.197544

v -13.711652 0.143431 8.270252

v -13.791142 0.117284 8.210861

v -13.715374 0.129964 8.273174

v -13.653193 0.142637 8.349072

v -13.657197 0.129175 8.351613

v -13.602741 0.141790 8.433242

v -13.606988 0.128331 8.435377

v -13.560782 0.140897 8.521950

v -13.578536 0.114081 8.529035

v -13.565232 0.127443 8.523660

v -13.527722 0.139967 8.614344

v -13.532331 0.126517 8.615606

v -13.503878 0.139009 8.709534

v -13.508600 0.125564 8.710340

v -13.489477 0.138032 8.806603

v -13.494269 0.124591 8.806939

v -13.489477 0.123609 8.904481

v -13.484663 0.137045 8.904615

v -13.489477 0.136058 9.002627

v -13.503878 0.110303 8.904346

v -13.494269 0.122627 9.002022

v -13.503878 0.135081 9.099694

v -13.508600 0.121655 9.098620

v -13.527722 0.134123 9.194884

v -13.532331 0.120701 9.193352

v -13.560782 0.133193 9.287279

v -13.565232 0.119776 9.285302

v -13.602741 0.132300 9.375987

v -13.578536 0.106525 9.279658

v -13.606988 0.118887 9.373585

v -13.653193 0.131453 9.460156

v -13.657197 0.118044 9.457348

v -13.711652 0.130659 9.538976

v -13.715374 0.117254 9.535788

v -13.780960 0.116526 9.608147

v -13.777555 0.129927 9.611688

v -13.850268 0.129264 9.677586

v -13.791142 0.103322 9.597832

v -13.853325 0.115866 9.673729

v -13.931767 0.115280 9.731903

v -13.929092 0.128675 9.736043

v -14.015536 0.114775 9.782112

v -14.013267 0.128168 9.786493

v -14.109333 0.101182 9.810429

v -14.103823 0.114354 9.823866

v -14.101979 0.127745 9.828450

v -14.194378 0.127413 9.861508

v -14.195776 0.114023 9.856766

v -14.290512 0.113784 9.880493

v -14.289573 0.127172 9.885351

v -14.387117 0.113640 9.894824

v -14.386646 0.127028 9.899751

v -14.484663 0.100431 9.885082

v -14.484663 0.113592 9.899616

v -14.484663 0.126979 9.904564

v -14.582680 0.127028 9.899751

v -14.582210 0.113640 9.894824

v -14.679754 0.127172 9.885351

v -14.678815 0.113784 9.880493

v -14.774948 0.127413 9.861508

v -14.773551 0.114023 9.856766

v -14.865504 0.114354 9.823866

v -14.867348 0.127745 9.828450

v -14.956060 0.128168 9.786493

v -14.859994 0.101182 9.810429

v -14.953791 0.114775 9.782112

v -15.040234 0.128675 9.736043

v -15.037559 0.115280 9.731903

v -15.119058 0.129264 9.677586

v -15.116002 0.115866 9.673729

v -15.188366 0.116526 9.608147

v -15.191772 0.129927 9.611688

v -15.257674 0.130659 9.538976

v -15.178185 0.103322 9.597832

v -15.253952 0.117254 9.535788

v -15.312129 0.118044 9.457348

v -15.316133 0.131453 9.460156

v -15.362339 0.118887 9.373585

v -15.366586 0.132300 9.375987

v -15.390793 0.106525 9.279658

v -15.404095 0.119776 9.285302

v -15.408545 0.133193 9.287279

v -15.436996 0.120701 9.193352

v -15.441604 0.134123 9.194884

v -15.460727 0.121655 9.098620

v -15.465448 0.135081 9.099694

v -15.475057 0.122627 9.002022

v -15.479849 0.136058 9.002627

v -15.465450 0.110303 8.904346

v -15.479849 0.123609 8.904481

v -15.484664 0.137045 8.904615

v -15.479849 0.138032 8.806603

v -15.475057 0.124591 8.806939

v -15.460727 0.125564 8.710340

v -15.465450 0.139009 8.709534

v -15.436996 0.126517 8.615606

v -15.441604 0.139967 8.614344

v -15.390793 0.114081 8.529035

v -15.404095 0.127443 8.523660

v -15.408545 0.140897 8.521950

v -15.362339 0.128331 8.435377

v -15.366586 0.141790 8.433242

v -15.312129 0.129175 8.351613

v -15.316133 0.142637 8.349072

v -15.253952 0.129964 8.273174

v -15.257674 0.143431 8.270255

v -15.178185 0.117284 8.210861

v -15.368763 0.100941 8.538030

v -15.161324 0.104066 8.227589

v -14.850868 0.106154 8.020163

v -15.108277 0.078706 8.280383

v -15.441604 0.097255 8.904216

v -14.484663 0.106887 7.947323

v -15.368761 0.093568 9.270402

v -14.118459 0.106154 8.020163

v -15.161324 0.090443 9.580840

v -13.808004 0.104066 8.227592

v -14.850868 0.088355 9.788268

v -13.600566 0.100941 8.538030

v -14.484663 0.087622 9.861108

v -13.527722 0.097255 8.904216

v -14.118459 0.088355 9.788268

v -13.808003 0.090443 9.580840

v -13.600566 0.093568 9.270402

v -13.861050 0.066152 9.527547

v -13.669874 0.069032 9.241445

v -13.602741 0.072429 8.903965

v -13.898559 0.028642 9.146310

v -13.669874 0.075826 8.566486

v -13.850268 0.031086 8.903549

v -13.861050 0.078706 8.280383

v -13.898559 0.033529 8.660789

v -14.147167 0.080631 8.089217

v -14.036078 0.035601 8.454988

v -14.241891 0.036985 8.317474

v -14.484663 0.081306 8.022088

v -14.484663 0.037471 8.269186

v -14.822160 0.080631 8.089217

v -14.727436 0.036985 8.317474

v -14.484663 0.008796 8.613023

v -14.373575 0.008573 8.635120

v -14.595752 0.008573 8.635120

v -14.279400 0.007940 8.698043

v -14.933248 0.035601 8.454988

v -14.216475 0.006992 8.792212

v -14.484662 -0.000028 8.903236

v -14.194378 0.005874 8.903296

v -14.216475 0.004756 9.014378

v -14.036078 0.026570 9.352111

v -14.279402 0.003808 9.108548

v -14.147167 0.064227 9.718713

v -14.241891 0.025186 9.489624

v -14.484663 0.063552 9.785843

v -14.373577 0.003174 9.171470

v -14.484663 0.024700 9.537910

v -14.484663 0.002952 9.193564

v -14.727436 0.025186 9.489624

v -14.595752 0.003174 9.171470

v -14.822160 0.064227 9.718713

v -14.933248 0.026570 9.352111

v -15.108277 0.066152 9.527547

v -14.689927 0.003808 9.108548

v -15.299453 0.069032 9.241445

v -15.070767 0.028642 9.146310

v -15.366586 0.072429 8.903965

v -14.752851 0.004756 9.014378

v -15.299453 0.075826 8.566486

v -15.119058 0.031086 8.903549

v -15.070767 0.033529 8.660789

v -14.774948 0.005874 8.903296

v -14.752851 0.006992 8.792212

v -14.689927 0.007940 8.698043

v 14.867348 0.346994 -9.957842

v 14.956060 0.346572 -9.915886

v 14.953791 0.312531 -9.911982

v 15.040234 0.346064 -9.865436

v 14.865504 0.312952 -9.953735

v 14.774948 0.347327 -9.990901

v 15.037559 0.312026 -9.861774

v 14.773551 0.313283 -9.986636

v 14.859994 0.279147 -9.940772

v 14.678815 0.313522 -10.010365

v 14.679754 0.347567 -10.014745

v 15.116002 0.311440 -9.803600

v 15.119058 0.345476 -9.806980

v 14.582210 0.313666 -10.024694

v 14.582680 0.347712 -10.029143

v 15.188366 0.310780 -9.738018

v 15.191772 0.344812 -9.741079

v 14.484663 0.313714 -10.029486

v 14.484663 0.347761 -10.033957

v 14.484663 0.279899 -10.015427

v 14.387119 0.313666 -10.024693

v 14.386646 0.347712 -10.029143

v 14.290513 0.313522 -10.010364

v 14.289573 0.347567 -10.014745

v 14.195776 0.313283 -9.986635

v 14.194378 0.347327 -9.990900

v 14.109333 0.279147 -9.940772

v 14.103823 0.312952 -9.953735

v 14.101979 0.346994 -9.957842

v 14.013267 0.346572 -9.915886

v 14.015536 0.312531 -9.911982

v 13.929092 0.346064 -9.865436

v 13.931767 0.312026 -9.861774

v 13.850270 0.345476 -9.806980

v 13.853325 0.311440 -9.803600

v 13.780962 0.310780 -9.738018

v 13.777555 0.344812 -9.741079

v 13.791142 0.277007 -9.728174

v 13.715374 0.310052 -9.665658

v 13.711652 0.344080 -9.668369

v 13.657197 0.309262 -9.587218

v 13.653193 0.343287 -9.589551

v 13.606988 0.308419 -9.503455

v 13.602741 0.342440 -9.505382

v 13.578536 0.273805 -9.410002

v 13.565232 0.307530 -9.415173

v 13.560782 0.341547 -9.416673

v 13.532331 0.306605 -9.323224

v 13.527722 0.340617 -9.324279

v 13.508600 0.305651 -9.228492

v 13.503878 0.339658 -9.229089

v 13.494269 0.304679 -9.131891

v 13.489477 0.338681 -9.132021

v 13.503878 0.270027 -9.034690

v 13.489477 0.303697 -9.034350

v 13.484663 0.337695 -9.034008

v 13.494269 0.302715 -8.936810

v 13.489477 0.336708 -8.935996

v 13.508600 0.301743 -8.840210

v 13.503878 0.335731 -8.838928

v 13.532331 0.300789 -8.745478

v 13.527722 0.334773 -8.743737

v 13.578536 0.266249 -8.659378

v 13.565232 0.299863 -8.653529

v 13.560782 0.333843 -8.651343

v 13.606988 0.298975 -8.565247

v 13.602741 0.332950 -8.562634

v 13.657197 0.298132 -8.481483

v 13.653193 0.332103 -8.478466

v 13.711652 0.331309 -8.399647

v 13.715374 0.297342 -8.403044

v 13.777555 0.330577 -8.326937

v 13.780960 0.296614 -8.330684

v 13.850268 0.329914 -8.261036

v 13.791142 0.263046 -8.341205

v 13.853325 0.295953 -8.265101

v 13.931767 0.295368 -8.206926

v 13.929092 0.329325 -8.202579

v 14.015536 0.294862 -8.156720

v 14.013267 0.328817 -8.152130

v 14.109333 0.260906 -8.128607

v 14.103823 0.294442 -8.114966

v 14.101979 0.328395 -8.110174

v 14.195776 0.294111 -8.082066

v 14.194378 0.328062 -8.077116

v 14.290512 0.293872 -8.058337

v 14.289573 0.327822 -8.053271

v 14.387117 0.293728 -8.044007

v 14.386646 0.327677 -8.038873

v 14.484663 0.260154 -8.053953

v 14.484663 0.293680 -8.039215

v 14.484663 0.327629 -8.034058

v 14.582680 0.327677 -8.038873

v 14.582210 0.293728 -8.044007

v 14.679754 0.327822 -8.053271

v 14.678815 0.293872 -8.058337

v 14.774948 0.328062 -8.077116

v 14.773551 0.294111 -8.082066

v 14.867348 0.328395 -8.110174

v 14.859994 0.260906 -8.128607

v 14.865504 0.294442 -8.114966

v 14.956060 0.328817 -8.152130

v 14.953791 0.294862 -8.156720

v 15.040234 0.329325 -8.202579

v 15.037559 0.295368 -8.206926

v 15.119058 0.329914 -8.261036

v 15.116002 0.295953 -8.265101

v 15.188366 0.296614 -8.330684

v 15.191772 0.330577 -8.326937

v 15.178185 0.263046 -8.341205

v 15.253952 0.297342 -8.403044

v 15.257674 0.331309 -8.399647

v 15.316133 0.332102 -8.478465

v 15.312129 0.298132 -8.481483

v 15.366586 0.332950 -8.562634

v 15.362339 0.298975 -8.565247

v 15.408545 0.333843 -8.651343

v 15.390791 0.266249 -8.659378

v 15.404095 0.299863 -8.653529

v 15.441604 0.334773 -8.743737

v 15.436996 0.300789 -8.745478

v 15.465448 0.335731 -8.838928

v 15.460727 0.301743 -8.840210

v 15.479849 0.336708 -8.935995

v 15.475057 0.302715 -8.936810

v 15.484664 0.337695 -9.034008

v 15.465448 0.270027 -9.034690

v 15.479849 0.303697 -9.034350

v 15.479849 0.338681 -9.132020

v 15.475057 0.304679 -9.131891

v 15.465450 0.339658 -9.229089

v 15.460727 0.305651 -9.228492

v 15.441604 0.340617 -9.324279

v 15.436996 0.306605 -9.323223

v 15.408545 0.341547 -9.416672

v 15.390791 0.273805 -9.410002

v 15.404095 0.307530 -9.415173

v 15.366586 0.342440 -9.505381

v 15.362339 0.308419 -9.503455

v 15.316133 0.343287 -9.589551

v 15.312129 0.309262 -9.587218

v 15.257674 0.344080 -9.668369

v 15.253952 0.310052 -9.665658

v 15.178185 0.277007 -9.728174

v 15.143288 0.220226 -9.693848

v 14.841108 0.222258 -9.895747

v 15.345195 0.217184 -9.391684

v 15.088192 0.165374 -9.639302

v 14.484663 0.222972 -9.966644

v 14.811291 0.167237 -9.824312

v 14.128219 0.222258 -9.895746

v 14.484663 0.167891 -9.889278

v 13.826039 0.220226 -9.693848

v 14.158037 0.167237 -9.824312

v 13.881135 0.165374 -9.639302

v 13.624132 0.217184 -9.391684

v 13.969893 0.108806 -9.551109

v 13.553229 0.213596 -9.035257

v 13.696115 0.162587 -9.362415

v 13.624132 0.210008 -8.678831

v 13.631145 0.159299 -9.035804

v 13.696115 0.156011 -8.709194

v 13.812081 0.106428 -9.314943

v 13.812081 0.100820 -8.757787

v 13.881135 0.153224 -8.432307

v 13.826039 0.206966 -8.376668

v 14.128219 0.204934 -8.174768

v 14.158036 0.151362 -8.247296

v 14.484663 0.204220 -8.103870

v 14.484663 0.150708 -8.182330

v 14.841108 0.204934 -8.174768

v 15.143288 0.206966 -8.376667

v 14.811291 0.151362 -8.247296

v 15.345195 0.210008 -8.678831

v 15.088192 0.153224 -8.432307

v 15.416098 0.213596 -9.035257

v 15.273211 0.156011 -8.709194

v 15.338181 0.159299 -9.035804

v 15.273211 0.162587 -9.362415

v 15.157245 0.100820 -8.757787

v 15.157245 0.106428 -9.314943

v 15.212660 0.103624 -9.036365

v 14.999434 0.098442 -8.521620

v 14.965242 0.042460 -8.837908

v 14.763254 0.096854 -8.363817

v 14.852484 0.040761 -8.669159

v 14.484663 0.096296 -8.308406

v 14.683726 0.039626 -8.556405

v 14.206073 0.096854 -8.363817

v 14.484663 0.039228 -8.516811

v 13.969893 0.098442 -8.521620

v 14.285601 0.039626 -8.556405

v 14.004085 0.042460 -8.837908

v 14.116843 0.040761 -8.669159

v 14.302681 0.006764 -8.855349

v 14.386175 0.006202 -8.799562

v 14.484663 0.006005 -8.779974

v 14.583151 0.006202 -8.799562

v 14.484663 -0.000219 -9.037410

v 14.666645 0.006764 -8.855349

v 14.722434 0.007604 -8.938839

v 15.004837 0.044464 -9.036960

v 14.742024 0.008595 -9.037321

v 14.965242 0.046467 -9.236012

v 14.722434 0.009587 -9.135804

v 14.666645 0.010427 -9.219294

v 14.852484 0.048166 -9.404760

v 14.999434 0.108806 -9.551109

v 14.683726 0.049301 -9.517515

v 14.763254 0.110394 -9.708911

v 14.583151 0.010989 -9.275081

v 14.484663 0.049700 -9.557109

v 14.484663 0.110952 -9.764324

v 14.206073 0.110394 -9.708911

v 14.484663 0.011186 -9.294669

v 14.285601 0.049301 -9.517515

v 14.386175 0.010989 -9.275080

v 14.116843 0.048166 -9.404759

v 14.302681 0.010427 -9.219294

v 14.246893 0.009587 -9.135804

v 14.004085 0.046467 -9.236012

v 13.756667 0.103624 -9.036365

v 13.964489 0.044464 -9.036960

v 14.246893 0.007604 -8.938839

v 14.227303 0.008595 -9.037321



vt 0.923828 0.004395

vt 0.937012 0.364746

vt 0.923828 0.364746

vt 0.937012 0.004395

vt 0.927246 0.598633

vt 0.902344 0.614502

vt 0.902344 0.598633

vt 0.927246 0.614502

vt 0.506348 0.604492

vt 0.490723 0.629150

vt 0.490723 0.604492

vt 0.506348 0.629150

vt 0.594238 0.568359

vt 0.574219 0.548584

vt 0.594238 0.548584

vt 0.574219 0.568359

vt 0.876953 0.684570

vt 0.857422 0.686279

vt 0.857422 0.684570

vt 0.876953 0.686279

vt 0.905273 0.686279

vt 0.885254 0.684570

vt 0.905273 0.684570

vt 0.885254 0.686279

vt 0.743652 0.704590

vt 0.724121 0.706299

vt 0.724121 0.704590

vt 0.743652 0.706299

vt 0.933105 0.684570

vt 0.913086 0.686279

vt 0.913086 0.684570

vt 0.933105 0.686279

vt 0.678223 0.512451

vt 0.658203 0.492676

vt 0.678223 0.492676

vt 0.658203 0.512451

vt 0.751465 0.903442

vt 0.731445 0.905029

vt 0.731445 0.903442

vt 0.751465 0.905029

vt 0.669434 0.796265

vt 0.649414 0.794556

vt 0.669434 0.794556

vt 0.649414 0.796265

vt 0.835938 0.716309

vt 0.855469 0.714600

vt 0.855469 0.716309

vt 0.835938 0.714600

vt 0.548340 0.754639

vt 0.528320 0.756226

vt 0.528320 0.754639

vt 0.548340 0.756226

vt 0.866699 0.414551

vt 0.846680 0.394531

vt 0.866699 0.394531

vt 0.846680 0.414551

vt 0.677734 0.796265

vt 0.697266 0.794556

vt 0.697266 0.796265

vt 0.677734 0.794556

vt 0.766113 0.780762

vt 0.764648 0.800781

vt 0.764648 0.780762

vt 0.766113 0.800781

vt 0.500000 0.696289

vt 0.520020 0.694580

vt 0.520020 0.696289

vt 0.500000 0.694580

vt 0.911621 0.694580

vt 0.891602 0.696289

vt 0.891602 0.694580

vt 0.911621 0.696289

vt 0.622070 0.568359

vt 0.602539 0.548584

vt 0.622070 0.548584

vt 0.602539 0.568359

vt 0.705566 0.796265

vt 0.725586 0.794556

vt 0.725586 0.796265

vt 0.705566 0.794556

vt 0.679199 0.903442

vt 0.699219 0.905029

vt 0.679199 0.905029

vt 0.699219 0.903442

vt 0.863770 0.716309

vt 0.883789 0.714600

vt 0.883789 0.716309

vt 0.863770 0.714600

vt 0.604004 0.754639

vt 0.583984 0.756226

vt 0.583984 0.754639

vt 0.604004 0.756226

vt 0.650391 0.548584

vt 0.630371 0.568359

vt 0.630371 0.548584

vt 0.650391 0.568359

vt 0.733398 0.796265

vt 0.753418 0.794556

vt 0.753418 0.796265

vt 0.733398 0.794556

vt 0.993164 0.722656

vt 0.995117 0.702637

vt 0.995117 0.722656

vt 0.993164 0.702637

vt 0.631836 0.754639

vt 0.611816 0.756226

vt 0.611816 0.754639

vt 0.631836 0.756226

vt 0.790039 0.796265

vt 0.810059 0.794556

vt 0.810059 0.796265

vt 0.790039 0.794556

vt 0.706055 0.512451

vt 0.686035 0.492676

vt 0.706055 0.492676

vt 0.686035 0.512451

vt 0.919434 0.696289

vt 0.939453 0.694580

vt 0.939453 0.696289

vt 0.919434 0.694580

vt 0.837891 0.796265

vt 0.818359 0.794556

vt 0.837891 0.794556

vt 0.818359 0.796265

vt 0.864746 0.796265

vt 0.884277 0.794556

vt 0.884277 0.796265

vt 0.864746 0.794556

vt 0.751953 0.716309

vt 0.771973 0.714600

vt 0.771973 0.716309

vt 0.751953 0.714600

vt 0.714355 0.512451

vt 0.734375 0.492676

vt 0.734375 0.512451

vt 0.714355 0.492676

vt 0.751953 0.706299

vt 0.771973 0.704590

vt 0.771973 0.706299

vt 0.751953 0.704590

vt 0.771484 0.736328

vt 0.751953 0.734619

vt 0.771484 0.734619

vt 0.751953 0.736328

vt 0.983887 0.568604

vt 0.985352 0.588379

vt 0.983887 0.588379

vt 0.985352 0.568604

vt 0.500000 0.796265

vt 0.520020 0.794556

vt 0.520020 0.796265

vt 0.500000 0.794556

vt 0.742188 0.596436

vt 0.762207 0.576416

vt 0.762207 0.596436

vt 0.742188 0.576416

vt 0.520020 0.808594

vt 0.500000 0.810181

vt 0.500000 0.808594

vt 0.520020 0.810181

vt 0.798828 0.774658

vt 0.818848 0.776245

vt 0.798828 0.776245

vt 0.818848 0.774658

vt 0.640137 0.754639

vt 0.641602 0.774536

vt 0.640137 0.774536

vt 0.641602 0.754639

vt 0.846680 0.774658

vt 0.827148 0.776245

vt 0.827148 0.774658

vt 0.846680 0.776245

vt 0.742188 0.492676

vt 0.762207 0.512451

vt 0.742188 0.512451

vt 0.762207 0.492676

vt 0.548340 0.694580

vt 0.528320 0.696289

vt 0.528320 0.694580

vt 0.548340 0.696289

vt 0.537598 0.808594

vt 0.557617 0.810181

vt 0.537598 0.810181

vt 0.557617 0.808594

vt 0.911621 0.714600

vt 0.891602 0.716309

vt 0.891602 0.714600

vt 0.911621 0.716309

vt 0.528320 0.842285

vt 0.548340 0.840698

vt 0.548340 0.842285

vt 0.528320 0.840698

vt 0.874512 0.552490

vt 0.894531 0.532471

vt 0.894531 0.552490

vt 0.874512 0.532471

vt 0.669434 0.754639

vt 0.649414 0.756226

vt 0.649414 0.754639

vt 0.669434 0.756226

vt 0.697754 0.756226

vt 0.677734 0.754639

vt 0.697754 0.754639

vt 0.677734 0.756226

vt 0.565918 0.810181

vt 0.585449 0.808594

vt 0.585449 0.810181

vt 0.565918 0.808594

vt 0.659668 0.734619

vt 0.640137 0.736328

vt 0.640137 0.734619

vt 0.659668 0.736328

vt 0.886719 0.448730

vt 0.906738 0.468750

vt 0.886719 0.468750

vt 0.906738 0.448730

vt 0.613770 0.808594

vt 0.593750 0.810181

vt 0.593750 0.808594

vt 0.613770 0.810181

vt 0.725586 0.756226

vt 0.705566 0.754639

vt 0.725586 0.754639

vt 0.705566 0.756226

vt 0.799805 0.834595

vt 0.779785 0.836182

vt 0.779785 0.834595

vt 0.799805 0.836182

vt 0.753418 0.754639

vt 0.733398 0.756226

vt 0.733398 0.754639

vt 0.753418 0.756226

vt 0.846680 0.470703

vt 0.866699 0.450684

vt 0.866699 0.470703

vt 0.846680 0.450684

vt 0.912598 0.802612

vt 0.892578 0.804199

vt 0.892578 0.802612

vt 0.912598 0.804199

vt 0.761230 0.754639

vt 0.781250 0.756226

vt 0.761230 0.756226

vt 0.781250 0.754639

vt 0.799805 0.704590

vt 0.779785 0.706299

vt 0.779785 0.704590

vt 0.799805 0.706299

vt 0.556152 0.696289

vt 0.576172 0.694580

vt 0.576172 0.696289

vt 0.556152 0.694580

vt 0.935059 0.598633

vt 0.955078 0.612305

vt 0.935059 0.612305

vt 0.955078 0.598633

vt 0.604004 0.694580

vt 0.583984 0.696289

vt 0.583984 0.694580

vt 0.604004 0.696289

vt 0.982910 0.966614

vt 0.981445 0.986565

vt 0.981445 0.966614

vt 0.982910 0.986565

vt 0.901367 0.355957

vt 0.915039 0.354492

vt 0.915039 0.355957

vt 0.901367 0.354492

vt 0.928223 0.676270

vt 0.941895 0.674561

vt 0.941895 0.676270

vt 0.928223 0.674561

vt 0.790039 0.512451

vt 0.770020 0.492676

vt 0.790039 0.492676

vt 0.770020 0.512451

vt 0.895020 0.903137

vt 0.875488 0.901550

vt 0.895020 0.901550

vt 0.875488 0.903137

vt 0.641602 0.804565

vt 0.621582 0.806274

vt 0.621582 0.804565

vt 0.641602 0.806274

vt 0.807617 0.706299

vt 0.827637 0.704590

vt 0.827637 0.706299

vt 0.807617 0.704590

vt 0.500000 0.726318

vt 0.520020 0.724609

vt 0.520020 0.726318

vt 0.500000 0.724609

vt 0.714355 0.596436

vt 0.733887 0.576416

vt 0.733887 0.596436

vt 0.714355 0.576416

vt 0.500000 0.704590

vt 0.520020 0.706299

vt 0.500000 0.706299

vt 0.520020 0.704590

vt 0.593750 0.846191

vt 0.613770 0.844604

vt 0.613770 0.846191

vt 0.593750 0.844604

vt 0.855469 0.704590

vt 0.835938 0.706299

vt 0.835938 0.704590

vt 0.855469 0.706299

vt 0.611816 0.696289

vt 0.631836 0.694580

vt 0.631836 0.696289

vt 0.611816 0.694580

vt 0.894531 0.524414

vt 0.874512 0.504395

vt 0.894531 0.504395

vt 0.874512 0.524414

vt 0.687988 0.736328

vt 0.667969 0.734619

vt 0.687988 0.734619

vt 0.667969 0.736328

vt 0.649414 0.806274

vt 0.669434 0.804565

vt 0.669434 0.806274

vt 0.649414 0.804565

vt 0.697266 0.804565

vt 0.677734 0.806274

vt 0.677734 0.804565

vt 0.697266 0.806274

vt 0.791016 0.774536

vt 0.789551 0.754639

vt 0.791016 0.754639

vt 0.789551 0.774536

vt 0.622559 0.512451

vt 0.602539 0.492676

vt 0.622559 0.492676

vt 0.602539 0.512451

vt 0.474854 0.708496

vt 0.473145 0.728516

vt 0.473145 0.708496

vt 0.474854 0.728516

vt 0.982422 0.896973

vt 0.983887 0.916931

vt 0.982422 0.916931

vt 0.983887 0.896973

vt 0.818848 0.754639

vt 0.798828 0.756226

vt 0.798828 0.754639

vt 0.818848 0.756226

vt 0.827148 0.756226

vt 0.846680 0.754639

vt 0.846680 0.756226

vt 0.827148 0.754639

vt 0.678223 0.568359

vt 0.658203 0.548584

vt 0.678223 0.548584

vt 0.658203 0.568359

vt 0.993164 0.610596

vt 0.995117 0.590576

vt 0.995117 0.610596

vt 0.993164 0.590576

vt 0.705566 0.806274

vt 0.725586 0.804565

vt 0.725586 0.806274

vt 0.705566 0.804565

vt 0.807617 0.592529

vt 0.809082 0.612549

vt 0.807617 0.612549

vt 0.809082 0.592529

vt 0.640137 0.696289

vt 0.660156 0.694580

vt 0.660156 0.696289

vt 0.640137 0.694580

vt 0.866699 0.526367

vt 0.846680 0.506592

vt 0.866699 0.506592

vt 0.846680 0.526367

vt 0.753418 0.806274

vt 0.733398 0.804565

vt 0.753418 0.804565

vt 0.733398 0.806274

vt 0.827637 0.834595

vt 0.807617 0.836182

vt 0.807617 0.834595

vt 0.827637 0.836182

vt 0.810059 0.804565

vt 0.790039 0.806274

vt 0.790039 0.804565

vt 0.810059 0.806274

vt 0.548340 0.724609

vt 0.528320 0.726318

vt 0.528320 0.724609

vt 0.548340 0.726318

vt 0.734375 0.540527

vt 0.714355 0.520508

vt 0.734375 0.520508

vt 0.714355 0.540527

vt 0.854980 0.774536

vt 0.856445 0.754639

vt 0.856445 0.774536

vt 0.854980 0.754639

vt 0.790039 0.786255

vt 0.810059 0.784668

vt 0.810059 0.786255

vt 0.790039 0.784668

vt 0.687988 0.694580

vt 0.667969 0.696289

vt 0.667969 0.694580

vt 0.687988 0.696289

vt 0.864746 0.756226

vt 0.884277 0.754639

vt 0.884277 0.756226

vt 0.864746 0.754639

vt 0.902344 0.534424

vt 0.922363 0.514404

vt 0.922363 0.534424

vt 0.902344 0.514404

vt 0.809082 0.564453

vt 0.807617 0.584473

vt 0.807617 0.564453

vt 0.809082 0.584473

vt 0.883789 0.704590

vt 0.863770 0.706299

vt 0.863770 0.704590

vt 0.883789 0.706299

vt 0.891602 0.706299

vt 0.911621 0.704590

vt 0.911621 0.706299

vt 0.891602 0.704590

vt 0.837891 0.804565

vt 0.818359 0.806274

vt 0.818359 0.804565

vt 0.837891 0.806274

vt 0.950195 0.514404

vt 0.930664 0.534424

vt 0.930664 0.514404

vt 0.950195 0.534424

vt 0.983887 0.616455

vt 0.985352 0.596436

vt 0.985352 0.616455

vt 0.983887 0.596436

vt 0.548340 0.704590

vt 0.528320 0.706299

vt 0.528320 0.704590

vt 0.548340 0.706299

vt 0.864746 0.806274

vt 0.884277 0.804565

vt 0.884277 0.806274

vt 0.864746 0.804565

vt 0.926758 0.981476

vt 0.906738 0.983063

vt 0.906738 0.981476

vt 0.926758 0.983063

vt 0.846680 0.534424

vt 0.866699 0.554443

vt 0.846680 0.554443

vt 0.866699 0.534424

vt 0.835449 0.834595

vt 0.855469 0.836182

vt 0.835449 0.836182

vt 0.855469 0.834595

vt 0.940430 0.810669

vt 0.920410 0.812256

vt 0.920410 0.810669

vt 0.940430 0.812256

vt 0.892578 0.756226

vt 0.912598 0.754639

vt 0.912598 0.756226

vt 0.892578 0.754639

vt 0.621582 0.846191

vt 0.641602 0.844604

vt 0.641602 0.846191

vt 0.621582 0.844604

vt 0.510254 0.520508

vt 0.490723 0.540527

vt 0.490723 0.520508

vt 0.510254 0.540527

vt 0.916504 0.902771

vt 0.936523 0.904358

vt 0.916504 0.904358

vt 0.936523 0.902771

vt 0.556152 0.726318

vt 0.576172 0.724609

vt 0.576172 0.726318

vt 0.556152 0.724609

vt 0.651367 0.864624

vt 0.649414 0.844604

vt 0.651367 0.844604

vt 0.649414 0.864624

vt 0.919434 0.706299

vt 0.939453 0.704590

vt 0.939453 0.706299

vt 0.919434 0.704590

vt 0.902344 0.542480

vt 0.922363 0.562500

vt 0.902344 0.562500

vt 0.922363 0.542480

vt 0.779785 0.734619

vt 0.799805 0.736328

vt 0.779785 0.736328

vt 0.799805 0.734619

vt 0.604004 0.724609

vt 0.583984 0.726318

vt 0.583984 0.724609

vt 0.604004 0.726318

vt 0.920410 0.754639

vt 0.921875 0.774536

vt 0.920410 0.774536

vt 0.921875 0.754639

vt 0.807617 0.736328

vt 0.827637 0.734619

vt 0.827637 0.736328

vt 0.807617 0.734619

vt 0.706055 0.548584

vt 0.686035 0.568359

vt 0.686035 0.548584

vt 0.706055 0.568359

vt 0.611816 0.724609

vt 0.631836 0.726318

vt 0.611816 0.726318

vt 0.631836 0.724609

vt 0.835449 0.736328

vt 0.855469 0.734619

vt 0.855469 0.736328

vt 0.835449 0.734619

vt 0.715820 0.694580

vt 0.695801 0.696289

vt 0.695801 0.694580

vt 0.715820 0.696289

vt 0.959961 0.588379

vt 0.958496 0.568604

vt 0.959961 0.568604

vt 0.958496 0.588379

vt 0.930664 0.542480

vt 0.950195 0.562500

vt 0.930664 0.562500

vt 0.950195 0.542480

vt 0.520020 0.766235

vt 0.500000 0.764648

vt 0.520020 0.764648

vt 0.500000 0.766235

vt 0.864746 0.776245

vt 0.884277 0.774658

vt 0.884277 0.776245

vt 0.864746 0.774658

vt 0.985352 0.700439

vt 0.983887 0.680664

vt 0.985352 0.680664

vt 0.983887 0.700439

vt 0.659180 0.846191

vt 0.679199 0.844604

vt 0.679199 0.846191

vt 0.659180 0.844604

vt 0.518555 0.540527

vt 0.538574 0.520508

vt 0.538574 0.540527

vt 0.518555 0.520508

vt 0.715820 0.736328

vt 0.695801 0.734619

vt 0.715820 0.734619

vt 0.695801 0.736328

vt 0.931641 0.774536

vt 0.930176 0.754639

vt 0.931641 0.754639

vt 0.930176 0.774536

vt 0.640137 0.726318

vt 0.659668 0.724609

vt 0.659668 0.726318

vt 0.640137 0.724609

vt 0.500000 0.822266

vt 0.520020 0.820679

vt 0.520020 0.822266

vt 0.500000 0.820679

vt 0.546387 0.540527

vt 0.566406 0.520508

vt 0.566406 0.540527

vt 0.546387 0.520508

vt 0.983887 0.728516

vt 0.985352 0.708496

vt 0.985352 0.728516

vt 0.983887 0.708496

vt 0.687012 0.844604

vt 0.688477 0.864624

vt 0.687012 0.864624

vt 0.688477 0.844604

vt 0.528320 0.766235

vt 0.548340 0.764648

vt 0.548340 0.766235

vt 0.528320 0.764648

vt 0.751953 0.842285

vt 0.771484 0.840698

vt 0.771484 0.842285

vt 0.751953 0.840698

vt 0.733887 0.548584

vt 0.714355 0.568359

vt 0.714355 0.548584

vt 0.733887 0.568359

vt 0.576172 0.706299

vt 0.556152 0.704590

vt 0.576172 0.704590

vt 0.556152 0.706299

vt 0.912598 0.812622

vt 0.892578 0.814209

vt 0.892578 0.812622

vt 0.912598 0.814209

vt 0.799805 0.744629

vt 0.779785 0.746338

vt 0.779785 0.744629

vt 0.799805 0.746338

vt 0.576172 0.764648

vt 0.556152 0.766235

vt 0.556152 0.764648

vt 0.576172 0.766235

vt 0.950195 0.486816

vt 0.930664 0.506348

vt 0.930664 0.486816

vt 0.950195 0.506348

vt 0.981934 0.952667

vt 0.983887 0.932739

vt 0.983887 0.952667

vt 0.981934 0.932739

vt 0.474854 0.812622

vt 0.473145 0.792603

vt 0.474854 0.792603

vt 0.473145 0.812622

vt 0.993164 0.618652

vt 0.995117 0.638428

vt 0.993164 0.638428

vt 0.995117 0.618652

vt 0.667969 0.726318

vt 0.687988 0.724609

vt 0.687988 0.726318

vt 0.667969 0.724609

vt 0.762207 0.548584

vt 0.742188 0.568359

vt 0.742188 0.548584

vt 0.762207 0.568359

vt 0.500000 0.714600

vt 0.520020 0.716309

vt 0.500000 0.716309

vt 0.520020 0.714600

vt 0.695801 0.726318

vt 0.715820 0.724609

vt 0.715820 0.726318

vt 0.695801 0.724609

vt 0.863770 0.736328

vt 0.883301 0.734619

vt 0.883301 0.736328

vt 0.863770 0.734619

vt 0.548340 0.820679

vt 0.528320 0.822266

vt 0.528320 0.820679

vt 0.548340 0.822266

vt 0.770020 0.568359

vt 0.790039 0.548584

vt 0.790039 0.568359

vt 0.770020 0.548584

vt 0.042999 0.933105

vt 0.023041 0.934692

vt 0.023041 0.933105

vt 0.042999 0.934692

vt 0.723633 0.724609

vt 0.743652 0.726318

vt 0.723633 0.726318

vt 0.743652 0.724609

vt 0.621582 0.816284

vt 0.641602 0.814575

vt 0.641602 0.816284

vt 0.621582 0.814575

vt 0.743652 0.694580

vt 0.724121 0.696289

vt 0.724121 0.694580

vt 0.743652 0.696289

vt 0.874512 0.580566

vt 0.894531 0.560547

vt 0.894531 0.580566

vt 0.874512 0.560547

vt 0.604004 0.764648

vt 0.583984 0.766235

vt 0.583984 0.764648

vt 0.604004 0.766235

vt 0.771973 0.696289

vt 0.751953 0.694580

vt 0.771973 0.694580

vt 0.751953 0.696289

vt 0.649414 0.816284

vt 0.669434 0.814575

vt 0.669434 0.816284

vt 0.649414 0.814575

vt 0.921875 0.782593

vt 0.901855 0.784180

vt 0.901855 0.782593

vt 0.921875 0.784180

vt 0.915039 0.478516

vt 0.934570 0.458496

vt 0.934570 0.478516

vt 0.915039 0.458496

vt 0.797852 0.574463

vt 0.799805 0.594482

vt 0.797852 0.594482

vt 0.799805 0.574463

vt 0.771484 0.726318

vt 0.751953 0.724609

vt 0.771484 0.724609

vt 0.751953 0.726318

vt 0.677734 0.816284

vt 0.697266 0.814575

vt 0.697266 0.816284

vt 0.677734 0.814575

vt 0.705566 0.816284

vt 0.725586 0.814575

vt 0.725586 0.816284

vt 0.705566 0.814575

vt 0.846680 0.498535

vt 0.866699 0.478516

vt 0.866699 0.498535

vt 0.846680 0.478516

vt 0.753418 0.814575

vt 0.733398 0.816284

vt 0.733398 0.814575

vt 0.753418 0.816284

vt 0.832520 0.903503

vt 0.852539 0.901855

vt 0.852539 0.903503

vt 0.832520 0.901855

vt 0.631836 0.764648

vt 0.611816 0.766235

vt 0.611816 0.764648

vt 0.631836 0.766235

vt 0.537598 0.796265

vt 0.557617 0.794556

vt 0.557617 0.796265

vt 0.537598 0.794556

vt 0.742188 0.540527

vt 0.762207 0.520508

vt 0.762207 0.540527

vt 0.742188 0.520508

vt 0.809082 0.814575

vt 0.789551 0.816162

vt 0.789551 0.814575

vt 0.809082 0.816162

vt 0.817383 0.816284

vt 0.837402 0.814575

vt 0.837402 0.816284

vt 0.817383 0.814575

vt 0.838379 0.784668

vt 0.818359 0.786255

vt 0.818359 0.784668

vt 0.838379 0.786255

vt 0.799805 0.694580

vt 0.779785 0.696289

vt 0.779785 0.694580

vt 0.799805 0.696289

vt 0.490723 0.512451

vt 0.510254 0.492676

vt 0.510254 0.512451

vt 0.490723 0.492676

vt 0.520020 0.784668

vt 0.500000 0.786255

vt 0.500000 0.784668

vt 0.520020 0.786255

vt 0.799805 0.724609

vt 0.779785 0.726318

vt 0.779785 0.724609

vt 0.799805 0.726318

vt 0.799805 0.566406

vt 0.797852 0.546387

vt 0.799805 0.546387

vt 0.797852 0.566406

vt 0.576172 0.714600

vt 0.556152 0.716309

vt 0.556152 0.714600

vt 0.576172 0.716309

vt 0.934570 0.422363

vt 0.966797 0.402344

vt 0.966797 0.422363

vt 0.934570 0.402344

vt 0.649414 0.766235

vt 0.669434 0.764648

vt 0.669434 0.766235

vt 0.649414 0.764648

vt 0.920410 0.840698

vt 0.940430 0.842285

vt 0.920410 0.842285

vt 0.940430 0.840698

vt 0.985352 0.528809

vt 0.983887 0.496582

vt 0.985352 0.496582

vt 0.983887 0.528809

vt 0.959473 0.638672

vt 0.927246 0.640137

vt 0.927246 0.638672

vt 0.959473 0.640137

vt 0.846680 0.562500

vt 0.866699 0.582520

vt 0.846680 0.582520

vt 0.866699 0.562500

vt 0.845215 0.816284

vt 0.865234 0.814575

vt 0.865234 0.816284

vt 0.845215 0.814575

vt 0.983887 0.812622

vt 0.985352 0.792603

vt 0.985352 0.812622

vt 0.983887 0.792603

vt 0.528320 0.784668

vt 0.529785 0.804565

vt 0.528320 0.804565

vt 0.529785 0.784668

vt 0.604004 0.704590

vt 0.583984 0.706299

vt 0.583984 0.704590

vt 0.604004 0.706299

vt 0.574219 0.520508

vt 0.594238 0.540527

vt 0.574219 0.540527

vt 0.594238 0.520508

vt 0.611816 0.706299

vt 0.631836 0.704590

vt 0.631836 0.706299

vt 0.611816 0.704590

vt 0.557617 0.786255

vt 0.537598 0.784668

vt 0.557617 0.784668

vt 0.537598 0.786255

vt 0.827637 0.724609

vt 0.807617 0.726318

vt 0.807617 0.724609

vt 0.827637 0.726318

vt 0.556152 0.820190

vt 0.576172 0.818604

vt 0.576172 0.820190

vt 0.556152 0.818604

vt 0.902344 0.486816

vt 0.922363 0.506348

vt 0.902344 0.506348

vt 0.922363 0.486816

vt 0.807617 0.746338

vt 0.827637 0.744629

vt 0.827637 0.746338

vt 0.807617 0.744629

vt 0.583984 0.818604

vt 0.604004 0.820190

vt 0.583984 0.820190

vt 0.604004 0.818604

vt 0.827637 0.714600

vt 0.807617 0.716309

vt 0.807617 0.714600

vt 0.827637 0.716309

vt 0.697754 0.764648

vt 0.677734 0.766235

vt 0.677734 0.764648

vt 0.697754 0.766235

vt 0.959473 0.430664

vt 0.933594 0.450684

vt 0.933594 0.430664

vt 0.959473 0.450684

vt 0.585449 0.786255

vt 0.565918 0.784668

vt 0.585449 0.784668

vt 0.565918 0.786255

vt 0.884277 0.784668

vt 0.864746 0.786255

vt 0.864746 0.784668

vt 0.884277 0.786255

vt 0.823242 0.674561

vt 0.797363 0.676270

vt 0.797363 0.674561

vt 0.823242 0.676270

vt 0.995117 0.522705

vt 0.993164 0.496582

vt 0.995117 0.496582

vt 0.993164 0.522705

vt 0.622070 0.540527

vt 0.602539 0.520508

vt 0.622070 0.520508

vt 0.602539 0.540527

vt 0.939453 0.736328

vt 0.919434 0.734619

vt 0.939453 0.734619

vt 0.919434 0.736328

vt 0.797852 0.902954

vt 0.777832 0.904541

vt 0.777832 0.902954

vt 0.797852 0.904541

vt 0.893066 0.842651

vt 0.873047 0.844238

vt 0.873047 0.842651

vt 0.893066 0.844238

vt 0.827637 0.694580

vt 0.807617 0.696289

vt 0.807617 0.694580

vt 0.827637 0.696289

vt 0.922363 0.590576

vt 0.902344 0.570557

vt 0.922363 0.570557

vt 0.902344 0.590576

vt 0.725586 0.766235

vt 0.705566 0.764648

vt 0.725586 0.764648

vt 0.705566 0.766235

vt 0.583984 0.716309

vt 0.604004 0.714600

vt 0.604004 0.716309

vt 0.583984 0.714600

vt 0.941406 0.802612

vt 0.939453 0.782593

vt 0.941406 0.782593

vt 0.939453 0.802612

vt 0.565918 0.796265

vt 0.585449 0.794556

vt 0.585449 0.796265

vt 0.565918 0.794556

vt 0.510254 0.568359

vt 0.490723 0.548584

vt 0.510254 0.548584

vt 0.490723 0.568359

vt 0.901855 0.792603

vt 0.921875 0.794189

vt 0.901855 0.794189

vt 0.921875 0.792603

vt 0.696777 0.846191

vt 0.716797 0.844604

vt 0.716797 0.846191

vt 0.696777 0.844604

vt 0.593750 0.786255

vt 0.613770 0.784668

vt 0.613770 0.786255

vt 0.593750 0.784668

vt 0.874512 0.834595

vt 0.873047 0.814575

vt 0.874512 0.814575

vt 0.873047 0.834595

vt 0.770020 0.576416

vt 0.790039 0.596436

vt 0.770020 0.596436

vt 0.790039 0.576416

vt 0.520020 0.746338

vt 0.500000 0.744629

vt 0.520020 0.744629

vt 0.500000 0.746338

vt 0.944336 0.983902

vt 0.964355 0.982315

vt 0.964355 0.983902

vt 0.944336 0.982315

vt 0.799805 0.844604

vt 0.779785 0.846191

vt 0.779785 0.844604

vt 0.799805 0.846191

vt 0.528320 0.746338

vt 0.548340 0.744629

vt 0.548340 0.746338

vt 0.528320 0.744629

vt 0.930664 0.590576

vt 0.950195 0.570557

vt 0.950195 0.590576

vt 0.930664 0.570557

vt 0.781250 0.766235

vt 0.761230 0.764648

vt 0.781250 0.764648

vt 0.761230 0.766235

vt 0.959961 0.560547

vt 0.958496 0.540527

vt 0.959961 0.540527

vt 0.958496 0.560547

vt 0.621582 0.786255

vt 0.641602 0.784668

vt 0.641602 0.786255

vt 0.621582 0.784668

vt 0.798828 0.766235

vt 0.818848 0.764648

vt 0.818848 0.766235

vt 0.798828 0.764648

vt 0.942871 0.478516

vt 0.962891 0.458496

vt 0.962891 0.478516

vt 0.942871 0.458496

vt 0.556152 0.744629

vt 0.576172 0.746338

vt 0.556152 0.746338

vt 0.576172 0.744629

vt 0.983887 0.624512

vt 0.985352 0.644531

vt 0.983887 0.644531

vt 0.985352 0.624512

vt 0.883301 0.724609

vt 0.863770 0.726318

vt 0.863770 0.724609

vt 0.883301 0.726318

vt 0.781250 0.820679

vt 0.761230 0.822266

vt 0.761230 0.820679

vt 0.781250 0.822266

vt 0.518555 0.512451

vt 0.538574 0.492676

vt 0.538574 0.512451

vt 0.518555 0.492676

vt 0.827148 0.764648

vt 0.846680 0.766235

vt 0.827148 0.766235

vt 0.846680 0.764648

vt 0.993164 0.646484

vt 0.995117 0.666504

vt 0.993164 0.666504

vt 0.995117 0.646484

vt 0.855469 0.694580

vt 0.835938 0.696289

vt 0.835938 0.694580

vt 0.855469 0.696289

vt 0.631836 0.714600

vt 0.611816 0.716309

vt 0.611816 0.714600

vt 0.631836 0.716309

vt 0.490723 0.576416

vt 0.510254 0.596436

vt 0.490723 0.596436

vt 0.510254 0.576416

vt 0.884277 0.814575

vt 0.882812 0.834595

vt 0.882812 0.814575

vt 0.884277 0.834595

vt 0.941406 0.774536

vt 0.939453 0.754639

vt 0.941406 0.754639

vt 0.939453 0.774536

vt 0.865234 0.854614

vt 0.863770 0.834595

vt 0.865234 0.834595

vt 0.863770 0.854614

vt 0.920410 0.822266

vt 0.940430 0.820679

vt 0.940430 0.822266

vt 0.920410 0.820679

vt 0.894531 0.588623

vt 0.874512 0.608398

vt 0.874512 0.588623

vt 0.894531 0.608398

vt 0.583984 0.744629

vt 0.604004 0.746338

vt 0.583984 0.746338

vt 0.604004 0.744629

vt 0.864746 0.766235

vt 0.884277 0.764648

vt 0.884277 0.766235

vt 0.864746 0.764648

vt 0.593750 0.796265

vt 0.613770 0.794556

vt 0.613770 0.796265

vt 0.593750 0.794556

vt 0.995117 0.834595

vt 0.993164 0.814575

vt 0.995117 0.814575

vt 0.993164 0.834595

vt 0.518555 0.596436

vt 0.538574 0.576416

vt 0.538574 0.596436

vt 0.518555 0.576416

vt 0.474854 0.652588

vt 0.473145 0.672607

vt 0.473145 0.652588

vt 0.474854 0.672607

vt 0.912109 0.822632

vt 0.892578 0.824219

vt 0.892578 0.822632

vt 0.912109 0.824219

vt 0.993164 0.758545

vt 0.995117 0.778564

vt 0.993164 0.778564

vt 0.995117 0.758545

vt 0.891602 0.726318

vt 0.911621 0.724609

vt 0.911621 0.726318

vt 0.891602 0.724609

vt 0.546387 0.596436

vt 0.566406 0.576416

vt 0.566406 0.596436

vt 0.546387 0.576416

vt 0.446289 0.933105

vt 0.466309 0.934692

vt 0.446289 0.934692

vt 0.466309 0.933105

vt 0.631836 0.824585

vt 0.611816 0.826294

vt 0.611816 0.824585

vt 0.631836 0.826294

vt 0.631836 0.744629

vt 0.611816 0.746338

vt 0.611816 0.744629

vt 0.631836 0.746338

vt 0.912598 0.764648

vt 0.892578 0.766235

vt 0.892578 0.764648

vt 0.912598 0.766235

vt 0.944824 0.354492

vt 0.964844 0.393066

vt 0.944824 0.393066

vt 0.964844 0.354492

vt 0.640137 0.824585

vt 0.659668 0.826294

vt 0.640137 0.826294

vt 0.659668 0.824585

vt 0.520020 0.774658

vt 0.500000 0.776245

vt 0.500000 0.774658

vt 0.520020 0.776245

vt 0.634277 0.638672

vt 0.595703 0.640137

vt 0.595703 0.638672

vt 0.634277 0.640137

vt 0.549316 0.640137

vt 0.587891 0.638672

vt 0.587891 0.640137

vt 0.549316 0.638672

vt 0.846680 0.442383

vt 0.878906 0.422363

vt 0.878906 0.442383

vt 0.846680 0.422363

vt 0.473145 0.840576

vt 0.474854 0.820679

vt 0.474854 0.840576

vt 0.473145 0.820679

vt 0.995117 0.806519

vt 0.993164 0.786621

vt 0.995117 0.786621

vt 0.993164 0.806519

vt 0.809082 0.524902

vt 0.807617 0.492676

vt 0.809082 0.492676

vt 0.807617 0.524902

vt 0.642578 0.640137

vt 0.674805 0.638672

vt 0.674805 0.640137

vt 0.642578 0.638672

vt 0.874512 0.476562

vt 0.894531 0.496582

vt 0.874512 0.496582

vt 0.894531 0.476562

vt 0.548340 0.774658

vt 0.528320 0.776245

vt 0.528320 0.774658

vt 0.548340 0.776245

vt 0.667969 0.824585

vt 0.687988 0.826172

vt 0.667969 0.826172

vt 0.687988 0.824585

vt 0.919434 0.726318

vt 0.939453 0.724609

vt 0.939453 0.726318

vt 0.919434 0.724609

vt 0.695801 0.826172

vt 0.715820 0.824585

vt 0.715820 0.826172

vt 0.695801 0.824585

vt 0.518555 0.548584

vt 0.538574 0.568359

vt 0.518555 0.568359

vt 0.538574 0.548584

vt 0.556152 0.776245

vt 0.576172 0.774658

vt 0.576172 0.776245

vt 0.556152 0.774658

vt 0.782227 0.782593

vt 0.780762 0.802612

vt 0.780762 0.782593

vt 0.782227 0.802612

vt 0.583984 0.776245

vt 0.604004 0.774658

vt 0.604004 0.776245

vt 0.583984 0.774658

vt 0.631836 0.774658

vt 0.611816 0.776245

vt 0.611816 0.774658

vt 0.631836 0.776245

vt 0.650391 0.520508

vt 0.630371 0.540527

vt 0.630371 0.520508

vt 0.650391 0.540527

vt 0.723633 0.826172

vt 0.743652 0.824585

vt 0.743652 0.826172

vt 0.723633 0.824585

vt 0.520020 0.736328

vt 0.500000 0.734619

vt 0.520020 0.734619

vt 0.500000 0.736328

vt 0.557617 0.858643

vt 0.556152 0.838623

vt 0.557617 0.838623

vt 0.556152 0.858643

vt 0.883789 0.694580

vt 0.863770 0.696289

vt 0.863770 0.694580

vt 0.883789 0.696289

vt 0.546387 0.492676

vt 0.566406 0.512451

vt 0.546387 0.512451

vt 0.566406 0.492676

vt 0.640137 0.706299

vt 0.660156 0.704590

vt 0.660156 0.706299

vt 0.640137 0.704590

vt 0.669434 0.786255

vt 0.649414 0.784668

vt 0.669434 0.784668

vt 0.649414 0.786255

vt 0.882324 0.980835

vt 0.862793 0.982422

vt 0.862793 0.980835

vt 0.882324 0.982422

vt 0.817383 0.826294

vt 0.837402 0.824585

vt 0.837402 0.826294

vt 0.817383 0.824585

vt 0.574219 0.576416

vt 0.594238 0.596436

vt 0.574219 0.596436

vt 0.594238 0.576416

vt 0.697754 0.784546

vt 0.677734 0.786255

vt 0.677734 0.784546

vt 0.697754 0.786255

vt 0.687988 0.706299

vt 0.667969 0.704590

vt 0.687988 0.704590

vt 0.667969 0.706299

vt 0.835938 0.979858

vt 0.815918 0.981445

vt 0.815918 0.979858

vt 0.835938 0.981445

vt 0.835449 0.746338

vt 0.855469 0.744629

vt 0.855469 0.746338

vt 0.835449 0.744629

vt 0.602539 0.576416

vt 0.622070 0.596436

vt 0.602539 0.596436

vt 0.622070 0.576416

vt 0.726074 0.864624

vt 0.724609 0.844604

vt 0.726074 0.844604

vt 0.724609 0.864624

vt 0.528320 0.734619

vt 0.548340 0.736328

vt 0.528320 0.736328

vt 0.548340 0.734619

vt 0.585449 0.838623

vt 0.565918 0.840210

vt 0.565918 0.838623

vt 0.585449 0.840210

vt 0.807617 0.846191

vt 0.827637 0.844604

vt 0.827637 0.846191

vt 0.807617 0.844604

vt 0.630371 0.596436

vt 0.650391 0.576416

vt 0.650391 0.596436

vt 0.630371 0.576416

vt 0.995117 0.750488

vt 0.993164 0.730713

vt 0.995117 0.730713

vt 0.993164 0.750488

vt 0.576172 0.830200

vt 0.556152 0.828613

vt 0.576172 0.828613

vt 0.556152 0.830200

vt 0.604004 0.828613

vt 0.583984 0.830200

vt 0.583984 0.828613

vt 0.604004 0.830200

vt 0.985352 0.672607

vt 0.983887 0.652588

vt 0.985352 0.652588

vt 0.983887 0.672607

vt 0.658203 0.540527

vt 0.678223 0.520508

vt 0.678223 0.540527

vt 0.658203 0.520508

vt 0.995117 0.694580

vt 0.993164 0.674561

vt 0.995117 0.674561

vt 0.993164 0.694580

vt 0.695801 0.704590

vt 0.715820 0.706299

vt 0.695801 0.706299

vt 0.715820 0.704590

vt 0.520508 0.907837

vt 0.540527 0.906250

vt 0.540527 0.907837

vt 0.520508 0.906250

vt 0.473145 0.736572

vt 0.474854 0.756470

vt 0.473145 0.756470

vt 0.474854 0.736572

vt 0.594238 0.492676

vt 0.574219 0.512451

vt 0.574219 0.492676

vt 0.594238 0.512451

vt 0.500000 0.832275

vt 0.520020 0.830688

vt 0.520020 0.832275

vt 0.500000 0.830688

vt 0.995117 0.562500

vt 0.993164 0.582520

vt 0.993164 0.562500

vt 0.995117 0.582520

vt 0.983887 0.736572

vt 0.985352 0.756470

vt 0.983887 0.756470

vt 0.985352 0.736572

vt 0.548340 0.830688

vt 0.528320 0.832275

vt 0.528320 0.830688

vt 0.548340 0.832275

vt 0.546387 0.568359

vt 0.566406 0.548584

vt 0.566406 0.568359

vt 0.546387 0.548584

vt 0.473145 0.764648

vt 0.474854 0.784546

vt 0.473145 0.784546

vt 0.474854 0.764648

vt 0.725586 0.786255

vt 0.705566 0.784668

vt 0.725586 0.784668

vt 0.705566 0.786255

vt 0.628906 0.905945

vt 0.648438 0.904358

vt 0.648438 0.905945

vt 0.628906 0.904358

vt 0.659668 0.744629

vt 0.640137 0.746338

vt 0.640137 0.744629

vt 0.659668 0.746338

vt 0.846680 0.280273

vt 0.866699 0.331543

vt 0.846680 0.331543

vt 0.866699 0.280273

vt 0.751953 0.832275

vt 0.771484 0.830688

vt 0.771484 0.832275

vt 0.751953 0.830688

vt 0.473145 0.700439

vt 0.474854 0.680664

vt 0.474854 0.700439

vt 0.473145 0.680664

vt 0.490723 0.640137

vt 0.541504 0.638672

vt 0.541504 0.640137

vt 0.490723 0.638672

vt 0.826660 0.638184

vt 0.877441 0.636475

vt 0.877441 0.638184

vt 0.826660 0.636475

vt 0.866699 0.385254

vt 0.846680 0.340332

vt 0.866699 0.340332

vt 0.846680 0.385254

vt 0.687988 0.714600

vt 0.667969 0.716309

vt 0.667969 0.714600

vt 0.687988 0.716309

vt 0.835449 0.844604

vt 0.855469 0.846191

vt 0.835449 0.846191

vt 0.855469 0.844604

vt 0.958496 0.486816

vt 0.959961 0.531250

vt 0.958496 0.531250

vt 0.959961 0.486816

vt 0.799805 0.537109

vt 0.797852 0.492676

vt 0.799805 0.492676

vt 0.797852 0.537109

vt 0.846680 0.152344

vt 0.866699 0.271484

vt 0.846680 0.271484

vt 0.866699 0.152344

vt 0.667969 0.746338

vt 0.687988 0.744629

vt 0.687988 0.746338

vt 0.667969 0.744629

vt 0.854980 0.782593

vt 0.856445 0.802612

vt 0.854980 0.802612

vt 0.856445 0.782593

vt 0.678711 0.628662

vt 0.560059 0.630127

vt 0.560059 0.628662

vt 0.678711 0.630127

vt 0.901367 0.180176

vt 0.902832 0.299316

vt 0.901367 0.299316

vt 0.902832 0.180176

vt 0.770020 0.520508

vt 0.790039 0.540527

vt 0.770020 0.540527

vt 0.790039 0.520508

vt 0.912109 0.832642

vt 0.892578 0.834229

vt 0.892578 0.832642

vt 0.912109 0.834229

vt 0.863770 0.746338

vt 0.883301 0.744629

vt 0.883301 0.746338

vt 0.863770 0.744629

vt 0.565918 0.850220

vt 0.585449 0.848633

vt 0.585449 0.850220

vt 0.565918 0.848633

vt 0.920410 0.832275

vt 0.940430 0.830688

vt 0.940430 0.832275

vt 0.920410 0.830688

vt 0.658203 0.576416

vt 0.678223 0.596436

vt 0.658203 0.596436

vt 0.678223 0.576416

vt 0.983887 0.820679

vt 0.985352 0.840576

vt 0.983887 0.840576

vt 0.985352 0.820679

vt 0.631836 0.834595

vt 0.611816 0.836182

vt 0.611816 0.834595

vt 0.631836 0.836182

vt 0.715820 0.714600

vt 0.695801 0.716309

vt 0.695801 0.714600

vt 0.715820 0.716309

vt 0.911621 0.744629

vt 0.891602 0.746338

vt 0.891602 0.744629

vt 0.911621 0.746338

vt 0.686035 0.520508

vt 0.706055 0.540527

vt 0.686035 0.540527

vt 0.706055 0.520508

vt 0.640137 0.836182

vt 0.659668 0.834595

vt 0.659668 0.836182

vt 0.640137 0.834595

vt 0.733398 0.786255

vt 0.753418 0.784546

vt 0.753418 0.786255

vt 0.733398 0.784546

vt 0.939453 0.744629

vt 0.919434 0.746338

vt 0.919434 0.744629

vt 0.939453 0.746338

vt 0.754395 0.850708

vt 0.734375 0.852295

vt 0.734375 0.850708

vt 0.754395 0.852295

vt 0.846680 0.590576

vt 0.866699 0.610596

vt 0.846680 0.610596

vt 0.866699 0.590576

vt 0.743652 0.734619

vt 0.723633 0.736328

vt 0.723633 0.734619

vt 0.743652 0.736328

vt 0.743652 0.714600

vt 0.724121 0.716309

vt 0.724121 0.714600

vt 0.743652 0.716309

vt 0.667969 0.836182

vt 0.687988 0.834595

vt 0.687988 0.836182

vt 0.667969 0.834595

vt 0.695801 0.746338

vt 0.715820 0.744629

vt 0.715820 0.746338

vt 0.695801 0.744629

vt 0.630371 0.512451

vt 0.650391 0.492676

vt 0.650391 0.512451

vt 0.630371 0.492676

vt 0.743652 0.744629

vt 0.723633 0.746338

vt 0.723633 0.744629

vt 0.743652 0.746338

vt 0.677734 0.776245

vt 0.697754 0.774658

vt 0.697754 0.776245

vt 0.677734 0.774658

vt 0.621582 0.796265

vt 0.641602 0.794556

vt 0.641602 0.796265

vt 0.621582 0.794556

vt 0.583984 0.736328

vt 0.604004 0.734619

vt 0.604004 0.736328

vt 0.583984 0.734619

vt 0.686035 0.576416

vt 0.706055 0.596436

vt 0.686035 0.596436

vt 0.706055 0.576416

vt 0.715820 0.834595

vt 0.695801 0.836182

vt 0.695801 0.834595

vt 0.715820 0.836182

vt 0.588867 0.906799

vt 0.568848 0.908386

vt 0.568848 0.906799

vt 0.588867 0.908386

vt 0.520020 0.850708

vt 0.500000 0.852295

vt 0.500000 0.850708

vt 0.520020 0.852295

vt 0.983887 0.764648

vt 0.985352 0.784546

vt 0.983887 0.784546

vt 0.985352 0.764648

vt 0.735352 0.604492

vt 0.715332 0.615234

vt 0.715332 0.604492

vt 0.735352 0.615234

vt 0.509766 0.882263

vt 0.520508 0.880615

vt 0.520508 0.882263

vt 0.509766 0.880615

vt 0.643066 0.872681

vt 0.641602 0.883301

vt 0.641602 0.872681

vt 0.643066 0.883301

vt 0.705566 0.776245

vt 0.725586 0.774658

vt 0.725586 0.776245

vt 0.705566 0.774658

vt 0.528320 0.852295

vt 0.548340 0.850708

vt 0.548340 0.852295

vt 0.528320 0.850708

vt 0.911621 0.172363

vt 0.901367 0.152344

vt 0.911621 0.152344

vt 0.901367 0.172363

vt 0.473145 0.868652

vt 0.474854 0.879272

vt 0.473145 0.879272

vt 0.474854 0.868652

vt 0.763184 0.885254

vt 0.764648 0.874634

vt 0.764648 0.885254

vt 0.763184 0.874634

vt 0.751953 0.746338

vt 0.771484 0.744629

vt 0.771484 0.746338

vt 0.751953 0.744629

vt 0.520020 0.840698

vt 0.500000 0.842285

vt 0.500000 0.840698

vt 0.520020 0.842285

vt 0.743164 0.615234

vt 0.763184 0.604492

vt 0.763184 0.615234

vt 0.743164 0.604492

vt 0.925293 0.448730

vt 0.915039 0.450195

vt 0.915039 0.448730

vt 0.925293 0.450195

vt 0.860840 0.872681

vt 0.871094 0.874268

vt 0.860840 0.874268

vt 0.871094 0.872681

vt 0.753418 0.774658

vt 0.733398 0.776245

vt 0.733398 0.774658

vt 0.753418 0.776245

vt 0.743652 0.834595

vt 0.723633 0.836182

vt 0.723633 0.834595

vt 0.743652 0.836182

vt 0.901367 0.308594

vt 0.911621 0.325684

vt 0.901367 0.325684

vt 0.911621 0.308594

vt 0.606445 0.885254

vt 0.604980 0.874634

vt 0.606445 0.874634

vt 0.604980 0.885254

vt 0.826660 0.622559

vt 0.837402 0.624268

vt 0.826660 0.624268

vt 0.837402 0.622559

vt 0.734375 0.862305

vt 0.751465 0.860718

vt 0.751465 0.862305

vt 0.734375 0.860718

vt 0.636230 0.854614

vt 0.619141 0.856201

vt 0.619141 0.854614

vt 0.636230 0.856201

vt 0.715332 0.635254

vt 0.732910 0.624512

vt 0.732910 0.635254

vt 0.715332 0.624512

vt 0.616211 0.885254

vt 0.614258 0.874634

vt 0.616211 0.874634

vt 0.614258 0.885254

vt 0.501953 0.880676

vt 0.500000 0.891296

vt 0.500000 0.880676

vt 0.501953 0.891296

vt 0.863281 0.864258

vt 0.880859 0.862671

vt 0.880859 0.864258

vt 0.863281 0.862671

vt 0.696777 0.866211

vt 0.713867 0.864624

vt 0.713867 0.866211

vt 0.696777 0.864624

vt 0.601562 0.685303

vt 0.618652 0.674561

vt 0.618652 0.685303

vt 0.601562 0.674561

vt 0.909668 0.881287

vt 0.907715 0.870605

vt 0.909668 0.870605

vt 0.907715 0.881287

vt 0.625488 0.874634

vt 0.624023 0.885254

vt 0.624023 0.874634

vt 0.625488 0.885254

vt 0.676270 0.854614

vt 0.659180 0.856201

vt 0.659180 0.854614

vt 0.676270 0.856201

vt 0.696777 0.856201

vt 0.713867 0.854614

vt 0.713867 0.856201

vt 0.696777 0.854614

vt 0.757812 0.624512

vt 0.740723 0.635254

vt 0.740723 0.624512

vt 0.757812 0.635254

vt 0.772461 0.874634

vt 0.774414 0.885254

vt 0.772461 0.885254

vt 0.774414 0.874634

vt 0.783691 0.874634

vt 0.782227 0.885254

vt 0.782227 0.874634

vt 0.783691 0.885254

vt 0.915527 0.860718

vt 0.898438 0.862305

vt 0.898438 0.860718

vt 0.915527 0.862305

vt 0.590820 0.866211

vt 0.608398 0.864624

vt 0.608398 0.866211

vt 0.590820 0.864624

vt 0.500000 0.685303

vt 0.517578 0.674561

vt 0.517578 0.685303

vt 0.500000 0.674561

vt 0.917480 0.870728

vt 0.918945 0.881287

vt 0.917480 0.881287

vt 0.918945 0.870728

vt 0.735840 0.870728

vt 0.734375 0.881287

vt 0.734375 0.870728

vt 0.735840 0.881287

vt 0.835449 0.866211

vt 0.852539 0.864624

vt 0.852539 0.866211

vt 0.835449 0.864624

vt 0.567871 0.868652

vt 0.550781 0.870239

vt 0.550781 0.868652

vt 0.567871 0.870239

vt 0.719727 0.674561

vt 0.702637 0.685303

vt 0.702637 0.674561

vt 0.719727 0.685303

vt 0.652832 0.885254

vt 0.651367 0.874634

vt 0.652832 0.874634

vt 0.651367 0.885254

vt 0.745605 0.870728

vt 0.743652 0.881287

vt 0.743652 0.870728

vt 0.745605 0.881287

vt 0.776855 0.864624

vt 0.759766 0.866211

vt 0.759766 0.864624

vt 0.776855 0.866211

vt 0.500000 0.872314

vt 0.517578 0.870728

vt 0.517578 0.872314

vt 0.500000 0.870728

vt 0.525391 0.685303

vt 0.542969 0.674561

vt 0.542969 0.685303

vt 0.525391 0.674561

vt 0.474854 0.859253

vt 0.473145 0.848633

vt 0.474854 0.848633

vt 0.473145 0.859253

vt 0.576172 0.879272

vt 0.577637 0.868652

vt 0.577637 0.879272

vt 0.576172 0.868652

vt 0.837891 0.856201

vt 0.855469 0.854614

vt 0.855469 0.856201

vt 0.837891 0.854614

vt 0.633789 0.864624

vt 0.616211 0.866211

vt 0.616211 0.864624

vt 0.633789 0.866211

vt 0.801270 0.633301

vt 0.818848 0.622559

vt 0.818848 0.633301

vt 0.801270 0.622559

vt 0.723633 0.883301

vt 0.722168 0.872681

vt 0.723633 0.872681

vt 0.722168 0.883301

vt 0.927246 0.881287

vt 0.928711 0.870728

vt 0.928711 0.881287

vt 0.927246 0.870728

vt 0.940918 0.860718

vt 0.923828 0.862305

vt 0.923828 0.860718

vt 0.940918 0.862305

vt 0.779297 0.854614

vt 0.762207 0.856201

vt 0.762207 0.854614

vt 0.779297 0.856201

vt 0.550781 0.685303

vt 0.567871 0.674561

vt 0.567871 0.685303

vt 0.550781 0.674561

vt 0.587402 0.885254

vt 0.585938 0.874634

vt 0.587402 0.874634

vt 0.585938 0.885254

vt 0.985352 0.848633

vt 0.983887 0.859253

vt 0.983887 0.848633

vt 0.985352 0.859253

vt 0.943848 0.850708

vt 0.926270 0.852295

vt 0.926270 0.850708

vt 0.943848 0.852295

vt 0.873047 0.854248

vt 0.890625 0.852661

vt 0.890625 0.854248

vt 0.873047 0.852661

vt 0.593262 0.674561

vt 0.576172 0.685303

vt 0.576172 0.674561

vt 0.593262 0.685303

vt 0.791992 0.874634

vt 0.793457 0.885254

vt 0.791992 0.885254

vt 0.793457 0.874634

vt 0.662598 0.874634

vt 0.660645 0.885254

vt 0.660645 0.874634

vt 0.662598 0.885254

vt 0.593750 0.856201

vt 0.610840 0.854614

vt 0.610840 0.856201

vt 0.593750 0.854614

vt 0.583008 0.858643

vt 0.565918 0.860229

vt 0.565918 0.858643

vt 0.583008 0.860229

vt 0.876465 0.627197

vt 0.894043 0.616455

vt 0.894043 0.627197

vt 0.876465 0.616455

vt 0.684570 0.872681

vt 0.686035 0.883301

vt 0.684570 0.883301

vt 0.686035 0.872681

vt 0.670410 0.885254

vt 0.671875 0.874634

vt 0.671875 0.885254

vt 0.670410 0.874634

vt 0.500000 0.862305

vt 0.517578 0.860718

vt 0.517578 0.862305

vt 0.500000 0.860718

vt 0.995117 0.859985

vt 0.993164 0.842651

vt 0.995117 0.842651

vt 0.993164 0.859985

vt 0.651855 0.685303

vt 0.669434 0.674561

vt 0.669434 0.685303

vt 0.651855 0.674561

vt 0.898438 0.870728

vt 0.899902 0.881287

vt 0.898438 0.881287

vt 0.899902 0.870728

vt 0.595215 0.885254

vt 0.596680 0.874634

vt 0.596680 0.885254

vt 0.595215 0.874634

vt 0.888672 0.439941

vt 0.886719 0.422363

vt 0.888672 0.422363

vt 0.886719 0.439941

vt 0.875977 0.467773

vt 0.874512 0.450684

vt 0.875977 0.450684

vt 0.874512 0.467773

vt 0.918945 0.622559

vt 0.901855 0.633301

vt 0.901855 0.622559

vt 0.918945 0.633301

vt 0.693848 0.874634

vt 0.695801 0.885254

vt 0.693848 0.885254

vt 0.695801 0.874634

vt 0.936523 0.881287

vt 0.938477 0.870605

vt 0.938477 0.881287

vt 0.936523 0.870605

vt 0.542969 0.870605

vt 0.525391 0.872314

vt 0.525391 0.870605

vt 0.542969 0.872314

vt 0.804688 0.854614

vt 0.787598 0.856201

vt 0.787598 0.854614

vt 0.804688 0.856201

vt 0.694336 0.674561

vt 0.677246 0.685303

vt 0.677246 0.674561

vt 0.694336 0.685303

vt 0.964844 0.607178

vt 0.963379 0.596436

vt 0.964844 0.596436

vt 0.963379 0.607178

vt 0.890137 0.862671

vt 0.888672 0.873291

vt 0.888672 0.862671

vt 0.890137 0.873291

vt 0.525391 0.862305

vt 0.542969 0.860718

vt 0.542969 0.862305

vt 0.525391 0.860718

vt 0.784668 0.866211

vt 0.802246 0.864624

vt 0.802246 0.866211

vt 0.784668 0.864624

vt 0.704102 0.628662

vt 0.687012 0.639160

vt 0.687012 0.628662

vt 0.704102 0.639160

vt 0.985352 0.879272

vt 0.983887 0.868652

vt 0.985352 0.868652

vt 0.983887 0.879272

vt 0.705078 0.874634

vt 0.703613 0.885254

vt 0.703613 0.874634

vt 0.705078 0.885254

vt 0.810059 0.866211

vt 0.827637 0.864624

vt 0.827637 0.866211

vt 0.810059 0.864624

vt 0.830078 0.854614

vt 0.812988 0.856201

vt 0.812988 0.854614

vt 0.830078 0.856201

vt 0.626465 0.685303

vt 0.644043 0.674561

vt 0.644043 0.685303

vt 0.626465 0.674561

vt 0.753418 0.874634

vt 0.754883 0.885315

vt 0.753418 0.885315

vt 0.754883 0.874634

vt 0.995117 0.868652

vt 0.993164 0.879272

vt 0.993164 0.868652

vt 0.995117 0.879272

vt 0.676270 0.864624

vt 0.659180 0.866211

vt 0.659180 0.864624

vt 0.676270 0.866211

vt 0.918457 0.850708

vt 0.900879 0.852295

vt 0.900879 0.850708

vt 0.918457 0.852295

vt 0.846680 0.627197

vt 0.868652 0.618652

vt 0.868652 0.627197

vt 0.846680 0.618652

vt 0.803223 0.883301

vt 0.801270 0.874634

vt 0.803223 0.874634

vt 0.801270 0.883301

vt 0.822266 0.874634

vt 0.820801 0.883301

vt 0.820801 0.874634

vt 0.822266 0.883301

vt 0.849121 0.684570

vt 0.827148 0.686279

vt 0.827148 0.684570

vt 0.849121 0.686279

vt 0.435303 0.314453

vt 0.437012 0.336426

vt 0.435303 0.336426

vt 0.437012 0.314453

vt 0.819336 0.684570

vt 0.797363 0.686279

vt 0.797363 0.684570

vt 0.819336 0.686279

vt 0.920410 0.674561

vt 0.897949 0.676270

vt 0.897949 0.674561

vt 0.920410 0.676270

vt 0.793457 0.604492

vt 0.771484 0.613281

vt 0.771484 0.604492

vt 0.793457 0.613281

vt 0.839844 0.883301

vt 0.841309 0.874634

vt 0.841309 0.883301

vt 0.839844 0.874634

vt 0.832031 0.883301

vt 0.830078 0.874634

vt 0.832031 0.874634

vt 0.830078 0.883301

vt 0.807617 0.534424

vt 0.809082 0.556396

vt 0.807617 0.556396

vt 0.809082 0.534424

vt 0.771484 0.631104

vt 0.793457 0.622559

vt 0.793457 0.631104

vt 0.771484 0.622559

vt 0.562012 0.887268

vt 0.560547 0.878662

vt 0.562012 0.878662

vt 0.560547 0.887268

vt 0.849609 0.883301

vt 0.851074 0.874634

vt 0.851074 0.883301

vt 0.849609 0.874634

vt 0.051697 0.336426

vt 0.050110 0.314453

vt 0.051697 0.314453

vt 0.050110 0.336426

vt 0.812500 0.874634

vt 0.811035 0.883301

vt 0.811035 0.874634

vt 0.812500 0.883301

vt 0.935059 0.629150

vt 0.957031 0.620605

vt 0.957031 0.629150

vt 0.935059 0.620605

vt 0.983887 0.560547

vt 0.985352 0.538574

vt 0.985352 0.560547

vt 0.983887 0.538574

vt 0.995117 0.554443

vt 0.993164 0.532471

vt 0.995117 0.532471

vt 0.993164 0.554443

vt 0.552246 0.887268

vt 0.550781 0.878662

vt 0.552246 0.878662

vt 0.550781 0.887268

vt 0.006096 0.643311

vt 0.005478 0.642822

vt 0.004993 0.642090

vt 0.006821 0.643555

vt 0.004623 0.641602

vt 0.007618 0.643799

vt 0.004364 0.640869

vt 0.004189 0.639893

vt 0.008461 0.644043

vt 0.004082 0.639160

vt 0.009308 0.644043

vt 0.004025 0.638428

vt 0.010139 0.644287

vt 0.004002 0.636963

vt 0.011604 0.644287

vt 0.038452 0.345215

vt 0.004002 0.337891

vt 0.063171 0.345215

vt 0.011604 0.330566

vt 0.038452 0.330566

vt 0.010139 0.330566

vt 0.004025 0.336426

vt 0.004078 0.335449

vt 0.009308 0.330566

vt 0.008461 0.330566

vt 0.004185 0.334961

vt 0.007618 0.331055

vt 0.004360 0.333984

vt 0.004623 0.333008

vt 0.006821 0.331055

vt 0.004990 0.332520

vt 0.006096 0.331543

vt 0.005478 0.332031

vt 0.063171 0.330566

vt 0.423584 0.330566

vt 0.423584 0.345215

vt 0.475098 0.644287

vt 0.448242 0.345215

vt 0.482666 0.636963

vt 0.476562 0.644287

vt 0.482666 0.638428

vt 0.477295 0.644043

vt 0.482666 0.639160

vt 0.478271 0.644043

vt 0.482422 0.639893

vt 0.479004 0.643799

vt 0.482178 0.640869

vt 0.479736 0.643555

vt 0.481934 0.641602

vt 0.480469 0.643311

vt 0.481689 0.642090

vt 0.481201 0.642822

vt 0.482666 0.337891

vt 0.448242 0.330566

vt 0.475098 0.330566

vt 0.476562 0.330566

vt 0.482666 0.336426

vt 0.477295 0.330566

vt 0.482666 0.335449

vt 0.482422 0.334961

vt 0.478271 0.330566

vt 0.482178 0.333984

vt 0.479004 0.331055

vt 0.479736 0.331055

vt 0.481934 0.333008

vt 0.480469 0.331543

vt 0.481689 0.332520

vt 0.481201 0.332031

vt 0.944824 0.004395

vt 0.958496 0.004395

vt 0.958496 0.031250

vt 0.944824 0.031250

vt 0.958496 0.032715

vt 0.944824 0.032715

vt 0.958496 0.033203

vt 0.944824 0.033203

vt 0.958496 0.034180

vt 0.944824 0.034180

vt 0.958496 0.035156

vt 0.944824 0.035156

vt 0.958496 0.036133

vt 0.944824 0.036133

vt 0.944824 0.036621

vt 0.958496 0.036621

vt 0.958496 0.037598

vt 0.944824 0.037598

vt 0.944824 0.038086

vt 0.958496 0.038086

vt 0.944824 0.039062

vt 0.958496 0.039062

vt 0.958496 0.040039

vt 0.944824 0.040039

vt 0.958496 0.040527

vt 0.944824 0.040527

vt 0.944824 0.041504

vt 0.958496 0.041504

vt 0.958496 0.042480

vt 0.944824 0.042480

vt 0.944824 0.043945

vt 0.958496 0.043945

vt 0.958008 0.080566

vt 0.957520 0.116699

vt 0.956543 0.151367

vt 0.956055 0.180176

vt 0.955078 0.206543

vt 0.954590 0.232422

vt 0.944824 0.342773

vt 0.953613 0.258789

vt 0.953125 0.271484

vt 0.952637 0.284180

vt 0.952148 0.296387

vt 0.951660 0.307617

vt 0.951660 0.319824

vt 0.951660 0.332520

vt 0.951660 0.342773

vt 0.944824 0.344238

vt 0.951660 0.344238

vt 0.951660 0.345215

vt 0.944824 0.345215

vt 0.944824 0.346191

vt 0.951660 0.346191

vt 0.915039 0.004395

vt 0.915527 0.004395

vt 0.915527 0.004883

vt 0.914551 0.004395

vt 0.915527 0.005371

vt 0.821289 0.004395

vt 0.819824 0.005371

vt 0.820801 0.004395

vt 0.820312 0.004395

vt 0.819824 0.004883

vt 0.915527 0.141113

vt 0.819824 0.141113

vt 0.915527 0.141602

vt 0.915527 0.142090

vt 0.914551 0.142578

vt 0.915039 0.142578

vt 0.821289 0.142578

vt 0.820801 0.142578

vt 0.819824 0.141602

vt 0.820312 0.142090

vt 0.987793 0.486328

vt 0.994141 0.486816

vt 0.987793 0.486816

vt 0.994141 0.486328

vt 0.987793 0.485352

vt 0.994141 0.485352

vt 0.987793 0.484375

vt 0.994141 0.484375

vt 0.994141 0.483887

vt 0.987793 0.483887

vt 0.994141 0.482910

vt 0.987793 0.482910

vt 0.994141 0.482422

vt 0.987793 0.482422

vt 0.994141 0.481445

vt 0.987793 0.481445

vt 0.994141 0.480469

vt 0.987793 0.480469

vt 0.994141 0.479492

vt 0.987793 0.479492

vt 0.987793 0.479004

vt 0.994141 0.479004

vt 0.987793 0.477539

vt 0.994141 0.477539

vt 0.994141 0.013672

vt 0.987793 0.013672

vt 0.994141 0.012207

vt 0.987793 0.012207

vt 0.994141 0.011719

vt 0.987793 0.011719

vt 0.987793 0.010742

vt 0.994141 0.010742

vt 0.987793 0.009766

vt 0.994141 0.009766

vt 0.987793 0.008789

vt 0.994141 0.008789

vt 0.987793 0.008301

vt 0.994141 0.008301

vt 0.987793 0.007324

vt 0.994141 0.007324

vt 0.987793 0.006836

vt 0.994141 0.006836

vt 0.994141 0.005859

vt 0.987793 0.005859

vt 0.994141 0.004883

vt 0.987793 0.004883

vt 0.994141 0.004395

vt 0.987793 0.004395

vt 0.966309 0.346191

vt 0.979492 0.319336

vt 0.979492 0.346191

vt 0.966309 0.319336

vt 0.979492 0.317871

vt 0.966309 0.317871

vt 0.979492 0.316895

vt 0.966309 0.316895

vt 0.979492 0.315918

vt 0.966309 0.315918

vt 0.979492 0.314941

vt 0.966309 0.314941

vt 0.979492 0.314453

vt 0.966309 0.314453

vt 0.966309 0.313477

vt 0.979492 0.313477

vt 0.979492 0.312500

vt 0.966309 0.312500

vt 0.966309 0.312012

vt 0.979492 0.312012

vt 0.966309 0.311035

vt 0.979492 0.311035

vt 0.979492 0.310547

vt 0.966309 0.310547

vt 0.979492 0.309570

vt 0.966309 0.309570

vt 0.966309 0.308594

vt 0.979492 0.308594

vt 0.979492 0.308105

vt 0.966309 0.308105

vt 0.966309 0.306641

vt 0.979492 0.306641

vt 0.979004 0.269531

vt 0.978516 0.233887

vt 0.978027 0.198730

vt 0.977051 0.169922

vt 0.976562 0.144043

vt 0.976074 0.117676

vt 0.966309 0.007324

vt 0.975098 0.091309

vt 0.974121 0.078613

vt 0.973633 0.065918

vt 0.973633 0.053711

vt 0.973145 0.042480

vt 0.973145 0.030273

vt 0.973145 0.017578

vt 0.973145 0.007324

vt 0.966309 0.005859

vt 0.973145 0.005859

vt 0.973145 0.004883

vt 0.966309 0.004883

vt 0.966309 0.004395

vt 0.973145 0.004395

vt 0.974609 0.882446

vt 0.975586 0.881836

vt 0.975586 0.882446

vt 0.974609 0.881836

vt 0.975586 0.881287

vt 0.974609 0.881287

vt 0.975586 0.775757

vt 0.974609 0.775757

vt 0.975586 0.775146

vt 0.974609 0.775146

vt 0.975586 0.774536

vt 0.974609 0.774536

vt 0.975586 0.773926

vt 0.974609 0.773926

vt 0.975586 0.773438

vt 0.974609 0.773438

vt 0.974609 0.619629

vt 0.975586 0.619629

vt 0.974609 0.619141

vt 0.975586 0.619141

vt 0.974609 0.618408

vt 0.975586 0.618408

vt 0.974609 0.617920

vt 0.975586 0.617920

vt 0.974609 0.617188

vt 0.975586 0.617188

vt 0.974609 0.511719

vt 0.975586 0.511719

vt 0.974609 0.511230

vt 0.975586 0.511230

vt 0.974609 0.510498

vt 0.975586 0.510498

vt 0.974609 0.510010

vt 0.975586 0.510010

vt 0.974609 0.509277

vt 0.975586 0.509277

vt 0.974609 0.355469

vt 0.975586 0.355469

vt 0.975586 0.354980

vt 0.974609 0.354980

vt 0.975586 0.354492

vt 0.974609 0.354492

vt 0.427246 0.319336

vt 0.427246 0.321289

vt 0.066772 0.321289

vt 0.066772 0.319336

vt 0.427246 0.317383

vt 0.066772 0.317383

vt 0.427246 0.315918

vt 0.066772 0.315918

vt 0.427246 0.314941

vt 0.066772 0.314941

vt 0.427246 0.312988

vt 0.066772 0.312988

vt 0.066772 0.311523

vt 0.427246 0.311523

vt 0.427246 0.310059

vt 0.066772 0.310059

vt 0.427246 0.309082

vt 0.066772 0.309082

vt 0.066772 0.306152

vt 0.427246 0.306152

vt 0.022400 0.273438

vt 0.042084 0.306152

vt 0.471680 0.273438

vt 0.452148 0.306152

vt 0.022400 0.308594

vt 0.042084 0.308594

vt 0.471680 0.308594

vt 0.452148 0.308594

vt 0.022385 0.310059

vt 0.042084 0.310059

vt 0.042084 0.311523

vt 0.471680 0.310059

vt 0.452148 0.310059

vt 0.452148 0.311523

vt 0.022278 0.311523

vt 0.042084 0.312988

vt 0.471924 0.311523

vt 0.452148 0.312988

vt 0.021957 0.312988

vt 0.042084 0.314941

vt 0.472168 0.312988

vt 0.452148 0.314941

vt 0.021362 0.314453

vt 0.042084 0.315918

vt 0.472900 0.314941

vt 0.452148 0.315918

vt 0.020432 0.315918

vt 0.042084 0.317383

vt 0.473633 0.316406

vt 0.452148 0.317383

vt 0.018784 0.317871

vt 0.042053 0.319336

vt 0.475342 0.317871

vt 0.452148 0.319336

vt 0.017044 0.319336

vt 0.042053 0.321289

vt 0.015144 0.320801

vt 0.477051 0.319336

vt 0.452148 0.321289

vt 0.479004 0.320801

vt 0.015610 0.319336

vt 0.013641 0.320801

vt 0.478516 0.319336

vt 0.480469 0.320801

vt 0.476807 0.317871

vt 0.480225 0.319336

vt 0.481445 0.320801

vt 0.482178 0.320801

vt 0.478271 0.317871

vt 0.475098 0.315918

vt 0.476562 0.315918

vt 0.474121 0.314453

vt 0.475586 0.314453

vt 0.473633 0.312988

vt 0.475098 0.312988

vt 0.473145 0.311523

vt 0.474854 0.311523

vt 0.473145 0.310059

vt 0.474609 0.310059

vt 0.473145 0.308594

vt 0.474609 0.308594

vt 0.473145 0.273438

vt 0.474609 0.273438

vt 0.476562 0.309082

vt 0.476562 0.273926

vt 0.474609 0.239258

vt 0.476562 0.310059

vt 0.476562 0.239258

vt 0.476562 0.311523

vt 0.478271 0.309082

vt 0.476807 0.312988

vt 0.478271 0.310547

vt 0.478271 0.312012

vt 0.477051 0.314453

vt 0.478271 0.313477

vt 0.478027 0.315918

vt 0.478271 0.314453

vt 0.479980 0.317383

vt 0.479248 0.315430

vt 0.479736 0.313965

vt 0.481934 0.318848

vt 0.483154 0.320312

vt 0.483887 0.320312

vt 0.481201 0.316406

vt 0.483154 0.317871

vt 0.484619 0.319824

vt 0.485352 0.319336

vt 0.485840 0.318848

vt 0.484131 0.316895

vt 0.486084 0.317871

vt 0.486328 0.317383

vt 0.486572 0.316406

vt 0.481934 0.315430

vt 0.484375 0.314941

vt 0.486816 0.315430

vt 0.486816 0.314941

vt 0.482422 0.313965

vt 0.484619 0.313477

vt 0.486816 0.313477

vt 0.479980 0.312500

vt 0.482422 0.312500

vt 0.484619 0.312012

vt 0.487061 0.276367

vt 0.480225 0.311035

vt 0.482422 0.311035

vt 0.484863 0.275879

vt 0.487061 0.240234

vt 0.480225 0.310059

vt 0.482666 0.274902

vt 0.484863 0.240234

vt 0.487305 0.205566

vt 0.480225 0.274414

vt 0.482666 0.239746

vt 0.485107 0.205566

vt 0.487793 0.176758

vt 0.478516 0.273926

vt 0.480225 0.239258

vt 0.478516 0.239258

vt 0.482666 0.205078

vt 0.480225 0.205078

vt 0.478516 0.205078

vt 0.485352 0.176758

vt 0.482910 0.176758

vt 0.480469 0.176758

vt 0.482910 0.150391

vt 0.485352 0.150391

vt 0.488037 0.150391

vt 0.480469 0.150391

vt 0.485840 0.124512

vt 0.488281 0.124512

vt 0.483154 0.124512

vt 0.486084 0.098145

vt 0.488770 0.098145

vt 0.483398 0.098145

vt 0.480469 0.124512

vt 0.480713 0.098145

vt 0.486328 0.085449

vt 0.489258 0.085449

vt 0.483643 0.085449

vt 0.486816 0.072754

vt 0.489502 0.072754

vt 0.483887 0.073242

vt 0.480713 0.085449

vt 0.480713 0.073242

vt 0.487061 0.061035

vt 0.489990 0.060547

vt 0.483887 0.061523

vt 0.487305 0.049805

vt 0.490234 0.048828

vt 0.484131 0.050293

vt 0.480957 0.061523

vt 0.480957 0.051270

vt 0.487305 0.037598

vt 0.490234 0.036621

vt 0.484131 0.039062

vt 0.487061 0.025391

vt 0.489746 0.023438

vt 0.483887 0.027344

vt 0.480957 0.040527

vt 0.480713 0.029785

vt 0.486084 0.015137

vt 0.488770 0.012207

vt 0.483154 0.018066

vt 0.485840 0.013672

vt 0.488281 0.010742

vt 0.482910 0.016602

vt 0.480225 0.020508

vt 0.480225 0.019531

vt 0.482666 0.015137

vt 0.485352 0.012207

vt 0.488281 0.009766

vt 0.488037 0.008789

vt 0.479980 0.018066

vt 0.484863 0.010254

vt 0.487549 0.007812

vt 0.487061 0.007324

vt 0.482178 0.013672

vt 0.483887 0.009277

vt 0.486572 0.006348

vt 0.486084 0.005859

vt 0.485352 0.005371

vt 0.481445 0.012695

vt 0.482422 0.008301

vt 0.484375 0.004883

vt 0.483643 0.004395

vt 0.482666 0.004395

vt 0.480713 0.007812

vt 0.481689 0.004395

vt 0.480713 0.004395

vt 0.479980 0.012207

vt 0.479004 0.007812

vt 0.479004 0.004395

vt 0.478516 0.011719

vt 0.479004 0.015625

vt 0.477539 0.007812

vt 0.015114 0.004395

vt 0.479736 0.017090

vt 0.478027 0.015625

vt 0.478027 0.017090

vt 0.478027 0.018555

vt 0.476807 0.017578

vt 0.476562 0.015137

vt 0.476807 0.011230

vt 0.475342 0.017578

vt 0.475098 0.015137

vt 0.475586 0.011230

vt 0.016769 0.007812

vt 0.473633 0.015137

vt 0.015282 0.007812

vt 0.013512 0.004395

vt 0.018677 0.011230

vt 0.017273 0.011230

vt 0.013542 0.007812

vt 0.012581 0.004395

vt 0.011612 0.004395

vt 0.015671 0.011719

vt 0.011826 0.008301

vt 0.010651 0.004395

vt 0.009743 0.004883

vt 0.008896 0.005371

vt 0.014107 0.012207

vt 0.010376 0.009277

vt 0.008163 0.005859

vt 0.007549 0.006348

vt 0.007042 0.007324

vt 0.012817 0.012695

vt 0.009377 0.010254

vt 0.006622 0.007812

vt 0.006279 0.008789

vt 0.015068 0.015625

vt 0.008736 0.012207

vt 0.006004 0.009766

vt 0.005798 0.010742

vt 0.011978 0.013672

vt 0.008354 0.013672

vt 0.005543 0.012207

vt 0.011482 0.015137

vt 0.008141 0.015137

vt 0.004448 0.023438

vt 0.011185 0.016602

vt 0.014488 0.017090

vt 0.007221 0.025391

vt 0.003998 0.036621

vt 0.011017 0.018066

vt 0.006886 0.037598

vt 0.004051 0.048828

vt 0.010292 0.027344

vt 0.006950 0.049805

vt 0.004307 0.060547

vt 0.010025 0.039062

vt 0.007168 0.061035

vt 0.004646 0.072754

vt 0.010048 0.050293

vt 0.007454 0.072754

vt 0.004990 0.085449

vt 0.010193 0.061035

vt 0.007744 0.085449

vt 0.005314 0.098145

vt 0.010384 0.073242

vt 0.008003 0.098145

vt 0.005833 0.124512

vt 0.010567 0.085449

vt 0.008423 0.124512

vt 0.006191 0.150391

vt 0.010735 0.098145

vt 0.008705 0.150391

vt 0.006493 0.176758

vt 0.010994 0.124512

vt 0.013489 0.085449

vt 0.013573 0.098145

vt 0.011162 0.150391

vt 0.013397 0.073242

vt 0.013680 0.124512

vt 0.013298 0.061523

vt 0.015556 0.073242

vt 0.013229 0.051270

vt 0.015503 0.062012

vt 0.015472 0.051758

vt 0.013237 0.040527

vt 0.015503 0.041016

vt 0.013443 0.029785

vt 0.015671 0.030762

vt 0.013954 0.020508

vt 0.016037 0.022461

vt 0.014053 0.019531

vt 0.016098 0.020996

vt 0.014221 0.018066

vt 0.016159 0.020020

vt 0.016190 0.018555

vt 0.016190 0.017090

vt 0.017807 0.019043

vt 0.016205 0.015625

vt 0.017288 0.017578

vt 0.017654 0.015137

vt 0.018753 0.017578

vt 0.019165 0.015137

vt 0.019394 0.019531

vt 0.020477 0.015137

vt 0.020233 0.017578

vt 0.021515 0.017578

vt 0.020889 0.019531

vt 0.017975 0.020996

vt 0.019669 0.021484

vt 0.018005 0.021973

vt 0.021210 0.021484

vt 0.017975 0.023438

vt 0.019760 0.022461

vt 0.017715 0.031250

vt 0.019745 0.023926

vt 0.017563 0.041504

vt 0.019562 0.031738

vt 0.021317 0.022949

vt 0.017532 0.051758

vt 0.019455 0.041992

vt 0.017548 0.062012

vt 0.019409 0.051758

vt 0.021194 0.032227

vt 0.017563 0.073242

vt 0.021317 0.023926

vt 0.021118 0.041992

vt 0.022598 0.023926

vt 0.019409 0.062012

vt 0.022598 0.022949

vt 0.021072 0.052246

vt 0.022491 0.021484

vt 0.471680 0.022949

vt 0.022171 0.019531

vt 0.471680 0.021484

vt 0.471924 0.020020

vt 0.472656 0.017578

vt 0.472900 0.021484

vt 0.473877 0.017578

vt 0.473389 0.019531

vt 0.474854 0.019531

vt 0.474609 0.021484

vt 0.472900 0.022949

vt 0.474365 0.022461

vt 0.476318 0.020996

vt 0.476318 0.019043

vt 0.478027 0.020020

vt 0.478027 0.020996

vt 0.476074 0.021973

vt 0.478271 0.022461

vt 0.476318 0.023438

vt 0.478516 0.030762

vt 0.474365 0.023926

vt 0.476562 0.031250

vt 0.478760 0.041016

vt 0.472900 0.023926

vt 0.478760 0.051758

vt 0.476562 0.041504

vt 0.474609 0.031738

vt 0.478760 0.062012

vt 0.476562 0.051758

vt 0.474609 0.041992

vt 0.472900 0.032227

vt 0.471680 0.023926

vt 0.473145 0.041992

vt 0.022537 0.032227

vt 0.471680 0.032227

vt 0.471680 0.041992

vt 0.022461 0.041992

vt 0.022430 0.052246

vt 0.473145 0.052246

vt 0.021057 0.062012

vt 0.471680 0.052246

vt 0.019424 0.073242

vt 0.022415 0.062012

vt 0.021072 0.073242

vt 0.017593 0.085449

vt 0.019440 0.085449

vt 0.022415 0.073242

vt 0.015602 0.085449

vt 0.015640 0.098145

vt 0.017609 0.098145

vt 0.015671 0.124512

vt 0.017609 0.124512

vt 0.019440 0.098145

vt 0.019440 0.124512

vt 0.021072 0.085449

vt 0.021072 0.098145

vt 0.022415 0.085449

vt 0.021072 0.124512

vt 0.471680 0.073242

vt 0.022415 0.098145

vt 0.471680 0.062012

vt 0.471680 0.085449

vt 0.473145 0.062012

vt 0.473145 0.073242

vt 0.473145 0.085449

vt 0.471680 0.098145

vt 0.473145 0.098145

vt 0.471680 0.124512

vt 0.022415 0.124512

vt 0.473145 0.124512

vt 0.471680 0.150391

vt 0.022415 0.150391

vt 0.474854 0.098145

vt 0.473145 0.150391

vt 0.474854 0.085449

vt 0.474854 0.124512

vt 0.476562 0.098145

vt 0.474854 0.073242

vt 0.476562 0.085449

vt 0.474854 0.062012

vt 0.476562 0.073242

vt 0.474854 0.051758

vt 0.476562 0.062012

vt 0.478516 0.073242

vt 0.478516 0.085449

vt 0.478516 0.098145

vt 0.476562 0.124512

vt 0.478516 0.124512

vt 0.478516 0.150391

vt 0.476562 0.150391

vt 0.474854 0.150391

vt 0.478516 0.176758

vt 0.476562 0.176758

vt 0.476562 0.205078

vt 0.474854 0.176758

vt 0.474854 0.205078

vt 0.473145 0.239258

vt 0.473145 0.205078

vt 0.473145 0.176758

vt 0.471680 0.239258

vt 0.471680 0.205078

vt 0.471680 0.176758

vt 0.022415 0.176758

vt 0.022415 0.205078

vt 0.022415 0.239258

vt 0.021072 0.150391

vt 0.021072 0.176758

vt 0.019440 0.150391

vt 0.021072 0.205078

vt 0.019440 0.176758

vt 0.017609 0.150391

vt 0.021072 0.239258

vt 0.015701 0.150391

vt 0.017624 0.176758

vt 0.019440 0.205078

vt 0.013748 0.150391

vt 0.015717 0.176758

vt 0.017624 0.205078

vt 0.019440 0.239258

vt 0.013817 0.176758

vt 0.015747 0.205078

vt 0.017624 0.239258

vt 0.021057 0.273438

vt 0.019440 0.273438

vt 0.021072 0.308594

vt 0.017624 0.273926

vt 0.021057 0.310059

vt 0.019440 0.308594

vt 0.020935 0.311523

vt 0.019440 0.310059

vt 0.017654 0.308594

vt 0.020630 0.312988

vt 0.019333 0.311523

vt 0.017639 0.310059

vt 0.020020 0.314453

vt 0.019073 0.312988

vt 0.019073 0.315918

vt 0.018494 0.314453

vt 0.017593 0.311523

vt 0.017441 0.312988

vt 0.017395 0.317871

vt 0.017532 0.315918

vt 0.015793 0.317871

vt 0.016998 0.314453

vt 0.016037 0.315918

vt 0.013947 0.319336

vt 0.012787 0.320801

vt 0.011909 0.320801

vt 0.014244 0.317383

vt 0.012321 0.318848

vt 0.011047 0.320312

vt 0.010239 0.320312

vt 0.014900 0.314941

vt 0.011002 0.317871

vt 0.009499 0.319824

vt 0.008865 0.319336

vt 0.008369 0.318848

vt 0.012993 0.316406

vt 0.010155 0.316406

vt 0.007996 0.317871

vt 0.007721 0.317383

vt 0.007538 0.316406

vt 0.012215 0.315430

vt 0.009720 0.314941

vt 0.007423 0.315430

vt 0.007362 0.314941

vt 0.014313 0.313965

vt 0.009552 0.313477

vt 0.007336 0.313477

vt 0.011833 0.313965

vt 0.009521 0.312012

vt 0.007164 0.276367

vt 0.011688 0.312500

vt 0.014076 0.312500

vt 0.009415 0.275879

vt 0.006992 0.240234

vt 0.011665 0.311035

vt 0.013985 0.311035

vt 0.009315 0.240234

vt 0.006763 0.205566

vt 0.011581 0.274902

vt 0.013969 0.310059

vt 0.009155 0.205078

vt 0.011528 0.239746

vt 0.013924 0.274414

vt 0.008949 0.176758

vt 0.011436 0.205078

vt 0.011314 0.176758

vt 0.013901 0.239258

vt 0.013870 0.205078

vt 0.015747 0.239258

vt 0.015762 0.273926

vt 0.015793 0.309082

vt 0.015793 0.310547

vt 0.015823 0.312012

vt 0.015854 0.313477

vt 0.015915 0.314453

vt 0.705566 0.606445

vt 0.707520 0.607178

vt 0.707520 0.620605

vt 0.704102 0.605469

vt 0.702637 0.605225

vt 0.692871 0.620605

vt 0.701660 0.604980

vt 0.700195 0.604736

vt 0.698242 0.604492

vt 0.696777 0.604492

vt 0.695801 0.604492

vt 0.692871 0.604492

vt 0.662598 0.604492

vt 0.662598 0.617920

vt 0.660645 0.618652

vt 0.659180 0.619385

vt 0.657715 0.619873

vt 0.647949 0.604492

vt 0.656250 0.620117

vt 0.654785 0.620361

vt 0.653320 0.620361

vt 0.651855 0.620605

vt 0.650391 0.620605

vt 0.647949 0.620605

vt 0.685059 0.617920

vt 0.683105 0.618652

vt 0.685059 0.604492

vt 0.681641 0.619385

vt 0.680176 0.619873

vt 0.670410 0.604492

vt 0.679199 0.620117

vt 0.677734 0.620361

vt 0.675781 0.620361

vt 0.674316 0.620605

vt 0.673340 0.620605

vt 0.670410 0.620605

vt 0.638184 0.606445

vt 0.639648 0.607178

vt 0.639648 0.620605

vt 0.636230 0.605469

vt 0.635254 0.605225

vt 0.625488 0.620605

vt 0.633789 0.604980

vt 0.632324 0.604736

vt 0.630859 0.604492

vt 0.629395 0.604492

vt 0.627930 0.604492

vt 0.625488 0.604492

vt 0.914062 0.439453

vt 0.915039 0.438965

vt 0.915039 0.439453

vt 0.916504 0.438965

vt 0.914062 0.439453

vt 0.912598 0.439453

vt 0.916504 0.438965

vt 0.912598 0.439453

vt 0.917480 0.438477

vt 0.917480 0.438477

vt 0.915039 0.438965

vt 0.918945 0.437500

vt 0.918945 0.437988

vt 0.911133 0.439453

vt 0.911133 0.439453

vt 0.919922 0.437012

vt 0.919922 0.437012

vt 0.910156 0.439453

vt 0.909668 0.439453

vt 0.920898 0.436035

vt 0.920898 0.436035

vt 0.919922 0.436523

vt 0.921875 0.435059

vt 0.921875 0.435547

vt 0.922852 0.434082

vt 0.922852 0.434082

vt 0.923340 0.433105

vt 0.923340 0.433105

vt 0.923828 0.433105

vt 0.924316 0.432129

vt 0.923828 0.432129

vt 0.924805 0.430664

vt 0.924805 0.430664

vt 0.925293 0.429688

vt 0.924805 0.429688

vt 0.925293 0.428223

vt 0.925293 0.428223

vt 0.925781 0.426758

vt 0.924805 0.428223

vt 0.925293 0.426758

vt 0.925781 0.425781

vt 0.925293 0.425781

vt 0.925293 0.424316

vt 0.925293 0.424316

vt 0.925293 0.422852

vt 0.924805 0.422852

vt 0.924805 0.422852

vt 0.924805 0.421387

vt 0.924805 0.421875

vt 0.924316 0.420410

vt 0.924316 0.420410

vt 0.923828 0.419434

vt 0.923340 0.419434

vt 0.922852 0.417969

vt 0.922852 0.417969

vt 0.922363 0.416992

vt 0.922852 0.418457

vt 0.921875 0.416992

vt 0.921387 0.416016

vt 0.920898 0.416016

vt 0.920410 0.415039

vt 0.919922 0.415527

vt 0.918945 0.414551

vt 0.918945 0.414551

vt 0.917969 0.414062

vt 0.918945 0.415039

vt 0.917969 0.414062

vt 0.916504 0.413574

vt 0.916504 0.413574

vt 0.915527 0.413086

vt 0.915527 0.413086

vt 0.914062 0.412598

vt 0.914062 0.412598

vt 0.912598 0.412598

vt 0.914062 0.413086

vt 0.912598 0.412598

vt 0.911621 0.412598

vt 0.911621 0.412598

vt 0.910156 0.412598

vt 0.910156 0.412598

vt 0.908691 0.413086

vt 0.908691 0.413086

vt 0.908691 0.413086

vt 0.907715 0.413086

vt 0.907715 0.413574

vt 0.906250 0.414062

vt 0.906250 0.413574

vt 0.905273 0.414551

vt 0.905273 0.414551

vt 0.904297 0.415527

vt 0.904297 0.415039

vt 0.903809 0.415039

vt 0.902832 0.416016

vt 0.902832 0.416016

vt 0.901855 0.416992

vt 0.902344 0.416992

vt 0.901367 0.417969

vt 0.901367 0.417969

vt 0.900391 0.418945

vt 0.900391 0.418945

vt 0.899902 0.420410

vt 0.900879 0.419434

vt 0.899902 0.420410

vt 0.899414 0.421387

vt 0.899414 0.421387

vt 0.898926 0.422852

vt 0.898926 0.422852

vt 0.898926 0.423828

vt 0.898438 0.423828

vt 0.898438 0.425293

vt 0.898926 0.424316

vt 0.898438 0.425293

vt 0.898438 0.426758

vt 0.898438 0.426758

vt 0.898926 0.427734

vt 0.898438 0.428223

vt 0.899414 0.429199

vt 0.898926 0.429199

vt 0.898926 0.429199

vt 0.899414 0.430664

vt 0.898926 0.430664

vt 0.899902 0.431641

vt 0.899902 0.431641

vt 0.900391 0.433105

vt 0.900391 0.433105

vt 0.901367 0.434082

vt 0.901367 0.434082

vt 0.900879 0.434082

vt 0.901855 0.435059

vt 0.901855 0.435059

vt 0.902832 0.436035

vt 0.902832 0.436035

vt 0.903809 0.437012

vt 0.903809 0.437012

vt 0.905273 0.437500

vt 0.904785 0.437500

vt 0.904785 0.437500

vt 0.906250 0.437988

vt 0.906250 0.438477

vt 0.907227 0.438477

vt 0.907227 0.438965

vt 0.908691 0.438965

vt 0.908691 0.439453

vt 0.910156 0.438965

vt 0.905273 0.437012

vt 0.910156 0.438965

vt 0.915039 0.438477

vt 0.910156 0.437500

vt 0.901855 0.433594

vt 0.919434 0.436523

vt 0.899414 0.429199

vt 0.902344 0.433105

vt 0.899414 0.424316

vt 0.905762 0.436035

vt 0.900391 0.428711

vt 0.905273 0.431152

vt 0.900391 0.424316

vt 0.903809 0.428223

vt 0.900879 0.419434

vt 0.901855 0.419922

vt 0.904297 0.415527

vt 0.903809 0.424805

vt 0.905273 0.416504

vt 0.904785 0.421875

vt 0.909180 0.413574

vt 0.914062 0.413574

vt 0.909180 0.414551

vt 0.918457 0.415039

vt 0.913574 0.414551

vt 0.922363 0.418457

vt 0.917969 0.416016

vt 0.924316 0.422852

vt 0.921387 0.418945

vt 0.924805 0.428223

vt 0.923340 0.423340

vt 0.918945 0.421387

vt 0.922852 0.432617

vt 0.923828 0.427734

vt 0.921875 0.432129

vt 0.918945 0.435547

vt 0.920410 0.427246

vt 0.914551 0.437500

vt 0.916992 0.433105

vt 0.918945 0.430664

vt 0.914062 0.434082

vt 0.914062 0.429199

vt 0.915039 0.428223

vt 0.913086 0.429688

vt 0.910645 0.434570

vt 0.912109 0.426270

vt 0.911621 0.429688

vt 0.907715 0.433105

vt 0.910156 0.429199

vt 0.908691 0.428223

vt 0.908203 0.427246

vt 0.908203 0.425293

vt 0.908691 0.424316

vt 0.907227 0.419434

vt 0.909668 0.422852

vt 0.910156 0.417969

vt 0.911133 0.422363

vt 0.913086 0.417969

vt 0.912598 0.422363

vt 0.916504 0.418945

vt 0.914062 0.422852

vt 0.915039 0.423828

vt 0.920410 0.424316

vt 0.915527 0.425293

vt 0.916016 0.426758

vt 0.084412 0.927368

vt 0.085876 0.927002

vt 0.084473 0.926880

vt 0.083008 0.926880

vt 0.085815 0.927490

vt 0.087280 0.927368

vt 0.083069 0.927368

vt 0.081604 0.926941

vt 0.085693 0.927979

vt 0.087158 0.927856

vt 0.088440 0.928284

vt 0.088623 0.927795

vt 0.081665 0.927429

vt 0.080200 0.927185

vt 0.089722 0.928772

vt 0.089966 0.928345

vt 0.080322 0.927673

vt 0.078796 0.927612

vt 0.090942 0.929443

vt 0.091248 0.929016

vt 0.078979 0.928101

vt 0.077515 0.928162

vt 0.092102 0.930237

vt 0.092407 0.929871

vt 0.077698 0.928589

vt 0.076233 0.928772

vt 0.093140 0.931152

vt 0.093445 0.930847

vt 0.090698 0.929871

vt 0.094116 0.932129

vt 0.094482 0.931824

vt 0.094604 0.933533

vt 0.095032 0.933228

vt 0.095459 0.932922

vt 0.096191 0.934204

vt 0.095703 0.934448

vt 0.096802 0.935486

vt 0.096313 0.935669

vt 0.097290 0.936829

vt 0.096863 0.936951

vt 0.097717 0.938202

vt 0.096802 0.938416

vt 0.097290 0.938293

vt 0.097961 0.939636

vt 0.097412 0.939667

vt 0.098022 0.941040

vt 0.097534 0.941040

vt 0.097961 0.942444

vt 0.093750 0.934143

vt 0.097473 0.942444

vt 0.090149 0.930725

vt 0.097351 0.943817

vt 0.097839 0.943909

vt 0.096863 0.943726

vt 0.097046 0.945160

vt 0.097473 0.945312

vt 0.096558 0.946442

vt 0.096985 0.946625

vt 0.096497 0.947937

vt 0.096008 0.947723

vt 0.095825 0.949219

vt 0.094971 0.948669

vt 0.095398 0.948944

vt 0.094910 0.950378

vt 0.094543 0.950043

vt 0.093994 0.951416

vt 0.093628 0.951080

vt 0.093018 0.952393

vt 0.092651 0.952026

vt 0.091858 0.953339

vt 0.091309 0.952515

vt 0.091614 0.952942

vt 0.090637 0.954071

vt 0.090393 0.953644

vt 0.089355 0.954681

vt 0.089172 0.954224

vt 0.088074 0.955231

vt 0.087891 0.954742

vt 0.086670 0.955658

vt 0.086487 0.954681

vt 0.086609 0.955170

vt 0.085266 0.955872

vt 0.085205 0.955383

vt 0.083862 0.955933

vt 0.083862 0.955444

vt 0.082458 0.955963

vt 0.082458 0.955444

vt 0.080994 0.955841

vt 0.081177 0.954865

vt 0.081055 0.955353

vt 0.079590 0.955475

vt 0.079712 0.954987

vt 0.078430 0.954559

vt 0.078247 0.955017

vt 0.077148 0.954041

vt 0.076965 0.954468

vt 0.076172 0.952972

vt 0.075928 0.953400

vt 0.075684 0.953827

vt 0.074463 0.952942

vt 0.074768 0.952576

vt 0.073425 0.951996

vt 0.073730 0.951660

vt 0.072388 0.951019

vt 0.072754 0.950684

vt 0.071472 0.949890

vt 0.072266 0.949310

vt 0.071838 0.949615

vt 0.070740 0.948608

vt 0.071167 0.948395

vt 0.070129 0.947327

vt 0.070557 0.947144

vt 0.069580 0.946014

vt 0.070068 0.945862

vt 0.069641 0.944519

vt 0.069153 0.944611

vt 0.070129 0.944397

vt 0.069458 0.943146

vt 0.068970 0.943176

vt 0.068909 0.941772

vt 0.069397 0.941772

vt 0.069397 0.940369

vt 0.068909 0.940369

vt 0.070007 0.939087

vt 0.069519 0.938995

vt 0.069031 0.938904

vt 0.069885 0.937653

vt 0.069397 0.937500

vt 0.070312 0.936401

vt 0.069885 0.936218

vt 0.070862 0.935120

vt 0.070435 0.934875

vt 0.071899 0.934143

vt 0.071472 0.933899

vt 0.071106 0.933594

vt 0.072327 0.932800

vt 0.071960 0.932495

vt 0.073242 0.931763

vt 0.072876 0.931396

vt 0.074219 0.930786

vt 0.073914 0.930420

vt 0.075562 0.930298

vt 0.075317 0.929871

vt 0.075012 0.929504

vt 0.076477 0.929199

vt 0.080444 0.928162

vt 0.076172 0.931152

vt 0.080627 0.929138

vt 0.085571 0.929016

vt 0.080933 0.930359

vt 0.085327 0.930237

vt 0.089478 0.931824

vt 0.092712 0.934875

vt 0.085022 0.932007

vt 0.095764 0.938629

vt 0.088501 0.933350

vt 0.095886 0.943542

vt 0.081360 0.932129

vt 0.094116 0.948151

vt 0.094543 0.938904

vt 0.094604 0.943329

vt 0.090698 0.951691

vt 0.093018 0.947449

vt 0.086243 0.953705

vt 0.089966 0.950653

vt 0.091492 0.946503

vt 0.081360 0.953857

vt 0.085938 0.952454

vt 0.076721 0.952087

vt 0.081543 0.952576

vt 0.085571 0.950684

vt 0.073120 0.948700

vt 0.077393 0.951019

vt 0.081848 0.950806

vt 0.071106 0.944183

vt 0.074158 0.947968

vt 0.071045 0.939270

vt 0.072388 0.943909

vt 0.072266 0.939484

vt 0.072815 0.934692

vt 0.073853 0.935364

vt 0.076904 0.932190

vt 0.075378 0.936340

vt 0.077942 0.933655

vt 0.081970 0.934875

vt 0.074036 0.939789

vt 0.077759 0.937836

vt 0.074158 0.943512

vt 0.076843 0.940277

vt 0.076904 0.942902

vt 0.080200 0.940857

vt 0.079590 0.935913

vt 0.080627 0.939636

vt 0.080200 0.942139

vt 0.081543 0.938721

vt 0.077942 0.945282

vt 0.082703 0.938202

vt 0.083435 0.941406

vt 0.083984 0.938141

vt 0.084595 0.934814

vt 0.087036 0.935730

vt 0.085205 0.938629

vt 0.088928 0.937531

vt 0.091248 0.935913

vt 0.086121 0.939514

vt 0.092773 0.939301

vt 0.086670 0.940674

vt 0.090027 0.939911

vt 0.092834 0.943024

vt 0.086670 0.941956

vt 0.090088 0.942535

vt 0.089111 0.944977

vt 0.086243 0.943176

vt 0.088928 0.949188

vt 0.087341 0.946899

vt 0.085327 0.944092

vt 0.084961 0.947968

vt 0.084167 0.944611

vt 0.082336 0.948029

vt 0.082886 0.944672

vt 0.079834 0.947083

vt 0.081665 0.944214

vt 0.080750 0.943329

vt 0.078369 0.949493

vt 0.075684 0.946930

vt 0.130737 0.954773

vt 0.129517 0.955170

vt 0.130859 0.954956

vt 0.132080 0.954529

vt 0.129517 0.954987

vt 0.128174 0.955292

vt 0.132080 0.954376

vt 0.128174 0.955109

vt 0.133301 0.953857

vt 0.133301 0.954041

vt 0.130737 0.954498

vt 0.134399 0.953247

vt 0.134521 0.953430

vt 0.126831 0.955078

vt 0.126831 0.955292

vt 0.135498 0.952545

vt 0.135620 0.952698

vt 0.125610 0.954987

vt 0.125488 0.955170

vt 0.136597 0.951721

vt 0.136719 0.951843

vt 0.135376 0.952332

vt 0.137451 0.950775

vt 0.137573 0.950897

vt 0.138306 0.949768

vt 0.138428 0.949890

vt 0.138916 0.948578

vt 0.139038 0.948700

vt 0.139282 0.948792

vt 0.139893 0.947601

vt 0.139648 0.947540

vt 0.140381 0.946381

vt 0.140259 0.946320

vt 0.140747 0.945129

vt 0.140625 0.945068

vt 0.140869 0.943787

vt 0.141113 0.943817

vt 0.141235 0.942474

vt 0.140625 0.943756

vt 0.140991 0.942474

vt 0.141235 0.941162

vt 0.140991 0.941162

vt 0.141113 0.939819

vt 0.140869 0.939850

vt 0.140869 0.938507

vt 0.140381 0.938599

vt 0.140625 0.938538

vt 0.140503 0.937256

vt 0.140259 0.937317

vt 0.140015 0.936035

vt 0.139771 0.936096

vt 0.139404 0.934814

vt 0.139160 0.934937

vt 0.138428 0.933838

vt 0.138672 0.933716

vt 0.137817 0.932678

vt 0.138306 0.933960

vt 0.137573 0.932800

vt 0.136841 0.931702

vt 0.136719 0.931885

vt 0.135864 0.930847

vt 0.135742 0.931030

vt 0.134766 0.930115

vt 0.134644 0.930237

vt 0.133545 0.929504

vt 0.134521 0.930481

vt 0.133423 0.929626

vt 0.132324 0.928955

vt 0.132202 0.929138

vt 0.131104 0.928589

vt 0.130981 0.928772

vt 0.129761 0.928467

vt 0.129761 0.928284

vt 0.128418 0.928162

vt 0.129639 0.928711

vt 0.128418 0.928345

vt 0.127075 0.928345

vt 0.127075 0.928162

vt 0.125732 0.928467

vt 0.125732 0.928284

vt 0.124573 0.928955

vt 0.124512 0.928650

vt 0.124451 0.928467

vt 0.123169 0.928894

vt 0.123230 0.929077

vt 0.122009 0.929565

vt 0.121948 0.929382

vt 0.120850 0.930176

vt 0.120789 0.929993

vt 0.119873 0.931091

vt 0.119751 0.930908

vt 0.119629 0.930725

vt 0.118591 0.931580

vt 0.118713 0.931702

vt 0.117676 0.932495

vt 0.117798 0.932678

vt 0.116821 0.933533

vt 0.116943 0.933655

vt 0.116211 0.934753

vt 0.116028 0.934631

vt 0.115417 0.935791

vt 0.116394 0.934875

vt 0.115601 0.935913

vt 0.114929 0.937073

vt 0.115112 0.937134

vt 0.114502 0.938293

vt 0.114685 0.938354

vt 0.114380 0.939636

vt 0.114197 0.939606

vt 0.114075 0.940948

vt 0.114685 0.939667

vt 0.114258 0.940948

vt 0.114258 0.942261

vt 0.114075 0.942261

vt 0.114380 0.943573

vt 0.114197 0.943604

vt 0.114868 0.944794

vt 0.114624 0.944855

vt 0.114441 0.944916

vt 0.114990 0.946136

vt 0.114807 0.946198

vt 0.115479 0.947357

vt 0.115356 0.947418

vt 0.116089 0.948517

vt 0.115967 0.948608

vt 0.117004 0.949463

vt 0.116821 0.949615

vt 0.116638 0.949738

vt 0.117493 0.950775

vt 0.117676 0.950623

vt 0.118591 0.951569

vt 0.118469 0.951721

vt 0.119568 0.952423

vt 0.119446 0.952576

vt 0.120789 0.952942

vt 0.120667 0.953186

vt 0.120544 0.953339

vt 0.121826 0.953796

vt 0.121765 0.953949

vt 0.123047 0.954285

vt 0.122986 0.954468

vt 0.124329 0.954681

vt 0.124268 0.954865

vt 0.125610 0.954712

vt 0.120972 0.952637

vt 0.125610 0.954346

vt 0.130615 0.954163

vt 0.125854 0.953308

vt 0.117310 0.949249

vt 0.135132 0.952057

vt 0.115234 0.944733

vt 0.138550 0.948364

vt 0.114990 0.939728

vt 0.140259 0.943695

vt 0.116760 0.935059

vt 0.140015 0.938690

vt 0.120117 0.931396

vt 0.137939 0.934204

vt 0.124634 0.929260

vt 0.129639 0.929077

vt 0.134277 0.930786

vt 0.129395 0.930115

vt 0.133789 0.931702

vt 0.137085 0.934814

vt 0.131958 0.934570

vt 0.139038 0.938934

vt 0.134399 0.936768

vt 0.139282 0.943512

vt 0.135864 0.939728

vt 0.137695 0.947815

vt 0.135986 0.942993

vt 0.134766 0.946075

vt 0.134521 0.951202

vt 0.132568 0.948517

vt 0.130371 0.953125

vt 0.129639 0.949890

vt 0.129883 0.944824

vt 0.130859 0.943695

vt 0.128540 0.945435

vt 0.131470 0.942291

vt 0.126343 0.950012

vt 0.131348 0.940796

vt 0.127686 0.941711

vt 0.130737 0.939453

vt 0.129639 0.938446

vt 0.128906 0.933411

vt 0.128174 0.937927

vt 0.124878 0.930298

vt 0.125610 0.933533

vt 0.120728 0.932251

vt 0.126709 0.937988

vt 0.122681 0.934937

vt 0.125366 0.938599

vt 0.120483 0.937317

vt 0.124390 0.939697

vt 0.117615 0.935608

vt 0.119324 0.940399

vt 0.116028 0.939880

vt 0.123840 0.941132

vt 0.116272 0.944489

vt 0.119507 0.943695

vt 0.118164 0.948639

vt 0.123901 0.942627

vt 0.121521 0.951752

vt 0.120850 0.946655

vt 0.123291 0.948883

vt 0.124573 0.943970

vt 0.125610 0.944977

vt 0.127075 0.945496

vt 0.901367 0.390137

vt 0.901367 0.388672

vt 0.901855 0.388672

vt 0.901367 0.387207

vt 0.901855 0.390137

vt 0.901855 0.391602

vt 0.901855 0.387207

vt 0.902344 0.391602

vt 0.902344 0.390137

vt 0.902832 0.392578

vt 0.902344 0.393066

vt 0.901855 0.386230

vt 0.901367 0.386230

vt 0.903320 0.394043

vt 0.902832 0.394043

vt 0.901855 0.384766

vt 0.901367 0.384766

vt 0.904297 0.395020

vt 0.903809 0.395508

vt 0.904785 0.395020

vt 0.905273 0.396484

vt 0.904785 0.396484

vt 0.906250 0.397461

vt 0.905762 0.397461

vt 0.907227 0.398438

vt 0.906738 0.398438

vt 0.908691 0.398438

vt 0.908203 0.398926

vt 0.908203 0.399414

vt 0.909180 0.399902

vt 0.909668 0.399902

vt 0.910645 0.400879

vt 0.910645 0.400391

vt 0.912109 0.400879

vt 0.912109 0.400879

vt 0.913574 0.400879

vt 0.913086 0.401367

vt 0.913574 0.400391

vt 0.914551 0.400879

vt 0.914551 0.401367

vt 0.916016 0.400879

vt 0.916016 0.401367

vt 0.917480 0.400879

vt 0.917480 0.401367

vt 0.918945 0.400391

vt 0.918945 0.400879

vt 0.918945 0.401367

vt 0.920410 0.400391

vt 0.920410 0.400879

vt 0.921387 0.399902

vt 0.921875 0.400391

vt 0.922852 0.399414

vt 0.922852 0.399902

vt 0.923828 0.397949

vt 0.923828 0.398438

vt 0.924316 0.398926

vt 0.924805 0.397461

vt 0.925293 0.397949

vt 0.925781 0.396484

vt 0.926270 0.396973

vt 0.926758 0.395508

vt 0.927246 0.395996

vt 0.927246 0.394531

vt 0.927734 0.394531

vt 0.928223 0.395020

vt 0.928223 0.393555

vt 0.928711 0.393555

vt 0.928711 0.392090

vt 0.929199 0.392090

vt 0.929688 0.391113

vt 0.929199 0.390625

vt 0.930176 0.389648

vt 0.929688 0.389648

vt 0.930176 0.388184

vt 0.929199 0.389160

vt 0.929688 0.388184

vt 0.929688 0.386719

vt 0.930176 0.386719

vt 0.929688 0.385254

vt 0.930176 0.385254

vt 0.929199 0.384277

vt 0.929688 0.383789

vt 0.930176 0.383789

vt 0.929199 0.382812

vt 0.929688 0.382324

vt 0.928711 0.381348

vt 0.929199 0.381348

vt 0.928223 0.379883

vt 0.928711 0.379883

vt 0.926758 0.378906

vt 0.927246 0.378906

vt 0.927734 0.378418

vt 0.926758 0.377441

vt 0.926270 0.377930

vt 0.925781 0.376465

vt 0.925293 0.376953

vt 0.924805 0.375488

vt 0.924316 0.375977

vt 0.923340 0.374512

vt 0.922852 0.375488

vt 0.923340 0.375000

vt 0.922363 0.374023

vt 0.921875 0.374512

vt 0.920898 0.373535

vt 0.920898 0.374023

vt 0.919434 0.373047

vt 0.919434 0.373535

vt 0.917969 0.373047

vt 0.917969 0.372559

vt 0.917969 0.373535

vt 0.916504 0.373047

vt 0.916992 0.372559

vt 0.915527 0.372559

vt 0.915527 0.373047

vt 0.914062 0.372559

vt 0.914062 0.373047

vt 0.912598 0.372559

vt 0.912598 0.373535

vt 0.912598 0.373047

vt 0.911133 0.373047

vt 0.911133 0.373535

vt 0.909668 0.374023

vt 0.910156 0.374023

vt 0.908691 0.374512

vt 0.908691 0.375000

vt 0.907227 0.375000

vt 0.907715 0.375977

vt 0.907715 0.375488

vt 0.906250 0.375977

vt 0.906738 0.376465

vt 0.905273 0.376953

vt 0.905762 0.377441

vt 0.904297 0.377930

vt 0.904785 0.378418

vt 0.903320 0.379395

vt 0.904297 0.379883

vt 0.903809 0.379395

vt 0.902832 0.380371

vt 0.903320 0.380859

vt 0.902344 0.381836

vt 0.902832 0.381836

vt 0.901855 0.383301

vt 0.902344 0.383301

vt 0.902344 0.384766

vt 0.903320 0.384766

vt 0.903320 0.389648

vt 0.905273 0.380371

vt 0.904785 0.385254

vt 0.905273 0.394531

vt 0.904785 0.389648

vt 0.909180 0.397949

vt 0.906250 0.393555

vt 0.913574 0.399414

vt 0.909668 0.396484

vt 0.914062 0.398438

vt 0.918457 0.399414

vt 0.914062 0.396484

vt 0.922852 0.397461

vt 0.918457 0.397949

vt 0.926270 0.393555

vt 0.922363 0.396484

vt 0.925293 0.393066

vt 0.917969 0.396484

vt 0.923828 0.392090

vt 0.926758 0.389160

vt 0.928223 0.389160

vt 0.928223 0.384277

vt 0.926758 0.384766

vt 0.926270 0.379883

vt 0.924805 0.380371

vt 0.922363 0.376465

vt 0.917969 0.374512

vt 0.921875 0.377441

vt 0.913086 0.375000

vt 0.917480 0.375977

vt 0.908691 0.376953

vt 0.913086 0.375977

vt 0.909180 0.377930

vt 0.906250 0.380859

vt 0.913574 0.377930

vt 0.907715 0.381836

vt 0.910156 0.379395

vt 0.917480 0.377441

vt 0.914062 0.380371

vt 0.920898 0.378906

vt 0.916992 0.380371

vt 0.923340 0.381348

vt 0.919434 0.381348

vt 0.925293 0.384766

vt 0.921387 0.383301

vt 0.925293 0.388672

vt 0.922363 0.385742

vt 0.921387 0.390625

vt 0.922363 0.388184

vt 0.918945 0.387695

vt 0.918945 0.386230

vt 0.918457 0.385254

vt 0.917480 0.384277

vt 0.915527 0.387207

vt 0.916504 0.383789

vt 0.915039 0.383789

vt 0.912109 0.381348

vt 0.914062 0.384277

vt 0.910156 0.383301

vt 0.913086 0.385254

vt 0.912598 0.386719

vt 0.909180 0.385742

vt 0.906250 0.385254

vt 0.909180 0.388672

vt 0.906250 0.389160

vt 0.912598 0.387695

vt 0.910156 0.391113

vt 0.908203 0.392578

vt 0.910645 0.395020

vt 0.913086 0.389160

vt 0.912109 0.392578

vt 0.914062 0.389648

vt 0.914551 0.393555

vt 0.915039 0.390137

vt 0.916504 0.390137

vt 0.917480 0.393555

vt 0.921387 0.395020

vt 0.919434 0.392578

vt 0.918457 0.388672

vt 0.917480 0.389648



vn 0.000000 0.007874 -1.000000

vn 0.000000 0.007874 -1.000000

vn 0.000000 0.007874 -1.000000

vn 0.000000 0.007874 -1.000000

vn 0.000000 0.007874 -1.000000

vn 0.000000 0.007874 -1.000000

vn 0.000000 0.007874 -1.000000

vn 0.000000 0.007874 -1.000000

vn 0.000000 0.007874 -1.000000

vn 0.000000 0.007874 -1.000000

vn 0.000000 0.007874 -1.000000

vn 0.000000 0.007874 -1.000000

vn 0.000000 1.000000 0.007874

vn 0.000000 1.000000 0.007874

vn 0.000000 1.000000 0.007874

vn 0.000000 1.000000 0.007874

vn 1.000000 0.000000 0.000000

vn 1.000000 0.000000 0.000000

vn 1.000000 0.000000 0.000000

vn 1.000000 0.000000 0.000000

vn -1.000000 0.000000 0.000000

vn -1.000000 0.000000 0.000000

vn -1.000000 0.000000 0.000000

vn -1.000000 0.000000 0.000000

vn 0.000000 0.007874 -1.000000

vn 0.000000 0.007874 -1.000000

vn 0.000000 0.007874 -1.000000

vn 0.000000 0.007874 -1.000000

vn 0.000000 -0.007874 1.000000

vn 0.000000 -0.007874 1.000000

vn 0.000000 -0.007874 1.000000

vn 0.000000 -0.007874 1.000000

vn 0.000000 1.000000 0.007874

vn 0.000000 1.000000 0.007874

vn 0.000000 1.000000 0.007874

vn 0.000000 1.000000 0.007874

vn 1.000000 0.000000 0.000000

vn 1.000000 0.000000 0.000000

vn 1.000000 0.000000 0.000000

vn 1.000000 0.000000 0.000000

vn -1.000000 0.000000 0.000000

vn -1.000000 0.000000 0.000000

vn -1.000000 0.000000 0.000000

vn -1.000000 0.000000 0.000000

vn 0.000000 0.007874 -1.000000

vn 0.000000 0.007874 -1.000000

vn 0.000000 0.007874 -1.000000

vn 0.000000 0.007874 -1.000000

vn 0.000000 -0.007874 1.000000

vn 0.000000 -0.007874 1.000000

vn 0.000000 -0.007874 1.000000

vn 0.000000 -0.007874 1.000000

vn 0.000000 1.000000 0.007874

vn 0.000000 1.000000 0.007874

vn 0.000000 1.000000 0.007874

vn 0.000000 1.000000 0.007874

vn 1.000000 0.000000 0.000000

vn 1.000000 0.000000 0.000000

vn 1.000000 0.000000 0.000000

vn 1.000000 0.000000 0.000000

vn -1.000000 0.000000 0.000000

vn -1.000000 0.000000 0.000000

vn -1.000000 0.000000 0.000000

vn -1.000000 0.000000 0.000000

vn 0.000000 0.007874 -1.000000

vn 0.000000 0.007874 -1.000000

vn 0.000000 0.007874 -1.000000

vn 0.000000 0.007874 -1.000000

vn 0.000000 -0.007874 1.000000

vn 0.000000 -0.007874 1.000000

vn 0.000000 -0.007874 1.000000

vn 0.000000 -0.007874 1.000000

vn 0.000000 1.000000 0.007874

vn 0.000000 1.000000 0.007874

vn 0.000000 1.000000 0.007874

vn 0.000000 1.000000 0.007874

vn 1.000000 0.000000 0.000000

vn 1.000000 0.000000 0.000000

vn 1.000000 0.000000 0.000000

vn 1.000000 0.000000 0.000000

vn -1.000000 0.000000 0.000000

vn -1.000000 0.000000 0.000000

vn -1.000000 0.000000 0.000000

vn -1.000000 0.000000 0.000000

vn 0.000000 0.007874 -1.000000

vn 0.000000 0.007874 -1.000000

vn 0.000000 0.007874 -1.000000

vn 0.000000 0.007874 -1.000000

vn 0.000000 -0.007874 1.000000

vn 0.000000 -0.007874 1.000000

vn 0.000000 -0.007874 1.000000

vn 0.000000 -0.007874 1.000000

vn 0.000000 1.000000 0.007874

vn 0.000000 1.000000 0.007874

vn 0.000000 1.000000 0.007874

vn 0.000000 1.000000 0.007874

vn 1.000000 0.000000 0.000000

vn 1.000000 0.000000 0.000000

vn 1.000000 0.000000 0.000000

vn 1.000000 0.000000 0.000000

vn -1.000000 0.000000 0.000000

vn -1.000000 0.000000 0.000000

vn -1.000000 0.000000 0.000000

vn -1.000000 0.000000 0.000000

vn 0.000000 0.007874 -1.000000

vn 0.000000 0.007874 -1.000000

vn 0.000000 0.007874 -1.000000

vn 0.000000 0.007874 -1.000000

vn 0.000000 -0.007874 1.000000

vn 0.000000 -0.007874 1.000000

vn 0.000000 -0.007874 1.000000

vn 0.000000 -0.007874 1.000000

vn 0.000000 1.000000 0.007874

vn 0.000000 1.000000 0.007874

vn 0.000000 1.000000 0.007874

vn 0.000000 1.000000 0.007874

vn 1.000000 0.000000 0.000000

vn 1.000000 0.000000 0.000000

vn 1.000000 0.000000 0.000000

vn 1.000000 0.000000 0.000000

vn -1.000000 0.000000 0.000000

vn -1.000000 0.000000 0.000000

vn -1.000000 0.000000 0.000000

vn -1.000000 0.000000 0.000000

vn 0.000000 0.007874 -1.000000

vn 0.000000 0.007874 -1.000000

vn 0.000000 0.007874 -1.000000

vn 0.000000 0.007874 -1.000000

vn 0.000000 -0.007874 1.000000

vn 0.000000 -0.007874 1.000000

vn 0.000000 -0.007874 1.000000

vn 0.000000 -0.007874 1.000000

vn 0.000000 1.000000 0.007874

vn 0.000000 1.000000 0.007874

vn 0.000000 1.000000 0.007874

vn 0.000000 1.000000 0.007874

vn 1.000000 0.000000 0.000000

vn 1.000000 0.000000 0.000000

vn 1.000000 0.000000 0.000000

vn 1.000000 0.000000 0.000000

vn -1.000000 0.000000 0.000000

vn -1.000000 0.000000 0.000000

vn -1.000000 0.000000 0.000000

vn -1.000000 0.000000 0.000000

vn 0.000000 0.007874 -1.000000

vn 0.000000 0.007874 -1.000000

vn 0.000000 0.007874 -1.000000

vn 0.000000 0.007874 -1.000000

vn 0.000000 -0.007874 1.000000

vn 0.000000 -0.007874 1.000000

vn 0.000000 -0.007874 1.000000

vn 0.000000 -0.007874 1.000000

vn 0.000000 1.000000 0.007874

vn 0.000000 1.000000 0.007874

vn 0.000000 1.000000 0.007874

vn 0.000000 1.000000 0.007874

vn 1.000000 0.000000 0.000000

vn 1.000000 0.000000 0.000000

vn 1.000000 0.000000 0.000000

vn 1.000000 0.000000 0.000000

vn -1.000000 0.000000 0.000000

vn -1.000000 0.000000 0.000000

vn -1.000000 0.000000 0.000000

vn -1.000000 0.000000 0.000000

vn 0.000000 0.007874 -1.000000

vn 0.000000 0.007874 -1.000000

vn 0.000000 0.007874 -1.000000

vn 0.000000 0.007874 -1.000000

vn 0.000000 -0.007874 1.000000

vn 0.000000 -0.007874 1.000000

vn 0.000000 -0.007874 1.000000

vn 0.000000 -0.007874 1.000000

vn 0.000000 1.000000 0.007874

vn 0.000000 1.000000 0.007874

vn 0.000000 1.000000 0.007874

vn 0.000000 1.000000 0.007874

vn 1.000000 0.000000 0.000000

vn 1.000000 0.000000 0.000000

vn 1.000000 0.000000 0.000000

vn 1.000000 0.000000 0.000000

vn -1.000000 0.000000 0.000000

vn -1.000000 0.000000 0.000000

vn -1.000000 0.000000 0.000000

vn -1.000000 0.000000 0.000000

vn 0.000000 0.007874 -1.000000

vn 0.000000 0.007874 -1.000000

vn 0.000000 0.007874 -1.000000

vn 0.000000 0.007874 -1.000000

vn 0.000000 -0.007874 1.000000

vn 0.000000 -0.007874 1.000000

vn 0.000000 -0.007874 1.000000

vn 0.000000 -0.007874 1.000000

vn 0.000000 1.000000 0.007874

vn 0.000000 1.000000 0.007874

vn 0.000000 1.000000 0.007874

vn 0.000000 1.000000 0.007874

vn 1.000000 0.000000 0.000000

vn 1.000000 0.000000 0.000000

vn 1.000000 0.000000 0.000000

vn 1.000000 0.000000 0.000000

vn -1.000000 0.000000 0.000000

vn -1.000000 0.000000 0.000000

vn -1.000000 0.000000 0.000000

vn -1.000000 0.000000 0.000000

vn 0.000000 0.007874 -1.000000

vn 0.000000 0.007874 -1.000000

vn 0.000000 0.007874 -1.000000

vn 0.000000 0.007874 -1.000000

vn 0.000000 -0.007874 1.000000

vn 0.000000 -0.007874 1.000000

vn 0.000000 -0.007874 1.000000

vn 0.000000 -0.007874 1.000000

vn 0.000000 1.000000 0.007874

vn 0.000000 1.000000 0.007874

vn 0.000000 1.000000 0.007874

vn 0.000000 1.000000 0.007874

vn 1.000000 0.000000 0.000000

vn 1.000000 0.000000 0.000000

vn 1.000000 0.000000 0.000000

vn 1.000000 0.000000 0.000000

vn -1.000000 0.000000 0.000000

vn -1.000000 0.000000 0.000000

vn -1.000000 0.000000 0.000000

vn -1.000000 0.000000 0.000000

vn 0.000000 0.007874 -1.000000

vn 0.000000 0.007874 -1.000000

vn 0.000000 0.007874 -1.000000

vn 0.000000 0.007874 -1.000000

vn 0.000000 -0.007874 1.000000

vn 0.000000 -0.007874 1.000000

vn 0.000000 -0.007874 1.000000

vn 0.000000 -0.007874 1.000000

vn 0.000000 1.000000 0.007874

vn 0.000000 1.000000 0.007874

vn 0.000000 1.000000 0.007874

vn 0.000000 1.000000 0.007874

vn 1.000000 0.000000 0.000000

vn 1.000000 0.000000 0.000000

vn 1.000000 0.000000 0.000000

vn 1.000000 0.000000 0.000000

vn -1.000000 0.000000 0.000000

vn -1.000000 0.000000 0.000000

vn -1.000000 0.000000 0.000000

vn -1.000000 0.000000 0.000000

vn 0.000000 0.007874 -1.000000

vn 0.000000 0.007874 -1.000000

vn 0.000000 0.007874 -1.000000

vn 0.000000 0.007874 -1.000000

vn 0.000000 -0.007874 1.000000

vn 0.000000 -0.007874 1.000000

vn 0.000000 -0.007874 1.000000

vn 0.000000 -0.007874 1.000000

vn 0.000000 1.000000 0.007874

vn 0.000000 1.000000 0.007874

vn 0.000000 1.000000 0.007874

vn 0.000000 1.000000 0.007874

vn 1.000000 0.000000 0.000000

vn 1.000000 0.000000 0.000000

vn 1.000000 0.000000 0.000000

vn 1.000000 0.000000 0.000000

vn -1.000000 0.000000 0.000000

vn -1.000000 0.000000 0.000000

vn -1.000000 0.000000 0.000000

vn -1.000000 0.000000 0.000000

vn 0.000000 0.007874 -1.000000

vn 0.000000 0.007874 -1.000000

vn 0.000000 0.007874 -1.000000

vn 0.000000 0.007874 -1.000000

vn 0.000000 -0.007874 1.000000

vn 0.000000 -0.007874 1.000000

vn 0.000000 -0.007874 1.000000

vn 0.000000 -0.007874 1.000000

vn 0.000000 1.000000 0.007874

vn 0.000000 1.000000 0.007874

vn 0.000000 1.000000 0.007874

vn 0.000000 1.000000 0.007874

vn 1.000000 0.000000 0.000000

vn 1.000000 0.000000 0.000000

vn 1.000000 0.000000 0.000000

vn 1.000000 0.000000 0.000000

vn -1.000000 0.000000 0.000000

vn -1.000000 0.000000 0.000000

vn -1.000000 0.000000 0.000000

vn -1.000000 0.000000 0.000000

vn 0.000000 0.007874 -1.000000

vn 0.000000 0.007874 -1.000000

vn 0.000000 0.007874 -1.000000

vn 0.000000 0.007874 -1.000000

vn 0.000000 -0.007874 1.000000

vn 0.000000 -0.007874 1.000000

vn 0.000000 -0.007874 1.000000

vn 0.000000 -0.007874 1.000000

vn 0.000000 1.000000 0.007874

vn 0.000000 1.000000 0.007874

vn 0.000000 1.000000 0.007874

vn 0.000000 1.000000 0.007874

vn 1.000000 0.000000 0.000000

vn 1.000000 0.000000 0.000000

vn 1.000000 0.000000 0.000000

vn 1.000000 0.000000 0.000000

vn -1.000000 0.000000 0.000000

vn -1.000000 0.000000 0.000000

vn -1.000000 0.000000 0.000000

vn -1.000000 0.000000 0.000000

vn 0.000000 0.007874 -1.000000

vn 0.000000 0.007874 -1.000000

vn 0.000000 0.007874 -1.000000

vn 0.000000 0.007874 -1.000000

vn 0.000000 -0.007874 1.000000

vn 0.000000 -0.007874 1.000000

vn 0.000000 -0.007874 1.000000

vn 0.000000 -0.007874 1.000000

vn 0.000000 1.000000 0.007874

vn 0.000000 1.000000 0.007874

vn 0.000000 1.000000 0.007874

vn 0.000000 1.000000 0.007874

vn 1.000000 0.000000 0.000000

vn 1.000000 0.000000 0.000000

vn 1.000000 0.000000 0.000000

vn 1.000000 0.000000 0.000000

vn -1.000000 0.000000 0.000000

vn -1.000000 0.000000 0.000000

vn -1.000000 0.000000 0.000000

vn -1.000000 0.000000 0.000000

vn 0.000000 0.007874 -1.000000

vn 0.000000 0.007874 -1.000000

vn 0.000000 0.007874 -1.000000

vn 0.000000 0.007874 -1.000000

vn 0.000000 -0.007874 1.000000

vn 0.000000 -0.007874 1.000000

vn 0.000000 -0.007874 1.000000

vn 0.000000 -0.007874 1.000000

vn 0.000000 1.000000 0.007874

vn 0.000000 1.000000 0.007874

vn 0.000000 1.000000 0.007874

vn 0.000000 1.000000 0.007874

vn 1.000000 0.000000 0.000000

vn 1.000000 0.000000 0.000000

vn 1.000000 0.000000 0.000000

vn 1.000000 0.000000 0.000000

vn -1.000000 0.000000 0.000000

vn -1.000000 0.000000 0.000000

vn -1.000000 0.000000 0.000000

vn -1.000000 0.000000 0.000000

vn 0.000000 0.007874 -1.000000

vn 0.000000 0.007874 -1.000000

vn 0.000000 0.007874 -1.000000

vn 0.000000 0.007874 -1.000000

vn 0.000000 -0.007874 1.000000

vn 0.000000 -0.007874 1.000000

vn 0.000000 -0.007874 1.000000

vn 0.000000 -0.007874 1.000000

vn 0.000000 1.000000 0.007874

vn 0.000000 1.000000 0.007874

vn 0.000000 1.000000 0.007874

vn 0.000000 1.000000 0.007874

vn 1.000000 0.000000 0.000000

vn 1.000000 0.000000 0.000000

vn 1.000000 0.000000 0.000000

vn 1.000000 0.000000 0.000000

vn -1.000000 0.000000 0.000000

vn -1.000000 0.000000 0.000000

vn -1.000000 0.000000 0.000000

vn -1.000000 0.000000 0.000000

vn 0.000000 0.007874 -1.000000

vn 0.000000 0.007874 -1.000000

vn 0.000000 0.007874 -1.000000

vn 0.000000 0.007874 -1.000000

vn 0.000000 -0.007874 1.000000

vn 0.000000 -0.007874 1.000000

vn 0.000000 -0.007874 1.000000

vn 0.000000 -0.007874 1.000000

vn 0.000000 1.000000 0.007874

vn 0.000000 1.000000 0.007874

vn 0.000000 1.000000 0.007874

vn 0.000000 1.000000 0.007874

vn 1.000000 0.000000 0.000000

vn 1.000000 0.000000 0.000000

vn 1.000000 0.000000 0.000000

vn 1.000000 0.000000 0.000000

vn -1.000000 0.000000 0.000000

vn -1.000000 0.000000 0.000000

vn -1.000000 0.000000 0.000000

vn -1.000000 0.000000 0.000000

vn 0.000000 0.007874 -1.000000

vn 0.000000 0.007874 -1.000000

vn 0.000000 0.007874 -1.000000

vn 0.000000 0.007874 -1.000000

vn 0.000000 -0.007874 1.000000

vn 0.000000 -0.007874 1.000000

vn 0.000000 -0.007874 1.000000

vn 0.000000 -0.007874 1.000000

vn 0.000000 1.000000 0.007874

vn 0.000000 1.000000 0.007874

vn 0.000000 1.000000 0.007874

vn 0.000000 1.000000 0.007874

vn 1.000000 0.000000 0.000000

vn 1.000000 0.000000 0.000000

vn 1.000000 0.000000 0.000000

vn 1.000000 0.000000 0.000000

vn -1.000000 0.000000 0.000000

vn -1.000000 0.000000 0.000000

vn -1.000000 0.000000 0.000000

vn -1.000000 0.000000 0.000000

vn 0.000000 0.007874 -1.000000

vn 0.000000 0.007874 -1.000000

vn 0.000000 0.007874 -1.000000

vn 0.000000 0.007874 -1.000000

vn 0.000000 -0.007874 1.000000

vn 0.000000 -0.007874 1.000000

vn 0.000000 -0.007874 1.000000

vn 0.000000 -0.007874 1.000000

vn 0.000000 1.000000 0.007874

vn 0.000000 1.000000 0.007874

vn 0.000000 1.000000 0.007874

vn 0.000000 1.000000 0.007874

vn 1.000000 0.000000 0.000000

vn 1.000000 0.000000 0.000000

vn 1.000000 0.000000 0.000000

vn 1.000000 0.000000 0.000000

vn -1.000000 0.000000 0.000000

vn -1.000000 0.000000 0.000000

vn -1.000000 0.000000 0.000000

vn -1.000000 0.000000 0.000000

vn 0.000000 0.007874 -1.000000

vn 0.000000 0.007874 -1.000000

vn 0.000000 0.007874 -1.000000

vn 0.000000 0.007874 -1.000000

vn 0.000000 -0.007874 1.000000

vn 0.000000 -0.007874 1.000000

vn 0.000000 -0.007874 1.000000

vn 0.000000 -0.007874 1.000000

vn 0.000000 1.000000 0.007874

vn 0.000000 1.000000 0.007874

vn 0.000000 1.000000 0.007874

vn 0.000000 1.000000 0.007874

vn 1.000000 0.000000 0.000000

vn 1.000000 0.000000 0.000000

vn 1.000000 0.000000 0.000000

vn 1.000000 0.000000 0.000000

vn -1.000000 0.000000 0.000000

vn -1.000000 0.000000 0.000000

vn -1.000000 0.000000 0.000000

vn -1.000000 0.000000 0.000000

vn 0.000000 0.007874 -1.000000

vn 0.000000 0.007874 -1.000000

vn 0.000000 0.007874 -1.000000

vn 0.000000 0.007874 -1.000000

vn 0.000000 -0.007874 1.000000

vn 0.000000 -0.007874 1.000000

vn 0.000000 -0.007874 1.000000

vn 0.000000 -0.007874 1.000000

vn 0.000000 1.000000 0.007874

vn 0.000000 1.000000 0.007874

vn 0.000000 1.000000 0.007874

vn 0.000000 1.000000 0.007874

vn 1.000000 0.000000 0.000000

vn 1.000000 0.000000 0.000000

vn 1.000000 0.000000 0.000000

vn 1.000000 0.000000 0.000000

vn -1.000000 0.000000 0.000000

vn -1.000000 0.000000 0.000000

vn -1.000000 0.000000 0.000000

vn -1.000000 0.000000 0.000000

vn 0.000000 0.007874 -1.000000

vn 0.000000 0.007874 -1.000000

vn 0.000000 0.007874 -1.000000

vn 0.000000 0.007874 -1.000000

vn 0.000000 -0.007874 1.000000

vn 0.000000 -0.007874 1.000000

vn 0.000000 -0.007874 1.000000

vn 0.000000 -0.007874 1.000000

vn 0.000000 1.000000 0.007874

vn 0.000000 1.000000 0.007874

vn 0.000000 1.000000 0.007874

vn 0.000000 1.000000 0.007874

vn 1.000000 0.000000 0.000000

vn 1.000000 0.000000 0.000000

vn 1.000000 0.000000 0.000000

vn 1.000000 0.000000 0.000000

vn -1.000000 0.000000 0.000000

vn -1.000000 0.000000 0.000000

vn -1.000000 0.000000 0.000000

vn -1.000000 0.000000 0.000000

vn 0.000000 0.007874 -1.000000

vn 0.000000 0.007874 -1.000000

vn 0.000000 0.007874 -1.000000

vn 0.000000 0.007874 -1.000000

vn 0.000000 -0.007874 1.000000

vn 0.000000 -0.007874 1.000000

vn 0.000000 -0.007874 1.000000

vn 0.000000 -0.007874 1.000000

vn 0.000000 1.000000 0.007874

vn 0.000000 1.000000 0.007874

vn 0.000000 1.000000 0.007874

vn 0.000000 1.000000 0.007874

vn 1.000000 0.000000 0.000000

vn 1.000000 0.000000 0.000000

vn 1.000000 0.000000 0.000000

vn 1.000000 0.000000 0.000000

vn -1.000000 0.000000 0.000000

vn -1.000000 0.000000 0.000000

vn -1.000000 0.000000 0.000000

vn -1.000000 0.000000 0.000000

vn 0.000000 0.007874 -1.000000

vn 0.000000 0.007874 -1.000000

vn 0.000000 0.007874 -1.000000

vn 0.000000 0.007874 -1.000000

vn 0.000000 -0.007874 1.000000

vn 0.000000 -0.007874 1.000000

vn 0.000000 -0.007874 1.000000

vn 0.000000 -0.007874 1.000000

vn 0.000000 1.000000 0.007874

vn 0.000000 1.000000 0.007874

vn 0.000000 1.000000 0.007874

vn 0.000000 1.000000 0.007874

vn 1.000000 0.000000 0.000000

vn 1.000000 0.000000 0.000000

vn 1.000000 0.000000 0.000000

vn 1.000000 0.000000 0.000000

vn -1.000000 0.000000 0.000000

vn -1.000000 0.000000 0.000000

vn -1.000000 0.000000 0.000000

vn -1.000000 0.000000 0.000000

vn 0.000000 0.007874 -1.000000

vn 0.000000 0.007874 -1.000000

vn 0.000000 0.007874 -1.000000

vn 0.000000 0.007874 -1.000000

vn 0.000000 -0.007874 1.000000

vn 0.000000 -0.007874 1.000000

vn 0.000000 -0.007874 1.000000

vn 0.000000 -0.007874 1.000000

vn 0.000000 1.000000 0.007874

vn 0.000000 1.000000 0.007874

vn 0.000000 1.000000 0.007874

vn 0.000000 1.000000 0.007874

vn 1.000000 0.000000 0.000000

vn 1.000000 0.000000 0.000000

vn 1.000000 0.000000 0.000000

vn 1.000000 0.000000 0.000000

vn -1.000000 0.000000 0.000000

vn -1.000000 0.000000 0.000000

vn -1.000000 0.000000 0.000000

vn -1.000000 0.000000 0.000000

vn 0.000000 0.007874 -1.000000

vn 0.000000 0.007874 -1.000000

vn 0.000000 0.007874 -1.000000

vn 0.000000 0.007874 -1.000000

vn 0.000000 -0.007874 1.000000

vn 0.000000 -0.007874 1.000000

vn 0.000000 -0.007874 1.000000

vn 0.000000 -0.007874 1.000000

vn 0.000000 1.000000 0.007874

vn 0.000000 1.000000 0.007874

vn 0.000000 1.000000 0.007874

vn 0.000000 1.000000 0.007874

vn 1.000000 0.000000 0.000000

vn 1.000000 0.000000 0.000000

vn 1.000000 0.000000 0.000000

vn 1.000000 0.000000 0.000000

vn -1.000000 0.000000 0.000000

vn -1.000000 0.000000 0.000000

vn -1.000000 0.000000 0.000000

vn -1.000000 0.000000 0.000000

vn 0.000000 0.007874 -1.000000

vn 0.000000 0.007874 -1.000000

vn 0.000000 0.007874 -1.000000

vn 0.000000 0.007874 -1.000000

vn 0.000000 -0.007874 1.000000

vn 0.000000 -0.007874 1.000000

vn 0.000000 -0.007874 1.000000

vn 0.000000 -0.007874 1.000000

vn 0.000000 1.000000 0.007874

vn 0.000000 1.000000 0.007874

vn 0.000000 1.000000 0.007874

vn 0.000000 1.000000 0.007874

vn 1.000000 0.000000 0.000000

vn 1.000000 0.000000 0.000000

vn 1.000000 0.000000 0.000000

vn 1.000000 0.000000 0.000000

vn -1.000000 0.000000 0.000000

vn -1.000000 0.000000 0.000000

vn -1.000000 0.000000 0.000000

vn -1.000000 0.000000 0.000000

vn 0.000000 0.007874 -1.000000

vn 0.000000 0.007874 -1.000000

vn 0.000000 0.007874 -1.000000

vn 0.000000 0.007874 -1.000000

vn 0.000000 -0.007874 1.000000

vn 0.000000 -0.007874 1.000000

vn 0.000000 -0.007874 1.000000

vn 0.000000 -0.007874 1.000000

vn 0.000000 1.000000 0.007874

vn 0.000000 1.000000 0.007874

vn 0.000000 1.000000 0.007874

vn 0.000000 1.000000 0.007874

vn 1.000000 0.000000 0.000000

vn 1.000000 0.000000 0.000000

vn 1.000000 0.000000 0.000000

vn 1.000000 0.000000 0.000000

vn -1.000000 0.000000 0.000000

vn -1.000000 0.000000 0.000000

vn -1.000000 0.000000 0.000000

vn -1.000000 0.000000 0.000000

vn 0.000000 0.007874 -1.000000

vn 0.000000 0.007874 -1.000000

vn 0.000000 0.007874 -1.000000

vn 0.000000 0.007874 -1.000000

vn 0.000000 -0.007874 1.000000

vn 0.000000 -0.007874 1.000000

vn 0.000000 -0.007874 1.000000

vn 0.000000 -0.007874 1.000000

vn 0.000000 1.000000 0.007874

vn 0.000000 1.000000 0.007874

vn 0.000000 1.000000 0.007874

vn 0.000000 1.000000 0.007874

vn 1.000000 0.000000 0.000000

vn 1.000000 0.000000 0.000000

vn 1.000000 0.000000 0.000000

vn 1.000000 0.000000 0.000000

vn -1.000000 0.000000 0.000000

vn -1.000000 0.000000 0.000000

vn -1.000000 0.000000 0.000000

vn -1.000000 0.000000 0.000000

vn 0.000000 0.007874 -1.000000

vn 0.000000 0.007874 -1.000000

vn 0.000000 0.007874 -1.000000

vn 0.000000 0.007874 -1.000000

vn 0.000000 -0.007874 1.000000

vn 0.000000 -0.007874 1.000000

vn 0.000000 -0.007874 1.000000

vn 0.000000 -0.007874 1.000000

vn 0.000000 1.000000 0.007874

vn 0.000000 1.000000 0.007874

vn 0.000000 1.000000 0.007874

vn 0.000000 1.000000 0.007874

vn 1.000000 0.000000 0.000000

vn 1.000000 0.000000 0.000000

vn 1.000000 0.000000 0.000000

vn 1.000000 0.000000 0.000000

vn -1.000000 0.000000 0.000000

vn -1.000000 0.000000 0.000000

vn -1.000000 0.000000 0.000000

vn -1.000000 0.000000 0.000000

vn 0.000000 0.007874 -1.000000

vn 0.000000 0.007874 -1.000000

vn 0.000000 0.007874 -1.000000

vn 0.000000 0.007874 -1.000000

vn 0.000000 -0.007874 1.000000

vn 0.000000 -0.007874 1.000000

vn 0.000000 -0.007874 1.000000

vn 0.000000 -0.007874 1.000000

vn 0.000000 1.000000 0.007874

vn 0.000000 1.000000 0.007874

vn 0.000000 1.000000 0.007874

vn 0.000000 1.000000 0.007874

vn 1.000000 0.000000 0.000000

vn 1.000000 0.000000 0.000000

vn 1.000000 0.000000 0.000000

vn 1.000000 0.000000 0.000000

vn -1.000000 0.000000 0.000000

vn -1.000000 0.000000 0.000000

vn -1.000000 0.000000 0.000000

vn -1.000000 0.000000 0.000000

vn 0.000000 0.007874 -1.000000

vn 0.000000 0.007874 -1.000000

vn 0.000000 0.007874 -1.000000

vn 0.000000 0.007874 -1.000000

vn 0.000000 -0.007874 1.000000

vn 0.000000 -0.007874 1.000000

vn 0.000000 -0.007874 1.000000

vn 0.000000 -0.007874 1.000000

vn 0.000000 1.000000 0.007874

vn 0.000000 1.000000 0.007874

vn 0.000000 1.000000 0.007874

vn 0.000000 1.000000 0.007874

vn 1.000000 0.000000 0.000000

vn 1.000000 0.000000 0.000000

vn 1.000000 0.000000 0.000000

vn 1.000000 0.000000 0.000000

vn -1.000000 0.000000 0.000000

vn -1.000000 0.000000 0.000000

vn -1.000000 0.000000 0.000000

vn -1.000000 0.000000 0.000000

vn 0.000000 0.007874 -1.000000

vn 0.000000 0.007874 -1.000000

vn 0.000000 0.007874 -1.000000

vn 0.000000 0.007874 -1.000000

vn 0.000000 -0.007874 1.000000

vn 0.000000 -0.007874 1.000000

vn 0.000000 -0.007874 1.000000

vn 0.000000 -0.007874 1.000000

vn 0.000000 1.000000 0.007874

vn 0.000000 1.000000 0.007874

vn 0.000000 1.000000 0.007874

vn 0.000000 1.000000 0.007874

vn 1.000000 0.000000 0.000000

vn 1.000000 0.000000 0.000000

vn 1.000000 0.000000 0.000000

vn 1.000000 0.000000 0.000000

vn -1.000000 0.000000 0.000000

vn -1.000000 0.000000 0.000000

vn -1.000000 0.000000 0.000000

vn -1.000000 0.000000 0.000000

vn 0.000000 0.007874 -1.000000

vn 0.000000 0.007874 -1.000000

vn 0.000000 0.007874 -1.000000

vn 0.000000 0.007874 -1.000000

vn 0.000000 -0.007874 1.000000

vn 0.000000 -0.007874 1.000000

vn 0.000000 -0.007874 1.000000

vn 0.000000 -0.007874 1.000000

vn 0.000000 1.000000 0.007874

vn 0.000000 1.000000 0.007874

vn 0.000000 1.000000 0.007874

vn 0.000000 1.000000 0.007874

vn 1.000000 0.000000 0.000000

vn 1.000000 0.000000 0.000000

vn 1.000000 0.000000 0.000000

vn 1.000000 0.000000 0.000000

vn -1.000000 0.000000 0.000000

vn -1.000000 0.000000 0.000000

vn -1.000000 0.000000 0.000000

vn -1.000000 0.000000 0.000000

vn 0.000000 0.007874 -1.000000

vn 0.000000 0.007874 -1.000000

vn 0.000000 0.007874 -1.000000

vn 0.000000 0.007874 -1.000000

vn 0.000000 -0.007874 1.000000

vn 0.000000 -0.007874 1.000000

vn 0.000000 -0.007874 1.000000

vn 0.000000 -0.007874 1.000000

vn 0.000000 1.000000 0.007874

vn 0.000000 1.000000 0.007874

vn 0.000000 1.000000 0.007874

vn 0.000000 1.000000 0.007874

vn 1.000000 0.000000 0.000000

vn 1.000000 0.000000 0.000000

vn 1.000000 0.000000 0.000000

vn 1.000000 0.000000 0.000000

vn -1.000000 0.000000 0.000000

vn -1.000000 0.000000 0.000000

vn -1.000000 0.000000 0.000000

vn -1.000000 0.000000 0.000000

vn 0.000000 0.007874 -1.000000

vn 0.000000 0.007874 -1.000000

vn 0.000000 0.007874 -1.000000

vn 0.000000 0.007874 -1.000000

vn 0.000000 -0.007874 1.000000

vn 0.000000 -0.007874 1.000000

vn 0.000000 -0.007874 1.000000

vn 0.000000 -0.007874 1.000000

vn 0.000000 1.000000 0.007874

vn 0.000000 1.000000 0.007874

vn 0.000000 1.000000 0.007874

vn 0.000000 1.000000 0.007874

vn 1.000000 0.000000 0.000000

vn 1.000000 0.000000 0.000000

vn 1.000000 0.000000 0.000000

vn 1.000000 0.000000 0.000000

vn -1.000000 0.000000 0.000000

vn -1.000000 0.000000 0.000000

vn -1.000000 0.000000 0.000000

vn -1.000000 0.000000 0.000000

vn 0.000000 0.007874 -1.000000

vn 0.000000 0.007874 -1.000000

vn 0.000000 0.007874 -1.000000

vn 0.000000 0.007874 -1.000000

vn 0.000000 -0.007874 1.000000

vn 0.000000 -0.007874 1.000000

vn 0.000000 -0.007874 1.000000

vn 0.000000 -0.007874 1.000000

vn 0.000000 1.000000 0.007874

vn 0.000000 1.000000 0.007874

vn 0.000000 1.000000 0.007874

vn 0.000000 1.000000 0.007874

vn 1.000000 0.000000 0.000000

vn 1.000000 0.000000 0.000000

vn 1.000000 0.000000 0.000000

vn 1.000000 0.000000 0.000000

vn -1.000000 0.000000 0.000000

vn -1.000000 0.000000 0.000000

vn -1.000000 0.000000 0.000000

vn -1.000000 0.000000 0.000000

vn 0.000000 0.007874 -1.000000

vn 0.000000 0.007874 -1.000000

vn 0.000000 0.007874 -1.000000

vn 0.000000 0.007874 -1.000000

vn 0.000000 -0.007874 1.000000

vn 0.000000 -0.007874 1.000000

vn 0.000000 -0.007874 1.000000

vn 0.000000 -0.007874 1.000000

vn 0.000000 1.000000 0.007874

vn 0.000000 1.000000 0.007874

vn 0.000000 1.000000 0.007874

vn 0.000000 1.000000 0.007874

vn 1.000000 0.000000 0.000000

vn 1.000000 0.000000 0.000000

vn 1.000000 0.000000 0.000000

vn 1.000000 0.000000 0.000000

vn -1.000000 0.000000 0.000000

vn -1.000000 0.000000 0.000000

vn -1.000000 0.000000 0.000000

vn -1.000000 0.000000 0.000000

vn 0.000000 0.007874 -1.000000

vn 0.000000 0.007874 -1.000000

vn 0.000000 0.007874 -1.000000

vn 0.000000 0.007874 -1.000000

vn 0.000000 -0.007874 1.000000

vn 0.000000 -0.007874 1.000000

vn 0.000000 -0.007874 1.000000

vn 0.000000 -0.007874 1.000000

vn 0.000000 1.000000 0.007874

vn 0.000000 1.000000 0.007874

vn 0.000000 1.000000 0.007874

vn 0.000000 1.000000 0.007874

vn 1.000000 0.000000 0.000000

vn 1.000000 0.000000 0.000000

vn 1.000000 0.000000 0.000000

vn 1.000000 0.000000 0.000000

vn -1.000000 0.000000 0.000000

vn -1.000000 0.000000 0.000000

vn -1.000000 0.000000 0.000000

vn -1.000000 0.000000 0.000000

vn 0.000000 0.007874 -1.000000

vn 0.000000 0.007874 -1.000000

vn 0.000000 0.007874 -1.000000

vn 0.000000 0.007874 -1.000000

vn 0.000000 -0.007874 1.000000

vn 0.000000 -0.007874 1.000000

vn 0.000000 -0.007874 1.000000

vn 0.000000 -0.007874 1.000000

vn 0.000000 1.000000 0.007874

vn 0.000000 1.000000 0.007874

vn 0.000000 1.000000 0.007874

vn 0.000000 1.000000 0.007874

vn 1.000000 0.000000 0.000000

vn 1.000000 0.000000 0.000000

vn 1.000000 0.000000 0.000000

vn 1.000000 0.000000 0.000000

vn -1.000000 0.000000 0.000000

vn -1.000000 0.000000 0.000000

vn -1.000000 0.000000 0.000000

vn -1.000000 0.000000 0.000000

vn 0.000000 0.007874 -1.000000

vn 0.000000 0.007874 -1.000000

vn 0.000000 0.007874 -1.000000

vn 0.000000 0.007874 -1.000000

vn 0.000000 -0.007874 1.000000

vn 0.000000 -0.007874 1.000000

vn 0.000000 -0.007874 1.000000

vn 0.000000 -0.007874 1.000000

vn 0.000000 1.000000 0.007874

vn 0.000000 1.000000 0.007874

vn 0.000000 1.000000 0.007874

vn 0.000000 1.000000 0.007874

vn 1.000000 0.000000 0.000000

vn 1.000000 0.000000 0.000000

vn 1.000000 0.000000 0.000000

vn 1.000000 0.000000 0.000000

vn -1.000000 0.000000 0.000000

vn -1.000000 0.000000 0.000000

vn -1.000000 0.000000 0.000000

vn -1.000000 0.000000 0.000000

vn 0.000000 0.007874 -1.000000

vn 0.000000 0.007874 -1.000000

vn 0.000000 0.007874 -1.000000

vn 0.000000 0.007874 -1.000000

vn 0.000000 -0.007874 1.000000

vn 0.000000 -0.007874 1.000000

vn 0.000000 -0.007874 1.000000

vn 0.000000 -0.007874 1.000000

vn 0.000000 1.000000 0.007874

vn 0.000000 1.000000 0.007874

vn 0.000000 1.000000 0.007874

vn 0.000000 1.000000 0.007874

vn 1.000000 0.000000 0.000000

vn 1.000000 0.000000 0.000000

vn 1.000000 0.000000 0.000000

vn 1.000000 0.000000 0.000000

vn -1.000000 0.000000 0.000000

vn -1.000000 0.000000 0.000000

vn -1.000000 0.000000 0.000000

vn -1.000000 0.000000 0.000000

vn 0.000000 0.007874 -1.000000

vn 0.000000 0.007874 -1.000000

vn 0.000000 0.007874 -1.000000

vn 0.000000 0.007874 -1.000000

vn 0.000000 -0.007874 1.000000

vn 0.000000 -0.007874 1.000000

vn 0.000000 -0.007874 1.000000

vn 0.000000 -0.007874 1.000000

vn 0.000000 1.000000 0.007874

vn 0.000000 1.000000 0.007874

vn 0.000000 1.000000 0.007874

vn 0.000000 1.000000 0.007874

vn 1.000000 0.000000 0.000000

vn 1.000000 0.000000 0.000000

vn 1.000000 0.000000 0.000000

vn 1.000000 0.000000 0.000000

vn -1.000000 0.000000 0.000000

vn -1.000000 0.000000 0.000000

vn -1.000000 0.000000 0.000000

vn -1.000000 0.000000 0.000000

vn 0.000000 0.007874 -1.000000

vn 0.000000 0.007874 -1.000000

vn 0.000000 0.007874 -1.000000

vn 0.000000 0.007874 -1.000000

vn 0.000000 -0.007874 1.000000

vn 0.000000 -0.007874 1.000000

vn 0.000000 -0.007874 1.000000

vn 0.000000 -0.007874 1.000000

vn 0.000000 1.000000 0.007874

vn 0.000000 1.000000 0.007874

vn 0.000000 1.000000 0.007874

vn 0.000000 1.000000 0.007874

vn 1.000000 0.000000 0.000000

vn 1.000000 0.000000 0.000000

vn 1.000000 0.000000 0.000000

vn 1.000000 0.000000 0.000000

vn -1.000000 0.000000 0.000000

vn -1.000000 0.000000 0.000000

vn -1.000000 0.000000 0.000000

vn -1.000000 0.000000 0.000000

vn 0.000000 0.007874 -1.000000

vn 0.000000 0.007874 -1.000000

vn 0.000000 0.007874 -1.000000

vn 0.000000 0.007874 -1.000000

vn 0.000000 -0.007874 1.000000

vn 0.000000 -0.007874 1.000000

vn 0.000000 -0.007874 1.000000

vn 0.000000 -0.007874 1.000000

vn 0.000000 1.000000 0.007874

vn 0.000000 1.000000 0.007874

vn 0.000000 1.000000 0.007874

vn 0.000000 1.000000 0.007874

vn 1.000000 0.000000 0.000000

vn 1.000000 0.000000 0.000000

vn 1.000000 0.000000 0.000000

vn 1.000000 0.000000 0.000000

vn -1.000000 0.000000 0.000000

vn -1.000000 0.000000 0.000000

vn -1.000000 0.000000 0.000000

vn -1.000000 0.000000 0.000000

vn 0.000000 0.007874 -1.000000

vn 0.000000 0.007874 -1.000000

vn 0.000000 0.007874 -1.000000

vn 0.000000 0.007874 -1.000000

vn 0.000000 -0.007874 1.000000

vn 0.000000 -0.007874 1.000000

vn 0.000000 -0.007874 1.000000

vn 0.000000 -0.007874 1.000000

vn 0.000000 1.000000 0.007874

vn 0.000000 1.000000 0.007874

vn 0.000000 1.000000 0.007874

vn 0.000000 1.000000 0.007874

vn 1.000000 0.000000 0.000000

vn 1.000000 0.000000 0.000000

vn 1.000000 0.000000 0.000000

vn 1.000000 0.000000 0.000000

vn -1.000000 0.000000 0.000000

vn -1.000000 0.000000 0.000000

vn -1.000000 0.000000 0.000000

vn -1.000000 0.000000 0.000000

vn 0.000000 0.007874 -1.000000

vn 0.000000 0.007874 -1.000000

vn 0.000000 0.007874 -1.000000

vn 0.000000 0.007874 -1.000000

vn 0.000000 -0.007874 1.000000

vn 0.000000 -0.007874 1.000000

vn 0.000000 -0.007874 1.000000

vn 0.000000 -0.007874 1.000000

vn 0.000000 1.000000 0.007874

vn 0.000000 1.000000 0.007874

vn 0.000000 1.000000 0.007874

vn 0.000000 1.000000 0.007874

vn 1.000000 0.000000 0.000000

vn 1.000000 0.000000 0.000000

vn 1.000000 0.000000 0.000000

vn 1.000000 0.000000 0.000000

vn -1.000000 0.000000 0.000000

vn -1.000000 0.000000 0.000000

vn -1.000000 0.000000 0.000000

vn -1.000000 0.000000 0.000000

vn 0.000000 0.007874 -1.000000

vn 0.000000 0.007874 -1.000000

vn 0.000000 0.007874 -1.000000

vn 0.000000 0.007874 -1.000000

vn 0.000000 -0.007874 1.000000

vn 0.000000 -0.007874 1.000000

vn 0.000000 -0.007874 1.000000

vn 0.000000 -0.007874 1.000000

vn 0.000000 1.000000 0.007874

vn 0.000000 1.000000 0.007874

vn 0.000000 1.000000 0.007874

vn 0.000000 1.000000 0.007874

vn 1.000000 0.000000 0.000000

vn 1.000000 0.000000 0.000000

vn 1.000000 0.000000 0.000000

vn 1.000000 0.000000 0.000000

vn -1.000000 0.000000 0.000000

vn -1.000000 0.000000 0.000000

vn -1.000000 0.000000 0.000000

vn -1.000000 0.000000 0.000000

vn 0.000000 0.007874 -1.000000

vn 0.000000 0.007874 -1.000000

vn 0.000000 0.007874 -1.000000

vn 0.000000 0.007874 -1.000000

vn 0.000000 -0.007874 1.000000

vn 0.000000 -0.007874 1.000000

vn 0.000000 -0.007874 1.000000

vn 0.000000 -0.007874 1.000000

vn 0.000000 1.000000 0.007874

vn 0.000000 1.000000 0.007874

vn 0.000000 1.000000 0.007874

vn 0.000000 1.000000 0.007874

vn 1.000000 0.000000 0.000000

vn 1.000000 0.000000 0.000000

vn 1.000000 0.000000 0.000000

vn 1.000000 0.000000 0.000000

vn -1.000000 0.000000 0.000000

vn -1.000000 0.000000 0.000000

vn -1.000000 0.000000 0.000000

vn -1.000000 0.000000 0.000000

vn 0.000000 0.007874 -1.000000

vn 0.000000 0.007874 -1.000000

vn 0.000000 0.007874 -1.000000

vn 0.000000 0.007874 -1.000000

vn 0.000000 -0.007874 1.000000

vn 0.000000 -0.007874 1.000000

vn 0.000000 -0.007874 1.000000

vn 0.000000 -0.007874 1.000000

vn 0.000000 1.000000 0.007874

vn 0.000000 1.000000 0.007874

vn 0.000000 1.000000 0.007874

vn 0.000000 1.000000 0.007874

vn 1.000000 0.000000 0.000000

vn 1.000000 0.000000 0.000000

vn 1.000000 0.000000 0.000000

vn 1.000000 0.000000 0.000000

vn -1.000000 0.000000 0.000000

vn -1.000000 0.000000 0.000000

vn -1.000000 0.000000 0.000000

vn -1.000000 0.000000 0.000000

vn 0.000000 0.007874 -1.000000

vn 0.000000 0.007874 -1.000000

vn 0.000000 0.007874 -1.000000

vn 0.000000 0.007874 -1.000000

vn 0.000000 -0.007874 1.000000

vn 0.000000 -0.007874 1.000000

vn 0.000000 -0.007874 1.000000

vn 0.000000 -0.007874 1.000000

vn 0.000000 1.000000 0.007874

vn 0.000000 1.000000 0.007874

vn 0.000000 1.000000 0.007874

vn 0.000000 1.000000 0.007874

vn 1.000000 0.000000 0.000000

vn 1.000000 0.000000 0.000000

vn 1.000000 0.000000 0.000000

vn 1.000000 0.000000 0.000000

vn -1.000000 0.000000 0.000000

vn -1.000000 0.000000 0.000000

vn -1.000000 0.000000 0.000000

vn -1.000000 0.000000 0.000000

vn 0.000000 0.007874 -1.000000

vn 0.000000 0.007874 -1.000000

vn 0.000000 0.007874 -1.000000

vn 0.000000 0.007874 -1.000000

vn 0.000000 -0.007874 1.000000

vn 0.000000 -0.007874 1.000000

vn 0.000000 -0.007874 1.000000

vn 0.000000 -0.007874 1.000000

vn 0.000000 1.000000 0.007874

vn 0.000000 1.000000 0.007874

vn 0.000000 1.000000 0.007874

vn 0.000000 1.000000 0.007874

vn 1.000000 0.000000 0.000000

vn 1.000000 0.000000 0.000000

vn 1.000000 0.000000 0.000000

vn 1.000000 0.000000 0.000000

vn -1.000000 0.000000 0.000000

vn -1.000000 0.000000 0.000000

vn -1.000000 0.000000 0.000000

vn -1.000000 0.000000 0.000000

vn 0.000000 0.007874 -1.000000

vn 0.000000 0.007874 -1.000000

vn 0.000000 0.007874 -1.000000

vn 0.000000 0.007874 -1.000000

vn 0.000000 -0.007874 1.000000

vn 0.000000 -0.007874 1.000000

vn 0.000000 -0.007874 1.000000

vn 0.000000 -0.007874 1.000000

vn 0.000000 1.000000 0.007874

vn 0.000000 1.000000 0.007874

vn 0.000000 1.000000 0.007874

vn 0.000000 1.000000 0.007874

vn 1.000000 0.000000 0.000000

vn 1.000000 0.000000 0.000000

vn 1.000000 0.000000 0.000000

vn 1.000000 0.000000 0.000000

vn -1.000000 0.000000 0.000000

vn -1.000000 0.000000 0.000000

vn -1.000000 0.000000 0.000000

vn -1.000000 0.000000 0.000000

vn 0.000000 0.007874 -1.000000

vn 0.000000 0.007874 -1.000000

vn 0.000000 0.007874 -1.000000

vn 0.000000 0.007874 -1.000000

vn 0.000000 -0.007874 1.000000

vn 0.000000 -0.007874 1.000000

vn 0.000000 -0.007874 1.000000

vn 0.000000 -0.007874 1.000000

vn 0.000000 1.000000 0.007874

vn 0.000000 1.000000 0.007874

vn 0.000000 1.000000 0.007874

vn 0.000000 1.000000 0.007874

vn 1.000000 0.000000 0.000000

vn 1.000000 0.000000 0.000000

vn 1.000000 0.000000 0.000000

vn 1.000000 0.000000 0.000000

vn -1.000000 0.000000 0.000000

vn -1.000000 0.000000 0.000000

vn -1.000000 0.000000 0.000000

vn -1.000000 0.000000 0.000000

vn 0.000000 0.007874 -1.000000

vn 0.000000 0.007874 -1.000000

vn 0.000000 0.007874 -1.000000

vn 0.000000 0.007874 -1.000000

vn 0.000000 -0.007874 1.000000

vn 0.000000 -0.007874 1.000000

vn 0.000000 -0.007874 1.000000

vn 0.000000 -0.007874 1.000000

vn 0.000000 1.000000 0.007874

vn 0.000000 1.000000 0.007874

vn 0.000000 1.000000 0.007874

vn 0.000000 1.000000 0.007874

vn 1.000000 0.000000 0.000000

vn 1.000000 0.000000 0.000000

vn 1.000000 0.000000 0.000000

vn 1.000000 0.000000 0.000000

vn -1.000000 0.000000 0.000000

vn -1.000000 0.000000 0.000000

vn -1.000000 0.000000 0.000000

vn -1.000000 0.000000 0.000000

vn 0.000000 0.007874 -1.000000

vn 0.000000 0.007874 -1.000000

vn 0.000000 0.007874 -1.000000

vn 0.000000 0.007874 -1.000000

vn 0.000000 -0.007874 1.000000

vn 0.000000 -0.007874 1.000000

vn 0.000000 -0.007874 1.000000

vn 0.000000 -0.007874 1.000000

vn 0.000000 1.000000 0.007874

vn 0.000000 1.000000 0.007874

vn 0.000000 1.000000 0.007874

vn 0.000000 1.000000 0.007874

vn 1.000000 0.000000 0.000000

vn 1.000000 0.000000 0.000000

vn 1.000000 0.000000 0.000000

vn 1.000000 0.000000 0.000000

vn -1.000000 0.000000 0.000000

vn -1.000000 0.000000 0.000000

vn -1.000000 0.000000 0.000000

vn -1.000000 0.000000 0.000000

vn 0.000000 0.007874 -1.000000

vn 0.000000 0.007874 -1.000000

vn 0.000000 0.007874 -1.000000

vn 0.000000 0.007874 -1.000000

vn 0.000000 -0.007874 1.000000

vn 0.000000 -0.007874 1.000000

vn 0.000000 -0.007874 1.000000

vn 0.000000 -0.007874 1.000000

vn 0.000000 1.000000 0.007874

vn 0.000000 1.000000 0.007874

vn 0.000000 1.000000 0.007874

vn 0.000000 1.000000 0.007874

vn 1.000000 0.000000 0.000000

vn 1.000000 0.000000 0.000000

vn 1.000000 0.000000 0.000000

vn 1.000000 0.000000 0.000000

vn -1.000000 0.000000 0.000000

vn -1.000000 0.000000 0.000000

vn -1.000000 0.000000 0.000000

vn -1.000000 0.000000 0.000000

vn 0.000000 0.007874 -1.000000

vn 0.000000 0.007874 -1.000000

vn 0.000000 0.007874 -1.000000

vn 0.000000 0.007874 -1.000000

vn 0.000000 -0.007874 1.000000

vn 0.000000 -0.007874 1.000000

vn 0.000000 -0.007874 1.000000

vn 0.000000 -0.007874 1.000000

vn 0.000000 1.000000 0.007874

vn 0.000000 1.000000 0.007874

vn 0.000000 1.000000 0.007874

vn 0.000000 1.000000 0.007874

vn 1.000000 0.000000 0.000000

vn 1.000000 0.000000 0.000000

vn 1.000000 0.000000 0.000000

vn 1.000000 0.000000 0.000000

vn -1.000000 0.000000 0.000000

vn -1.000000 0.000000 0.000000

vn -1.000000 0.000000 0.000000

vn -1.000000 0.000000 0.000000

vn 0.000000 0.007874 -1.000000

vn 0.000000 0.007874 -1.000000

vn 0.000000 0.007874 -1.000000

vn 0.000000 0.007874 -1.000000

vn 0.000000 -0.007874 1.000000

vn 0.000000 -0.007874 1.000000

vn 0.000000 -0.007874 1.000000

vn 0.000000 -0.007874 1.000000

vn 0.000000 1.000000 0.007874

vn 0.000000 1.000000 0.007874

vn 0.000000 1.000000 0.007874

vn 0.000000 1.000000 0.007874

vn 1.000000 0.000000 0.000000

vn 1.000000 0.000000 0.000000

vn 1.000000 0.000000 0.000000

vn 1.000000 0.000000 0.000000

vn -1.000000 0.000000 0.000000

vn -1.000000 0.000000 0.000000

vn -1.000000 0.000000 0.000000

vn -1.000000 0.000000 0.000000

vn 0.000000 0.007874 -1.000000

vn 0.000000 0.007874 -1.000000

vn 0.000000 0.007874 -1.000000

vn 0.000000 0.007874 -1.000000

vn 0.000000 -0.007874 1.000000

vn 0.000000 -0.007874 1.000000

vn 0.000000 -0.007874 1.000000

vn 0.000000 -0.007874 1.000000

vn 0.000000 1.000000 0.007874

vn 0.000000 1.000000 0.007874

vn 0.000000 1.000000 0.007874

vn 0.000000 1.000000 0.007874

vn 1.000000 0.000000 0.000000

vn 1.000000 0.000000 0.000000

vn 1.000000 0.000000 0.000000

vn 1.000000 0.000000 0.000000

vn -1.000000 0.000000 0.000000

vn -1.000000 0.000000 0.000000

vn -1.000000 0.000000 0.000000

vn -1.000000 0.000000 0.000000

vn 0.000000 0.007874 -1.000000

vn 0.000000 0.007874 -1.000000

vn 0.000000 0.007874 -1.000000

vn 0.000000 0.007874 -1.000000

vn 0.000000 -0.007874 1.000000

vn 0.000000 -0.007874 1.000000

vn 0.000000 -0.007874 1.000000

vn 0.000000 -0.007874 1.000000

vn 0.000000 1.000000 0.007874

vn 0.000000 1.000000 0.007874

vn 0.000000 1.000000 0.007874

vn 0.000000 1.000000 0.007874

vn 1.000000 0.000000 0.000000

vn 1.000000 0.000000 0.000000

vn 1.000000 0.000000 0.000000

vn 1.000000 0.000000 0.000000

vn -1.000000 0.000000 0.000000

vn -1.000000 0.000000 0.000000

vn -1.000000 0.000000 0.000000

vn -1.000000 0.000000 0.000000

vn 0.000000 0.007874 -1.000000

vn 0.000000 0.007874 -1.000000

vn 0.000000 0.007874 -1.000000

vn 0.000000 0.007874 -1.000000

vn 0.000000 -0.007874 1.000000

vn 0.000000 -0.007874 1.000000

vn 0.000000 -0.007874 1.000000

vn 0.000000 -0.007874 1.000000

vn 0.000000 1.000000 0.007874

vn 0.000000 1.000000 0.007874

vn 0.000000 1.000000 0.007874

vn 0.000000 1.000000 0.007874

vn 1.000000 0.000000 0.000000

vn 1.000000 0.000000 0.000000

vn 1.000000 0.000000 0.000000

vn 1.000000 0.000000 0.000000

vn -1.000000 0.000000 0.000000

vn -1.000000 0.000000 0.000000

vn -1.000000 0.000000 0.000000

vn -1.000000 0.000000 0.000000

vn 0.000000 0.007874 -1.000000

vn 0.000000 0.007874 -1.000000

vn 0.000000 0.007874 -1.000000

vn 0.000000 0.007874 -1.000000

vn 0.000000 -0.007874 1.000000

vn 0.000000 -0.007874 1.000000

vn 0.000000 -0.007874 1.000000

vn 0.000000 -0.007874 1.000000

vn 0.000000 1.000000 0.007874

vn 0.000000 1.000000 0.007874

vn 0.000000 1.000000 0.007874

vn 0.000000 1.000000 0.007874

vn 1.000000 0.000000 0.000000

vn 1.000000 0.000000 0.000000

vn 1.000000 0.000000 0.000000

vn 1.000000 0.000000 0.000000

vn -1.000000 0.000000 0.000000

vn -1.000000 0.000000 0.000000

vn -1.000000 0.000000 0.000000

vn -1.000000 0.000000 0.000000

vn 0.000000 0.007874 -1.000000

vn 0.000000 0.007874 -1.000000

vn 0.000000 0.007874 -1.000000

vn 0.000000 0.007874 -1.000000

vn 0.000000 -0.007874 1.000000

vn 0.000000 -0.007874 1.000000

vn 0.000000 -0.007874 1.000000

vn 0.000000 -0.007874 1.000000

vn 0.000000 1.000000 0.007874

vn 0.000000 1.000000 0.007874

vn 0.000000 1.000000 0.007874

vn 0.000000 1.000000 0.007874

vn 1.000000 0.000000 0.000000

vn 1.000000 0.000000 0.000000

vn 1.000000 0.000000 0.000000

vn 1.000000 0.000000 0.000000

vn -1.000000 0.000000 0.000000

vn -1.000000 0.000000 0.000000

vn -1.000000 0.000000 0.000000

vn -1.000000 0.000000 0.000000

vn 0.000000 0.007874 -1.000000

vn 0.000000 0.007874 -1.000000

vn 0.000000 0.007874 -1.000000

vn 0.000000 0.007874 -1.000000

vn 0.000000 -0.007874 1.000000

vn 0.000000 -0.007874 1.000000

vn 0.000000 -0.007874 1.000000

vn 0.000000 -0.007874 1.000000

vn 0.000000 1.000000 0.007874

vn 0.000000 1.000000 0.007874

vn 0.000000 1.000000 0.007874

vn 0.000000 1.000000 0.007874

vn 1.000000 0.000000 0.000000

vn 1.000000 0.000000 0.000000

vn 1.000000 0.000000 0.000000

vn 1.000000 0.000000 0.000000

vn -1.000000 0.000000 0.000000

vn -1.000000 0.000000 0.000000

vn -1.000000 0.000000 0.000000

vn -1.000000 0.000000 0.000000

vn 0.000000 0.007874 -1.000000

vn 0.000000 0.007874 -1.000000

vn 0.000000 0.007874 -1.000000

vn 0.000000 0.007874 -1.000000

vn 0.000000 -0.007874 1.000000

vn 0.000000 -0.007874 1.000000

vn 0.000000 -0.007874 1.000000

vn 0.000000 -0.007874 1.000000

vn 0.000000 1.000000 0.007874

vn 0.000000 1.000000 0.007874

vn 0.000000 1.000000 0.007874

vn 0.000000 1.000000 0.007874

vn 1.000000 0.000000 0.000000

vn 1.000000 0.000000 0.000000

vn 1.000000 0.000000 0.000000

vn 1.000000 0.000000 0.000000

vn -1.000000 0.000000 0.000000

vn -1.000000 0.000000 0.000000

vn -1.000000 0.000000 0.000000

vn -1.000000 0.000000 0.000000

vn 0.000000 0.007874 -1.000000

vn 0.000000 0.007874 -1.000000

vn 0.000000 0.007874 -1.000000

vn 0.000000 0.007874 -1.000000

vn 0.000000 -0.007874 1.000000

vn 0.000000 -0.007874 1.000000

vn 0.000000 -0.007874 1.000000

vn 0.000000 -0.007874 1.000000

vn 0.000000 1.000000 0.007874

vn 0.000000 1.000000 0.007874

vn 0.000000 1.000000 0.007874

vn 0.000000 1.000000 0.007874

vn 1.000000 0.000000 0.000000

vn 1.000000 0.000000 0.000000

vn 1.000000 0.000000 0.000000

vn 1.000000 0.000000 0.000000

vn -1.000000 0.000000 0.000000

vn -1.000000 0.000000 0.000000

vn -1.000000 0.000000 0.000000

vn -1.000000 0.000000 0.000000

vn 0.000000 0.007874 -1.000000

vn 0.000000 0.007874 -1.000000

vn 0.000000 0.007874 -1.000000

vn 0.000000 0.007874 -1.000000

vn 0.000000 -0.007874 1.000000

vn 0.000000 -0.007874 1.000000

vn 0.000000 -0.007874 1.000000

vn 0.000000 -0.007874 1.000000

vn 0.000000 1.000000 0.007874

vn 0.000000 1.000000 0.007874

vn 0.000000 1.000000 0.007874

vn 0.000000 1.000000 0.007874

vn 1.000000 0.000000 0.000000

vn 1.000000 0.000000 0.000000

vn 1.000000 0.000000 0.000000

vn 1.000000 0.000000 0.000000

vn -1.000000 0.000000 0.000000

vn -1.000000 0.000000 0.000000

vn -1.000000 0.000000 0.000000

vn -1.000000 0.000000 0.000000

vn 0.000000 0.007874 -1.000000

vn 0.000000 0.007874 -1.000000

vn 0.000000 0.007874 -1.000000

vn 0.000000 0.007874 -1.000000

vn 0.000000 -0.007874 1.000000

vn 0.000000 -0.007874 1.000000

vn 0.000000 -0.007874 1.000000

vn 0.000000 -0.007874 1.000000

vn 0.000000 1.000000 0.007874

vn 0.000000 1.000000 0.007874

vn 0.000000 1.000000 0.007874

vn 0.000000 1.000000 0.007874

vn 1.000000 0.000000 0.000000

vn 1.000000 0.000000 0.000000

vn 1.000000 0.000000 0.000000

vn 1.000000 0.000000 0.000000

vn -1.000000 0.000000 0.000000

vn -1.000000 0.000000 0.000000

vn -1.000000 0.000000 0.000000

vn -1.000000 0.000000 0.000000

vn 0.000000 0.007874 -1.000000

vn 0.000000 0.007874 -1.000000

vn 0.000000 0.007874 -1.000000

vn 0.000000 0.007874 -1.000000

vn 0.000000 -0.007874 1.000000

vn 0.000000 -0.007874 1.000000

vn 0.000000 -0.007874 1.000000

vn 0.000000 -0.007874 1.000000

vn 0.000000 1.000000 0.007874

vn 0.000000 1.000000 0.007874

vn 0.000000 1.000000 0.007874

vn 0.000000 1.000000 0.007874

vn 1.000000 0.000000 0.000000

vn 1.000000 0.000000 0.000000

vn 1.000000 0.000000 0.000000

vn 1.000000 0.000000 0.000000

vn -1.000000 0.000000 0.000000

vn -1.000000 0.000000 0.000000

vn -1.000000 0.000000 0.000000

vn -1.000000 0.000000 0.000000

vn 0.000000 0.007874 -1.000000

vn 0.000000 0.007874 -1.000000

vn 0.000000 0.007874 -1.000000

vn 0.000000 0.007874 -1.000000

vn 0.000000 -0.007874 1.000000

vn 0.000000 -0.007874 1.000000

vn 0.000000 -0.007874 1.000000

vn 0.000000 -0.007874 1.000000

vn 0.000000 1.000000 0.007874

vn 0.000000 1.000000 0.007874

vn 0.000000 1.000000 0.007874

vn 0.000000 1.000000 0.007874

vn 1.000000 0.000000 0.000000

vn 1.000000 0.000000 0.000000

vn 1.000000 0.000000 0.000000

vn 1.000000 0.000000 0.000000

vn -1.000000 0.000000 0.000000

vn -1.000000 0.000000 0.000000

vn -1.000000 0.000000 0.000000

vn -1.000000 0.000000 0.000000

vn 0.000000 0.007874 -1.000000

vn 0.000000 0.007874 -1.000000

vn 0.000000 0.007874 -1.000000

vn 0.000000 0.007874 -1.000000

vn 0.000000 -0.007874 1.000000

vn 0.000000 -0.007874 1.000000

vn 0.000000 -0.007874 1.000000

vn 0.000000 -0.007874 1.000000

vn 0.000000 1.000000 0.007874

vn 0.000000 1.000000 0.007874

vn 0.000000 1.000000 0.007874

vn 0.000000 1.000000 0.007874

vn 1.000000 0.000000 0.000000

vn 1.000000 0.000000 0.000000

vn 1.000000 0.000000 0.000000

vn 1.000000 0.000000 0.000000

vn -1.000000 0.000000 0.000000

vn -1.000000 0.000000 0.000000

vn -1.000000 0.000000 0.000000

vn -1.000000 0.000000 0.000000

vn 0.000000 0.007874 -1.000000

vn 0.000000 0.007874 -1.000000

vn 0.000000 0.007874 -1.000000

vn 0.000000 0.007874 -1.000000

vn 0.000000 -0.007874 1.000000

vn 0.000000 -0.007874 1.000000

vn 0.000000 -0.007874 1.000000

vn 0.000000 -0.007874 1.000000

vn 0.000000 1.000000 0.007874

vn 0.000000 1.000000 0.007874

vn 0.000000 1.000000 0.007874

vn 0.000000 1.000000 0.007874

vn 1.000000 0.000000 0.000000

vn 1.000000 0.000000 0.000000

vn 1.000000 0.000000 0.000000

vn 1.000000 0.000000 0.000000

vn -1.000000 0.000000 0.000000

vn -1.000000 0.000000 0.000000

vn -1.000000 0.000000 0.000000

vn -1.000000 0.000000 0.000000

vn 0.000000 0.007874 -1.000000

vn 0.000000 0.007874 -1.000000

vn 0.000000 0.007874 -1.000000

vn 0.000000 0.007874 -1.000000

vn 0.000000 -0.007874 1.000000

vn 0.000000 -0.007874 1.000000

vn 0.000000 -0.007874 1.000000

vn 0.000000 -0.007874 1.000000

vn 0.000000 1.000000 0.007874

vn 0.000000 1.000000 0.007874

vn 0.000000 1.000000 0.007874

vn 0.000000 1.000000 0.007874

vn 1.000000 0.000000 0.000000

vn 1.000000 0.000000 0.000000

vn 1.000000 0.000000 0.000000

vn 1.000000 0.000000 0.000000

vn -1.000000 0.000000 0.000000

vn -1.000000 0.000000 0.000000

vn -1.000000 0.000000 0.000000

vn -1.000000 0.000000 0.000000

vn 0.000000 0.007874 -1.000000

vn 0.000000 0.007874 -1.000000

vn 0.000000 0.007874 -1.000000

vn 0.000000 0.007874 -1.000000

vn 0.000000 -0.007874 1.000000

vn 0.000000 -0.007874 1.000000

vn 0.000000 -0.007874 1.000000

vn 0.000000 -0.007874 1.000000

vn 0.000000 1.000000 0.007874

vn 0.000000 1.000000 0.007874

vn 0.000000 1.000000 0.007874

vn 0.000000 1.000000 0.007874

vn 1.000000 0.000000 0.000000

vn 1.000000 0.000000 0.000000

vn 1.000000 0.000000 0.000000

vn 1.000000 0.000000 0.000000

vn -1.000000 0.000000 0.000000

vn -1.000000 0.000000 0.000000

vn -1.000000 0.000000 0.000000

vn -1.000000 0.000000 0.000000

vn 0.000000 0.007874 -1.000000

vn 0.000000 0.007874 -1.000000

vn 0.000000 0.007874 -1.000000

vn 0.000000 0.007874 -1.000000

vn 0.000000 -0.007874 1.000000

vn 0.000000 -0.007874 1.000000

vn 0.000000 -0.007874 1.000000

vn 0.000000 -0.007874 1.000000

vn 0.000000 1.000000 0.007874

vn 0.000000 1.000000 0.007874

vn 0.000000 1.000000 0.007874

vn 0.000000 1.000000 0.007874

vn 1.000000 0.000000 0.000000

vn 1.000000 0.000000 0.000000

vn 1.000000 0.000000 0.000000

vn 1.000000 0.000000 0.000000

vn -1.000000 0.000000 0.000000

vn -1.000000 0.000000 0.000000

vn -1.000000 0.000000 0.000000

vn -1.000000 0.000000 0.000000

vn 0.000000 0.007874 -1.000000

vn 0.000000 0.007874 -1.000000

vn 0.000000 0.007874 -1.000000

vn 0.000000 0.007874 -1.000000

vn 0.000000 -0.007874 1.000000

vn 0.000000 -0.007874 1.000000

vn 0.000000 -0.007874 1.000000

vn 0.000000 -0.007874 1.000000

vn 0.000000 1.000000 0.007874

vn 0.000000 1.000000 0.007874

vn 0.000000 1.000000 0.007874

vn 0.000000 1.000000 0.007874

vn 1.000000 0.000000 0.000000

vn 1.000000 0.000000 0.000000

vn 1.000000 0.000000 0.000000

vn 1.000000 0.000000 0.000000

vn -1.000000 0.000000 0.000000

vn -1.000000 0.000000 0.000000

vn -1.000000 0.000000 0.000000

vn -1.000000 0.000000 0.000000

vn 0.000000 0.007874 -1.000000

vn 0.000000 0.007874 -1.000000

vn 0.000000 0.007874 -1.000000

vn 0.000000 0.007874 -1.000000

vn 0.000000 -0.007874 1.000000

vn 0.000000 -0.007874 1.000000

vn 0.000000 -0.007874 1.000000

vn 0.000000 -0.007874 1.000000

vn 0.000000 1.000000 0.007874

vn 0.000000 1.000000 0.007874

vn 0.000000 1.000000 0.007874

vn 0.000000 1.000000 0.007874

vn 1.000000 0.000000 0.000000

vn 1.000000 0.000000 0.000000

vn 1.000000 0.000000 0.000000

vn 1.000000 0.000000 0.000000

vn -1.000000 0.000000 0.000000

vn -1.000000 0.000000 0.000000

vn -1.000000 0.000000 0.000000

vn -1.000000 0.000000 0.000000

vn 0.000000 0.007874 -1.000000

vn 0.000000 0.007874 -1.000000

vn 0.000000 0.007874 -1.000000

vn 0.000000 0.007874 -1.000000

vn 0.000000 -0.007874 1.000000

vn 0.000000 -0.007874 1.000000

vn 0.000000 -0.007874 1.000000

vn 0.000000 -0.007874 1.000000

vn 0.000000 1.000000 0.007874

vn 0.000000 1.000000 0.007874

vn 0.000000 1.000000 0.007874

vn 0.000000 1.000000 0.007874

vn 1.000000 0.000000 0.000000

vn 1.000000 0.000000 0.000000

vn 1.000000 0.000000 0.000000

vn 1.000000 0.000000 0.000000

vn -1.000000 0.000000 0.000000

vn -1.000000 0.000000 0.000000

vn -1.000000 0.000000 0.000000

vn -1.000000 0.000000 0.000000

vn 0.000000 0.007874 -1.000000

vn 0.000000 0.007874 -1.000000

vn 0.000000 0.007874 -1.000000

vn 0.000000 0.007874 -1.000000

vn 0.000000 -0.007874 1.000000

vn 0.000000 -0.007874 1.000000

vn 0.000000 -0.007874 1.000000

vn 0.000000 -0.007874 1.000000

vn 0.000000 1.000000 0.007874

vn 0.000000 1.000000 0.007874

vn 0.000000 1.000000 0.007874

vn 0.000000 1.000000 0.007874

vn 1.000000 0.000000 0.000000

vn 1.000000 0.000000 0.000000

vn 1.000000 0.000000 0.000000

vn 1.000000 0.000000 0.000000

vn -1.000000 0.000000 0.000000

vn -1.000000 0.000000 0.000000

vn -1.000000 0.000000 0.000000

vn -1.000000 0.000000 0.000000

vn 0.000000 0.007874 -1.000000

vn 0.000000 0.007874 -1.000000

vn 0.000000 0.007874 -1.000000

vn 0.000000 0.007874 -1.000000

vn 0.000000 -0.007874 1.000000

vn 0.000000 -0.007874 1.000000

vn 0.000000 -0.007874 1.000000

vn 0.000000 -0.007874 1.000000

vn 0.000000 1.000000 0.007874

vn 0.000000 1.000000 0.007874

vn 0.000000 1.000000 0.007874

vn 0.000000 1.000000 0.007874

vn 1.000000 0.000000 0.000000

vn 1.000000 0.000000 0.000000

vn 1.000000 0.000000 0.000000

vn 1.000000 0.000000 0.000000

vn -1.000000 0.000000 0.000000

vn -1.000000 0.000000 0.000000

vn -1.000000 0.000000 0.000000

vn -1.000000 0.000000 0.000000

vn 0.000000 0.007874 -1.000000

vn 0.000000 0.007874 -1.000000

vn 0.000000 0.007874 -1.000000

vn 0.000000 0.007874 -1.000000

vn 0.000000 -0.007874 1.000000

vn 0.000000 -0.007874 1.000000

vn 0.000000 -0.007874 1.000000

vn 0.000000 -0.007874 1.000000

vn 0.000000 1.000000 0.007874

vn 0.000000 1.000000 0.007874

vn 0.000000 1.000000 0.007874

vn 0.000000 1.000000 0.007874

vn 1.000000 0.000000 0.000000

vn 1.000000 0.000000 0.000000

vn 1.000000 0.000000 0.000000

vn 1.000000 0.000000 0.000000

vn -1.000000 0.000000 0.000000

vn -1.000000 0.000000 0.000000

vn -1.000000 0.000000 0.000000

vn -1.000000 0.000000 0.000000

vn 0.000000 0.007874 -1.000000

vn 0.000000 0.007874 -1.000000

vn 0.000000 0.007874 -1.000000

vn 0.000000 0.007874 -1.000000

vn 0.000000 -0.007874 1.000000

vn 0.000000 -0.007874 1.000000

vn 0.000000 -0.007874 1.000000

vn 0.000000 -0.007874 1.000000

vn 0.000000 1.000000 0.007874

vn 0.000000 1.000000 0.007874

vn 0.000000 1.000000 0.007874

vn 0.000000 1.000000 0.007874

vn 1.000000 0.000000 0.000000

vn 1.000000 0.000000 0.000000

vn 1.000000 0.000000 0.000000

vn 1.000000 0.000000 0.000000

vn -1.000000 0.000000 0.000000

vn -1.000000 0.000000 0.000000

vn -1.000000 0.000000 0.000000

vn -1.000000 0.000000 0.000000

vn 0.000000 0.007874 -1.000000

vn 0.000000 0.007874 -1.000000

vn 0.000000 0.007874 -1.000000

vn 0.000000 0.007874 -1.000000

vn 0.000000 -0.007874 1.000000

vn 0.000000 -0.007874 1.000000

vn 0.000000 -0.007874 1.000000

vn 0.000000 -0.007874 1.000000

vn 0.000000 1.000000 0.007874

vn 0.000000 1.000000 0.007874

vn 0.000000 1.000000 0.007874

vn 0.000000 1.000000 0.007874

vn 1.000000 0.000000 0.000000

vn 1.000000 0.000000 0.000000

vn 1.000000 0.000000 0.000000

vn 1.000000 0.000000 0.000000

vn -1.000000 0.000000 0.000000

vn -1.000000 0.000000 0.000000

vn -1.000000 0.000000 0.000000

vn -1.000000 0.000000 0.000000

vn 0.000000 0.007874 -1.000000

vn 0.000000 0.007874 -1.000000

vn 0.000000 0.007874 -1.000000

vn 0.000000 0.007874 -1.000000

vn 0.000000 -0.007874 1.000000

vn 0.000000 -0.007874 1.000000

vn 0.000000 -0.007874 1.000000

vn 0.000000 -0.007874 1.000000

vn 0.000000 1.000000 0.007874

vn 0.000000 1.000000 0.007874

vn 0.000000 1.000000 0.007874

vn 0.000000 1.000000 0.007874

vn 1.000000 0.000000 0.000000

vn 1.000000 0.000000 0.000000

vn 1.000000 0.000000 0.000000

vn 1.000000 0.000000 0.000000

vn -1.000000 0.000000 0.000000

vn -1.000000 0.000000 0.000000

vn -1.000000 0.000000 0.000000

vn -1.000000 0.000000 0.000000

vn 0.000000 0.007874 -1.000000

vn 0.000000 0.007874 -1.000000

vn 0.000000 0.007874 -1.000000

vn 0.000000 0.007874 -1.000000

vn 0.000000 -0.007874 1.000000

vn 0.000000 -0.007874 1.000000

vn 0.000000 -0.007874 1.000000

vn 0.000000 -0.007874 1.000000

vn 0.000000 1.000000 0.007874

vn 0.000000 1.000000 0.007874

vn 0.000000 1.000000 0.007874

vn 0.000000 1.000000 0.007874

vn 1.000000 0.000000 0.000000

vn 1.000000 0.000000 0.000000

vn 1.000000 0.000000 0.000000

vn 1.000000 0.000000 0.000000

vn -1.000000 0.000000 0.000000

vn -1.000000 0.000000 0.000000

vn -1.000000 0.000000 0.000000

vn -1.000000 0.000000 0.000000

vn 0.000000 0.007874 -1.000000

vn 0.000000 0.007874 -1.000000

vn 0.000000 0.007874 -1.000000

vn 0.000000 0.007874 -1.000000

vn 0.000000 -0.007874 1.000000

vn 0.000000 -0.007874 1.000000

vn 0.000000 -0.007874 1.000000

vn 0.000000 -0.007874 1.000000

vn 0.000000 1.000000 0.007874

vn 0.000000 1.000000 0.007874

vn 0.000000 1.000000 0.007874

vn 0.000000 1.000000 0.007874

vn 1.000000 0.000000 0.000000

vn 1.000000 0.000000 0.000000

vn 1.000000 0.000000 0.000000

vn 1.000000 0.000000 0.000000

vn -1.000000 0.000000 0.000000

vn -1.000000 0.000000 0.000000

vn -1.000000 0.000000 0.000000

vn -1.000000 0.000000 0.000000

vn 0.000000 0.007874 -1.000000

vn 0.000000 0.007874 -1.000000

vn 0.000000 0.007874 -1.000000

vn 0.000000 0.007874 -1.000000

vn 0.000000 -0.007874 1.000000

vn 0.000000 -0.007874 1.000000

vn 0.000000 -0.007874 1.000000

vn 0.000000 -0.007874 1.000000

vn 0.000000 1.000000 0.007874

vn 0.000000 1.000000 0.007874

vn 0.000000 1.000000 0.007874

vn 0.000000 1.000000 0.007874

vn 1.000000 0.000000 0.000000

vn 1.000000 0.000000 0.000000

vn 1.000000 0.000000 0.000000

vn 1.000000 0.000000 0.000000

vn -1.000000 0.000000 0.000000

vn -1.000000 0.000000 0.000000

vn -1.000000 0.000000 0.000000

vn -1.000000 0.000000 0.000000

vn 0.000000 0.007874 -1.000000

vn 0.000000 0.007874 -1.000000

vn 0.000000 0.007874 -1.000000

vn 0.000000 0.007874 -1.000000

vn 0.000000 -0.007874 1.000000

vn 0.000000 -0.007874 1.000000

vn 0.000000 -0.007874 1.000000

vn 0.000000 -0.007874 1.000000

vn 0.000000 1.000000 0.007874

vn 0.000000 1.000000 0.007874

vn 0.000000 1.000000 0.007874

vn 0.000000 1.000000 0.007874

vn 1.000000 0.000000 0.000000

vn 1.000000 0.000000 0.000000

vn 1.000000 0.000000 0.000000

vn 1.000000 0.000000 0.000000

vn -1.000000 0.000000 0.000000

vn -1.000000 0.000000 0.000000

vn -1.000000 0.000000 0.000000

vn -1.000000 0.000000 0.000000

vn 0.000000 0.007874 -1.000000

vn 0.000000 0.007874 -1.000000

vn 0.000000 0.007874 -1.000000

vn 0.000000 0.007874 -1.000000

vn 0.000000 -0.007874 1.000000

vn 0.000000 -0.007874 1.000000

vn 0.000000 -0.007874 1.000000

vn 0.000000 -0.007874 1.000000

vn 0.000000 1.000000 0.007874

vn 0.000000 1.000000 0.007874

vn 0.000000 1.000000 0.007874

vn 0.000000 1.000000 0.007874

vn 1.000000 0.000000 0.000000

vn 1.000000 0.000000 0.000000

vn 1.000000 0.000000 0.000000

vn 1.000000 0.000000 0.000000

vn -1.000000 0.000000 0.000000

vn -1.000000 0.000000 0.000000

vn -1.000000 0.000000 0.000000

vn -1.000000 0.000000 0.000000

vn 0.000000 0.007874 -1.000000

vn 0.000000 0.007874 -1.000000

vn 0.000000 0.007874 -1.000000

vn 0.000000 0.007874 -1.000000

vn 0.000000 -0.007874 1.000000

vn 0.000000 -0.007874 1.000000

vn 0.000000 -0.007874 1.000000

vn 0.000000 -0.007874 1.000000

vn 0.000000 1.000000 0.007874

vn 0.000000 1.000000 0.007874

vn 0.000000 1.000000 0.007874

vn 0.000000 1.000000 0.007874

vn 1.000000 0.000000 0.000000

vn 1.000000 0.000000 0.000000

vn 1.000000 0.000000 0.000000

vn 1.000000 0.000000 0.000000

vn -1.000000 0.000000 0.000000

vn -1.000000 0.000000 0.000000

vn -1.000000 0.000000 0.000000

vn -1.000000 0.000000 0.000000

vn 0.000000 0.007874 -1.000000

vn 0.000000 0.007874 -1.000000

vn 0.000000 0.007874 -1.000000

vn 0.000000 0.007874 -1.000000

vn 0.000000 -0.007874 1.000000

vn 0.000000 -0.007874 1.000000

vn 0.000000 -0.007874 1.000000

vn 0.000000 -0.007874 1.000000

vn 0.000000 1.000000 0.007874

vn 0.000000 1.000000 0.007874

vn 0.000000 1.000000 0.007874

vn 0.000000 1.000000 0.007874

vn 1.000000 0.000000 0.000000

vn 1.000000 0.000000 0.000000

vn 1.000000 0.000000 0.000000

vn 1.000000 0.000000 0.000000

vn -1.000000 0.000000 0.000000

vn -1.000000 0.000000 0.000000

vn -1.000000 0.000000 0.000000

vn -1.000000 0.000000 0.000000

vn 0.000000 0.007874 -1.000000

vn 0.000000 0.007874 -1.000000

vn 0.000000 0.007874 -1.000000

vn 0.000000 0.007874 -1.000000

vn 0.000000 -0.007874 1.000000

vn 0.000000 -0.007874 1.000000

vn 0.000000 -0.007874 1.000000

vn 0.000000 -0.007874 1.000000

vn 0.000000 1.000000 0.007874

vn 0.000000 1.000000 0.007874

vn 0.000000 1.000000 0.007874

vn 0.000000 1.000000 0.007874

vn 1.000000 0.000000 0.000000

vn 1.000000 0.000000 0.000000

vn 1.000000 0.000000 0.000000

vn 1.000000 0.000000 0.000000

vn -1.000000 0.000000 0.000000

vn -1.000000 0.000000 0.000000

vn -1.000000 0.000000 0.000000

vn -1.000000 0.000000 0.000000

vn 0.000000 0.007874 -1.000000

vn 0.000000 0.007874 -1.000000

vn 0.000000 0.007874 -1.000000

vn 0.000000 0.007874 -1.000000

vn 0.000000 -0.007874 1.000000

vn 0.000000 -0.007874 1.000000

vn 0.000000 -0.007874 1.000000

vn 0.000000 -0.007874 1.000000

vn 0.000000 -0.007874 1.000000

vn 0.000000 -0.007874 1.000000

vn 0.000000 -0.007874 1.000000

vn 0.000000 -0.007874 1.000000

vn 0.000000 0.007874 -1.000000

vn 0.000000 0.007874 -1.000000

vn 0.000000 0.007874 -1.000000

vn 0.000000 0.007874 -1.000000

vn 0.000000 1.000000 0.007874

vn 0.000000 1.000000 0.007874

vn 0.000000 1.000000 0.007874

vn 0.000000 1.000000 0.007874

vn -1.000000 0.000000 0.000000

vn -1.000000 0.000000 0.000000

vn -1.000000 0.000000 0.000000

vn -1.000000 0.000000 0.000000

vn 1.000000 0.000000 0.000000

vn 1.000000 0.000000 0.000000

vn 1.000000 0.000000 0.000000

vn 1.000000 0.000000 0.000000

vn 0.000000 0.007874 -1.000000

vn 0.000000 0.007874 -1.000000

vn 0.000000 0.007874 -1.000000

vn 0.000000 0.007874 -1.000000

vn 0.000000 1.000000 0.007874

vn 0.000000 1.000000 0.007874

vn 0.000000 1.000000 0.007874

vn 0.000000 1.000000 0.007874

vn 1.000000 0.000000 0.000000

vn 1.000000 0.000000 0.000000

vn 1.000000 0.000000 0.000000

vn 1.000000 0.000000 0.000000

vn -1.000000 0.000000 0.000000

vn -1.000000 0.000000 0.000000

vn -1.000000 0.000000 0.000000

vn -1.000000 0.000000 0.000000

vn 0.000000 -0.007874 1.000000

vn 0.000000 -0.007874 1.000000

vn 0.000000 -0.007874 1.000000

vn 0.000000 -0.007874 1.000000

vn -1.000000 0.000000 0.000000

vn -1.000000 0.000000 0.000000

vn -1.000000 0.000000 0.000000

vn -1.000000 0.000000 0.000000

vn 0.000000 1.000000 0.007874

vn 0.000000 1.000000 0.007874

vn 0.000000 1.000000 0.007874

vn 0.000000 1.000000 0.007874

vn 0.000000 0.007874 -1.000000

vn 0.000000 0.007874 -1.000000

vn 0.000000 0.007874 -1.000000

vn 0.000000 0.007874 -1.000000

vn 0.000000 -0.007874 1.000000

vn 0.000000 -0.007874 1.000000

vn 0.000000 -0.007874 1.000000

vn 0.000000 -0.007874 1.000000

vn 1.000000 0.000000 0.000000

vn 1.000000 0.000000 0.000000

vn 1.000000 0.000000 0.000000

vn 1.000000 0.000000 0.000000

vn 0.000000 1.000000 0.007874

vn 0.000000 1.000000 0.007874

vn 0.000000 1.000000 0.007874

vn 0.000000 1.000000 0.007874

vn 0.000000 1.000000 0.007874

vn 0.000000 1.000000 0.007874

vn 0.000000 1.000000 0.007874

vn 0.000000 1.000000 0.007874

vn 0.000000 1.000000 0.007874

vn 0.000000 1.000000 0.007874

vn 0.000000 1.000000 0.007874

vn 0.000000 1.000000 0.007874

vn 0.000000 1.000000 0.007874

vn 0.000000 1.000000 0.007874

vn 0.000000 1.000000 0.007874

vn 0.000000 1.000000 0.007874

vn 0.000000 1.000000 0.007874

vn 0.000000 1.000000 0.007874

vn 0.000000 1.000000 0.007874

vn 0.000000 1.000000 0.007874

vn 0.000000 1.000000 0.007874

vn 0.000000 1.000000 0.007874

vn 0.000000 1.000000 0.007874

vn 0.000000 1.000000 0.007874

vn 0.000000 1.000000 0.007874

vn 0.000000 1.000000 0.007874

vn 0.000000 1.000000 0.007874

vn 0.000000 1.000000 0.007874

vn 0.000000 1.000000 0.007874

vn 0.000000 1.000000 0.007874

vn 0.000000 1.000000 0.007874

vn 0.000000 1.000000 0.007874

vn 0.000000 1.000000 0.007874

vn 0.000000 1.000000 0.007874

vn 0.000000 1.000000 0.007874

vn 0.000000 1.000000 0.007874

vn 0.000000 1.000000 0.007874

vn 0.000000 1.000000 0.007874

vn 0.000000 1.000000 0.007874

vn 0.000000 1.000000 0.007874

vn 0.000000 1.000000 0.007874

vn 0.000000 1.000000 0.007874

vn 0.000000 1.000000 0.007874

vn 0.000000 1.000000 0.007874

vn 0.000000 1.000000 0.007874

vn 0.000000 1.000000 0.007874

vn 0.000000 1.000000 0.007874

vn 0.000000 1.000000 0.007874

vn 0.000000 1.000000 0.007874

vn 0.000000 1.000000 0.007874

vn 0.000000 1.000000 0.007874

vn 0.000000 1.000000 0.007874

vn 0.000000 1.000000 0.007874

vn 0.000000 1.000000 0.007874

vn 0.000000 1.000000 0.007874

vn 0.000000 1.000000 0.007874

vn 0.000000 1.000000 0.007874

vn 0.000000 1.000000 0.007874

vn 0.000000 1.000000 0.007874

vn 0.000000 1.000000 0.007874

vn 0.000000 1.000000 0.007874

vn 0.000000 1.000000 0.007874

vn 0.000000 1.000000 0.007874

vn 0.000000 1.000000 0.007874

vn 0.000000 1.000000 0.007874

vn 0.000000 1.000000 0.007874

vn 0.000000 1.000000 0.007874

vn 0.000000 1.000000 0.007874

vn 0.000000 0.007874 -1.000000

vn 0.000000 0.007874 -1.000000

vn -0.007874 0.007874 -1.000000

vn -0.007874 0.007874 -1.000000

vn -0.039370 0.007874 -1.000000

vn -0.039370 0.007874 -1.000000

vn -0.094488 0.007874 -0.992126

vn -0.094488 0.007874 -0.992126

vn -0.157480 0.007874 -0.984252

vn -0.157480 0.007874 -0.984252

vn -0.251969 0.007874 -0.968504

vn -0.251969 0.007874 -0.968504

vn -0.370079 0.007874 -0.929134

vn -0.370079 0.007874 -0.929134

vn -0.527559 0.007874 -0.850394

vn -0.527559 0.007874 -0.850394

vn -0.700787 0.007874 -0.716535

vn -0.700787 0.007874 -0.716535

vn -0.834646 0.007874 -0.551181

vn -0.834646 0.007874 -0.551181

vn -0.921260 0.007874 -0.393701

vn -0.921260 0.007874 -0.393701

vn -0.960630 0.000000 -0.267717

vn -0.960630 0.000000 -0.267717

vn -0.984252 0.000000 -0.173228

vn -0.984252 0.000000 -0.173228

vn -0.992126 0.000000 -0.094488

vn -0.992126 0.000000 -0.094488

vn -1.000000 0.000000 -0.039370

vn -1.000000 0.000000 -0.039370

vn -1.000000 0.000000 -0.007874

vn -1.000000 0.000000 -0.007874

vn -1.000000 0.000000 0.000000

vn -1.000000 0.000000 0.000000

vn -1.000000 0.000000 0.000000

vn -1.000000 0.000000 0.000000

vn -1.000000 0.000000 0.000000

vn -1.000000 0.000000 0.000000

vn -1.000000 0.000000 0.007874

vn -1.000000 0.000000 0.000000

vn -1.000000 0.000000 0.000000

vn -1.000000 0.000000 0.000000

vn -1.000000 0.000000 0.000000

vn -1.000000 0.000000 0.000000

vn -1.000000 0.000000 0.000000

vn -1.000000 0.000000 0.000000

vn -1.000000 0.000000 0.007874

vn -1.000000 0.000000 0.039370

vn -1.000000 0.000000 0.039370

vn -0.992126 0.000000 0.102362

vn -0.992126 0.000000 0.102362

vn -0.984252 0.000000 0.173228

vn -0.984252 0.000000 0.173228

vn 0.000000 1.000000 0.007874

vn 0.000000 1.000000 0.007874

vn 0.000000 1.000000 0.007874

vn 0.000000 1.000000 0.007874

vn 0.000000 1.000000 0.007874

vn 0.000000 1.000000 0.007874

vn 0.000000 1.000000 0.007874

vn 0.000000 1.000000 0.007874

vn 0.000000 1.000000 0.007874

vn 0.000000 1.000000 0.007874

vn 0.000000 1.000000 0.007874

vn 0.000000 1.000000 0.007874

vn 0.000000 1.000000 0.007874

vn 0.000000 1.000000 0.007874

vn 0.000000 1.000000 0.007874

vn 0.000000 1.000000 0.007874

vn 0.000000 1.000000 0.007874

vn 0.000000 1.000000 0.007874

vn 0.000000 1.000000 0.007874

vn 0.000000 1.000000 0.007874

vn 0.960630 0.000000 0.267717

vn 0.984252 0.000000 0.173228

vn 0.984252 0.000000 0.173228

vn 0.960630 0.000000 0.267717

vn 0.921260 -0.007874 0.393701

vn 0.921260 -0.007874 0.393701

vn 0.834646 -0.007874 0.551181

vn 0.834646 -0.007874 0.551181

vn 0.692913 -0.007874 0.724409

vn 0.692913 -0.007874 0.724409

vn 0.519685 -0.007874 0.850394

vn 0.519685 -0.007874 0.850394

vn 0.370079 -0.007874 0.929134

vn 0.370079 -0.007874 0.929134

vn 0.251969 -0.007874 0.968504

vn 0.251969 -0.007874 0.968504

vn 0.157480 -0.007874 0.984252

vn 0.157480 -0.007874 0.984252

vn 0.094488 -0.007874 0.992126

vn 0.094488 -0.007874 0.992126

vn 0.039370 -0.007874 1.000000

vn 0.039370 -0.007874 1.000000

vn 0.007874 -0.007874 1.000000

vn 0.007874 -0.007874 1.000000

vn -0.007874 -0.007874 1.000000

vn -0.007874 -0.007874 1.000000

vn -0.039370 -0.007874 1.000000

vn -0.039370 -0.007874 1.000000

vn -0.094488 -0.007874 0.992126

vn -0.094488 -0.007874 0.992126

vn -0.157480 -0.007874 0.984252

vn -0.157480 -0.007874 0.984252

vn -0.251969 -0.007874 0.968504

vn -0.251969 -0.007874 0.968504

vn -0.370079 -0.007874 0.929134

vn -0.370079 -0.007874 0.929134

vn -0.519685 -0.007874 0.850394

vn -0.519685 -0.007874 0.850394

vn -0.692913 -0.007874 0.724409

vn -0.692913 -0.007874 0.724409

vn -0.834646 -0.007874 0.551181

vn -0.834646 -0.007874 0.551181

vn -0.921260 -0.007874 0.393701

vn -0.921260 -0.007874 0.393701

vn -0.960630 0.000000 0.267717

vn -0.960630 0.000000 0.267717

vn -0.984252 0.000000 0.173228

vn -0.984252 0.000000 0.173228

vn 0.000000 0.007874 -1.000000

vn 0.007874 0.007874 -1.000000

vn 0.000000 0.007874 -1.000000

vn 0.007874 0.007874 -1.000000

vn 0.039370 0.007874 -1.000000

vn 0.039370 0.007874 -1.000000

vn 0.094488 0.007874 -0.992126

vn 0.094488 0.007874 -0.992126

vn 0.157480 0.007874 -0.984252

vn 0.157480 0.007874 -0.984252

vn 0.251969 0.007874 -0.968504

vn 0.251969 0.007874 -0.968504

vn 0.370079 0.007874 -0.929134

vn 0.370079 0.007874 -0.929134

vn 0.527559 0.007874 -0.850394

vn 0.527559 0.007874 -0.850394

vn 0.700787 0.007874 -0.716535

vn 0.700787 0.007874 -0.716535

vn 0.834646 0.007874 -0.551181

vn 0.834646 0.007874 -0.551181

vn 0.921260 0.007874 -0.393701

vn 0.921260 0.007874 -0.393701

vn 0.960630 0.000000 -0.267717

vn 0.960630 0.000000 -0.267717

vn 0.984252 0.000000 -0.173228

vn 0.984252 0.000000 -0.173228

vn 0.992126 0.000000 -0.094488

vn 0.992126 0.000000 -0.094488

vn 1.000000 0.000000 -0.039370

vn 1.000000 0.000000 -0.039370

vn 1.000000 0.000000 -0.007874

vn 1.000000 0.000000 -0.007874

vn 1.000000 0.000000 0.000000

vn 1.000000 0.000000 0.000000

vn 1.000000 0.000000 0.000000

vn 1.000000 0.000000 0.000000

vn 1.000000 0.000000 0.000000

vn 1.000000 0.000000 0.000000

vn 1.000000 0.000000 0.007874

vn 1.000000 0.000000 0.000000

vn 1.000000 0.000000 0.000000

vn 1.000000 0.000000 0.000000

vn 1.000000 0.000000 0.000000

vn 1.000000 0.000000 0.000000

vn 1.000000 0.000000 0.000000

vn 1.000000 0.000000 0.000000

vn 1.000000 0.000000 0.007874

vn 1.000000 0.000000 0.039370

vn 1.000000 0.000000 0.039370

vn 0.992126 0.000000 0.102362

vn 0.992126 0.000000 0.102362

vn 0.984252 0.000000 0.173228

vn 0.984252 0.000000 0.173228

vn -0.708661 0.007874 -0.708661

vn -0.921260 0.000000 -0.385827

vn -0.708661 0.007874 -0.708661

vn -0.921260 0.000000 -0.385827

vn -0.992126 0.000000 -0.094488

vn -0.992126 0.000000 -0.094488

vn -0.992126 0.000000 0.094488

vn -0.992126 0.000000 0.094488

vn -0.921260 0.000000 0.385827

vn -0.921260 0.000000 0.385827

vn -0.708661 -0.007874 0.708661

vn -0.708661 -0.007874 0.708661

vn -0.385827 -0.007874 0.921260

vn -0.385827 -0.007874 0.921260

vn -0.094488 -0.007874 0.992126

vn -0.094488 -0.007874 0.992126

vn 0.094488 -0.007874 0.992126

vn 0.094488 -0.007874 0.992126

vn 0.385827 -0.007874 0.921260

vn 0.385827 -0.007874 0.921260

vn 0.708661 -0.007874 0.708661

vn 0.708661 -0.007874 0.708661

vn 0.921260 0.000000 0.385827

vn 0.921260 0.000000 0.385827

vn 0.992126 0.000000 0.094488

vn 0.992126 0.000000 0.094488

vn 0.992126 0.000000 -0.094488

vn 0.992126 0.000000 -0.094488

vn 0.921260 0.000000 -0.385827

vn 0.921260 0.000000 -0.385827

vn 0.708661 0.007874 -0.708661

vn 0.708661 0.007874 -0.708661

vn 0.385827 0.007874 -0.921260

vn 0.385827 0.007874 -0.921260

vn 0.094488 0.007874 -0.992126

vn 0.094488 0.007874 -0.992126

vn -0.094488 0.007874 -0.992126

vn -0.094488 0.007874 -0.992126

vn -0.385827 0.007874 -0.921260

vn -0.385827 0.007874 -0.921260

vn -0.708661 0.007874 -0.708661

vn -0.708661 0.007874 -0.708661

vn 0.000000 -0.897638 -0.433071

vn 0.000000 -0.889764 -0.448819

vn 0.000000 -0.889764 -0.448819

vn 0.000000 -0.897638 -0.433071

vn 0.000000 -0.929134 -0.377953

vn 0.000000 -0.929134 -0.377953

vn 0.000000 -0.960630 -0.283465

vn 0.000000 -0.960630 -0.283465

vn 0.000000 -0.984252 -0.188976

vn 0.000000 -0.984252 -0.188976

vn 0.000000 -0.992126 -0.110236

vn 0.000000 -0.992126 -0.110236

vn 0.000000 -1.000000 -0.055118

vn 0.000000 -1.000000 -0.055118

vn 0.000000 -1.000000 -0.023622

vn 0.000000 -1.000000 -0.023622

vn 0.000000 -1.000000 -0.015748

vn 0.000000 -1.000000 -0.015748

vn 0.000000 -1.000000 -0.007874

vn 0.000000 -1.000000 -0.007874

vn 0.000000 -1.000000 -0.007874

vn 0.000000 -1.000000 -0.007874

vn 0.000000 -1.000000 -0.007874

vn 0.000000 -1.000000 -0.007874

vn 0.000000 -1.000000 -0.015748

vn 0.000000 -1.000000 -0.015748

vn 0.000000 -1.000000 -0.015748

vn 0.000000 -1.000000 -0.015748

vn 0.000000 -1.000000 -0.023622

vn 0.000000 -1.000000 -0.023622

vn 0.000000 -1.000000 -0.055118

vn 0.000000 -1.000000 -0.023622

vn 0.000000 -1.000000 -0.023622

vn 0.000000 -1.000000 -0.055118

vn 0.000000 -1.000000 -0.055118

vn 0.000000 -0.992126 -0.110236

vn 0.000000 -1.000000 -0.055118

vn 0.000000 -0.992126 -0.110236

vn 0.000000 -0.992126 -0.110236

vn 0.000000 -0.984252 -0.188976

vn 0.000000 -0.992126 -0.110236

vn 0.000000 -0.984252 -0.188976

vn 0.000000 -0.984252 -0.188976

vn 0.000000 -0.960630 -0.283465

vn 0.000000 -0.984252 -0.188976

vn 0.000000 -0.960630 -0.283465

vn 0.000000 -0.952756 -0.299213

vn 0.000000 -0.929134 -0.377953

vn 0.000000 -0.952756 -0.299213

vn 0.000000 -0.929134 -0.377953

vn 0.000000 -0.921260 -0.385827

vn 0.000000 -0.897638 -0.433071

vn 0.000000 -0.921260 -0.385827

vn 0.000000 -0.897638 -0.433071

vn 0.000000 -0.897638 -0.433071

vn 0.000000 -0.889764 -0.448819

vn 0.007874 -0.897638 -0.448819

vn 0.000000 -0.897638 -0.433071

vn 0.000000 -0.889764 -0.448819

vn -0.007874 -0.897638 -0.448819

vn 0.023622 -0.913386 -0.417323

vn 0.023622 -0.905512 -0.417323

vn -0.023622 -0.913386 -0.417323

vn -0.023622 -0.905512 -0.417323

vn -0.015748 -0.929134 -0.370079

vn -0.062992 -0.929134 -0.370079

vn -0.039370 -0.913386 -0.401575

vn -0.070866 -0.929134 -0.362205

vn -0.055118 -0.937008 -0.338583

vn -0.015748 -0.960630 -0.291339

vn -0.047244 -0.960630 -0.267717

vn -0.015748 -0.984252 -0.188976

vn -0.039370 -0.984252 -0.173228

vn -0.015748 -0.992126 -0.110236

vn -0.039370 -0.992126 -0.102362

vn -0.015748 -1.000000 -0.055118

vn -0.039370 -1.000000 -0.055118

vn -0.015748 -1.000000 -0.023622

vn -0.039370 -1.000000 -0.023622

vn -0.015748 -1.000000 -0.015748

vn -0.047244 -1.000000 -0.007874

vn -0.015748 -1.000000 -0.007874

vn -0.055118 -1.000000 -0.007874

vn -0.086614 -0.992126 -0.007874

vn -0.102362 -0.992126 -0.007874

vn -0.062992 -1.000000 -0.007874

vn -0.086614 -0.992126 -0.023622

vn -0.125984 -0.992126 -0.007874

vn -0.086614 -0.992126 -0.047244

vn -0.157480 -0.984252 -0.007874

vn -0.078740 -0.992126 -0.094488

vn -0.149606 -0.992126 -0.023622

vn -0.141732 -0.992126 -0.047244

vn -0.078740 -0.984252 -0.157480

vn -0.133858 -0.984252 -0.086614

vn -0.094488 -0.968504 -0.228346

vn -0.118110 -0.984252 -0.133858

vn -0.110236 -0.952756 -0.275591

vn -0.149606 -0.976378 -0.165354

vn -0.188976 -0.976378 -0.094488

vn -0.118110 -0.944882 -0.299213

vn -0.086614 -0.937008 -0.338583

vn -0.125984 -0.952756 -0.291339

vn -0.173228 -0.968504 -0.188976

vn -0.188976 -0.960630 -0.204724

vn -0.149606 -0.952756 -0.251969

vn -0.196850 -0.960630 -0.204724

vn -0.228346 -0.960630 -0.157480

vn -0.244094 -0.960630 -0.118110

vn -0.251969 -0.960630 -0.118110

vn -0.267717 -0.960630 -0.086614

vn -0.283465 -0.960630 -0.062992

vn -0.228346 -0.968504 -0.110236

vn -0.283465 -0.960630 -0.062992

vn -0.299213 -0.952756 -0.039370

vn -0.307087 -0.952756 -0.023622

vn -0.259843 -0.968504 -0.055118

vn -0.299213 -0.952756 -0.023622

vn -0.314961 -0.944882 -0.007874

vn -0.212598 -0.976378 -0.047244

vn -0.275591 -0.960630 -0.023622

vn -0.307087 -0.952756 -0.007874

vn -0.362205 -0.929134 0.000000

vn -0.220472 -0.976378 -0.023622

vn -0.283465 -0.960630 -0.007874

vn -0.354331 -0.937008 0.000000

vn -0.417323 -0.905512 0.007874

vn -0.228346 -0.976378 -0.007874

vn -0.322835 -0.944882 0.000000

vn -0.409449 -0.913386 0.000000

vn -0.472441 -0.881890 0.007874

vn -0.259843 -0.968504 -0.007874

vn -0.370079 -0.929134 0.000000

vn -0.464567 -0.881890 0.007874

vn -0.527559 -0.850394 0.007874

vn -0.181102 -0.984252 -0.007874

vn -0.307087 -0.952756 -0.007874

vn -0.212598 -0.976378 -0.007874

vn -0.425197 -0.905512 0.000000

vn -0.354331 -0.937008 0.000000

vn -0.244094 -0.968504 -0.007874

vn -0.519685 -0.858268 0.007874

vn -0.480315 -0.881890 0.000000

vn -0.393701 -0.921260 0.000000

vn -0.527559 -0.850394 0.000000

vn -0.566929 -0.826772 0.007874

vn -0.582677 -0.818898 0.007874

vn -0.440945 -0.897638 0.000000

vn -0.614173 -0.787402 0.007874

vn -0.629921 -0.779528 0.015748

vn -0.574803 -0.818898 0.007874

vn -0.669291 -0.748031 0.015748

vn -0.677165 -0.732283 0.015748

vn -0.629921 -0.779528 0.007874

vn -0.488189 -0.874016 0.000000

vn -0.543307 -0.842520 0.000000

vn -0.692913 -0.716535 0.015748

vn -0.708661 -0.708661 0.015748

vn -0.653543 -0.755906 0.007874

vn -0.716535 -0.700787 0.015748

vn -0.724409 -0.685039 0.015748

vn -0.677165 -0.732283 0.007874

vn -0.566929 -0.826772 0.000000

vn -0.590551 -0.803150 0.000000

vn -0.732283 -0.685039 0.007874

vn -0.740157 -0.669291 0.007874

vn -0.692913 -0.716535 0.007874

vn -0.740157 -0.669291 0.000000

vn -0.748031 -0.661417 0.000000

vn -0.708661 -0.708661 0.000000

vn -0.606299 -0.795276 0.000000

vn -0.622047 -0.787402 0.000000

vn -0.748031 -0.669291 0.000000

vn -0.755906 -0.653543 0.000000

vn -0.708661 -0.700787 0.000000

vn -0.748031 -0.661417 -0.007874

vn -0.755906 -0.653543 -0.007874

vn -0.716535 -0.700787 -0.007874

vn -0.629921 -0.779528 -0.007874

vn -0.629921 -0.779528 -0.007874

vn -0.748031 -0.669291 0.000000

vn -0.755906 -0.653543 0.000000

vn -0.708661 -0.700787 0.000000

vn -0.724409 -0.685039 0.039370

vn -0.732283 -0.685039 0.039370

vn -0.692913 -0.724409 0.031496

vn -0.629921 -0.779528 0.000000

vn -0.606299 -0.795276 0.031496

vn -0.637795 -0.763780 0.118110

vn -0.669291 -0.732283 0.118110

vn -0.708661 -0.700787 0.070866

vn -0.661417 -0.740157 0.125984

vn -0.559055 -0.818898 0.110236

vn -0.559055 -0.795276 0.244094

vn -0.622047 -0.763780 0.173228

vn -0.543307 -0.795276 0.251969

vn -0.527559 -0.811024 0.244094

vn -0.385827 -0.834646 0.393701

vn -0.480315 -0.818898 0.314961

vn -0.385827 -0.826772 0.401575

vn -0.291339 -0.834646 0.464567

vn -0.362205 -0.850394 0.385827

vn -0.204724 -0.834646 0.511811

vn -0.212598 -0.826772 0.511811

vn -0.141732 -0.826772 0.543307

vn -0.102362 -0.818898 0.566929

vn -0.094488 -0.818898 0.566929

vn -0.055118 -0.803150 0.590551

vn -0.031496 -0.803150 0.598425

vn -0.196850 -0.842520 0.496063

vn -0.031496 -0.803150 0.598425

vn -0.007874 -0.787402 0.614173

vn -0.086614 -0.834646 0.551181

vn -0.330709 -0.874016 0.362205

vn -0.007874 -0.795276 0.606299

vn 0.007874 -0.787402 0.614173

vn -0.472441 -0.850394 0.228346

vn -0.181102 -0.874016 0.456693

vn -0.291339 -0.905512 0.314961

vn -0.362205 -0.905512 0.212598

vn -0.181102 -0.913386 0.362205

vn -0.086614 -0.866142 0.496063

vn -0.031496 -0.818898 0.574803

vn -0.094488 -0.913386 0.393701

vn -0.023622 -0.858268 0.519685

vn -0.007874 -0.811024 0.582677

vn 0.007874 -0.795276 0.606299

vn 0.000000 -0.850394 0.527559

vn 0.031496 -0.803150 0.598425

vn 0.031496 -0.803150 0.598425

vn 0.007874 -0.811024 0.582677

vn 0.031496 -0.818898 0.574803

vn 0.094488 -0.818898 0.566929

vn 0.055118 -0.803150 0.590551

vn 0.102362 -0.818898 0.566929

vn 0.086614 -0.834646 0.551181

vn 0.204724 -0.834646 0.511811

vn 0.141732 -0.826772 0.543307

vn 0.212598 -0.826772 0.511811

vn 0.291339 -0.834646 0.464567

vn 0.196850 -0.842520 0.496063

vn 0.385827 -0.834646 0.393701

vn 0.385827 -0.826772 0.401575

vn 0.480315 -0.818898 0.314961

vn 0.543307 -0.795276 0.251969

vn 0.362205 -0.850394 0.385827

vn 0.559055 -0.795276 0.244094

vn 0.622047 -0.763780 0.173228

vn 0.661417 -0.740157 0.125984

vn 0.330709 -0.874016 0.362205

vn 0.669291 -0.732283 0.118110

vn 0.708661 -0.700787 0.070866

vn 0.732283 -0.685039 0.039370

vn 0.527559 -0.811024 0.244094

vn 0.724409 -0.685039 0.039370

vn 0.755906 -0.653543 0.000000

vn 0.637795 -0.763780 0.118110

vn 0.748031 -0.669291 0.000000

vn 0.755906 -0.653543 -0.007874

vn 0.692913 -0.724409 0.031496

vn 0.472441 -0.850394 0.228346

vn 0.748031 -0.661417 -0.007874

vn 0.755906 -0.653543 0.000000

vn 0.708661 -0.700787 0.000000

vn 0.748031 -0.669291 0.000000

vn 0.748031 -0.661417 0.000000

vn 0.716535 -0.700787 -0.007874

vn 0.740157 -0.669291 0.000000

vn 0.740157 -0.669291 0.007874

vn 0.708661 -0.700787 0.000000

vn 0.732283 -0.685039 0.007874

vn 0.724409 -0.685039 0.015748

vn 0.708661 -0.708661 0.000000

vn 0.716535 -0.700787 0.015748

vn 0.708661 -0.708661 0.015748

vn 0.692913 -0.716535 0.007874

vn 0.692913 -0.716535 0.015748

vn 0.677165 -0.732283 0.015748

vn 0.677165 -0.732283 0.007874

vn 0.669291 -0.748031 0.015748

vn 0.629921 -0.779528 0.015748

vn 0.653543 -0.755906 0.007874

vn 0.614173 -0.787402 0.007874

vn 0.582677 -0.818898 0.007874

vn 0.629921 -0.779528 0.007874

vn 0.566929 -0.826772 0.007874

vn 0.527559 -0.850394 0.007874

vn 0.574803 -0.818898 0.007874

vn 0.566929 -0.826772 0.000000

vn 0.543307 -0.842520 0.000000

vn 0.527559 -0.850394 0.000000

vn 0.590551 -0.803150 0.000000

vn 0.488189 -0.874016 0.000000

vn 0.606299 -0.795276 0.000000

vn 0.448819 -0.897638 0.000000

vn 0.622047 -0.787402 0.000000

vn 0.464567 -0.889764 -0.007874

vn 0.472441 -0.881890 -0.007874

vn 0.629921 -0.779528 -0.007874

vn 0.480315 -0.874016 -0.007874

vn 0.629921 -0.779528 -0.007874

vn 0.480315 -0.874016 -0.007874

vn 0.629921 -0.779528 0.000000

vn 0.480315 -0.874016 0.000000

vn 0.606299 -0.795276 0.031496

vn 0.464567 -0.881890 0.031496

vn 0.559055 -0.818898 0.110236

vn 0.425197 -0.897638 0.110236

vn 0.362205 -0.905512 0.212598

vn 0.291339 -0.905512 0.314961

vn 0.220472 -0.944882 0.244094

vn 0.181102 -0.874016 0.456693

vn 0.181102 -0.913386 0.362205

vn 0.086614 -0.866142 0.496063

vn 0.094488 -0.913386 0.393701

vn 0.023622 -0.858268 0.519685

vn 0.110236 -0.960630 0.267717

vn 0.000000 -0.850394 0.527559

vn 0.031496 -0.905512 0.417323

vn 0.007874 -0.905512 0.425197

vn 0.039370 -0.960630 0.283465

vn 0.267717 -0.952756 0.125984

vn 0.133858 -0.984252 0.141732

vn 0.299213 -0.952756 0.039370

vn 0.047244 -0.984252 0.157480

vn 0.307087 -0.952756 0.000000

vn 0.149606 -0.984252 0.047244

vn 0.314961 -0.952756 -0.007874

vn 0.157480 -0.984252 0.000000

vn 0.307087 -0.952756 -0.007874

vn 0.157480 -0.984252 -0.007874

vn 0.047244 -1.000000 0.047244

vn 0.299213 -0.952756 -0.007874

vn 0.157480 -0.984252 -0.007874

vn 0.291339 -0.952756 -0.007874

vn 0.157480 -0.984252 -0.007874

vn 0.055118 -1.000000 -0.007874

vn 0.283465 -0.960630 -0.007874

vn 0.055118 -1.000000 0.000000

vn 0.055118 -1.000000 -0.007874

vn 0.007874 -1.000000 0.000000

vn 0.149606 -0.992126 -0.007874

vn 0.007874 -1.000000 0.055118

vn 0.055118 -1.000000 -0.007874

vn 0.007874 -0.984252 0.157480

vn -0.007874 -1.000000 0.055118

vn 0.007874 -0.952756 0.291339

vn -0.007874 -0.984252 0.157480

vn -0.007874 -0.952756 0.291339

vn -0.007874 -0.905512 0.425197

vn -0.047244 -0.984252 0.157480

vn -0.031496 -0.905512 0.417323

vn -0.039370 -0.960630 0.283465

vn -0.110236 -0.960630 0.267717

vn -0.133858 -0.984252 0.141732

vn -0.047244 -1.000000 0.047244

vn -0.149606 -0.984252 0.047244

vn -0.267717 -0.952756 0.125984

vn -0.220472 -0.944882 0.244094

vn -0.425197 -0.897638 0.110236

vn -0.464567 -0.881890 0.031496

vn -0.299213 -0.952756 0.039370

vn -0.480315 -0.874016 0.000000

vn -0.307087 -0.952756 0.000000

vn -0.480315 -0.874016 -0.007874

vn -0.157480 -0.984252 0.000000

vn -0.314961 -0.952756 -0.007874

vn -0.480315 -0.874016 -0.007874

vn -0.055118 -1.000000 0.000000

vn -0.472441 -0.881890 -0.007874

vn -0.307087 -0.952756 -0.007874

vn -0.157480 -0.984252 -0.007874

vn -0.464567 -0.889764 -0.007874

vn -0.299213 -0.952756 -0.007874

vn -0.157480 -0.984252 -0.007874

vn -0.055118 -1.000000 -0.007874

vn -0.007874 -1.000000 0.000000

vn -0.055118 -1.000000 -0.007874

vn 0.007874 -1.000000 -0.007874

vn -0.007874 -1.000000 -0.007874

vn -0.007874 -1.000000 -0.007874

vn 0.007874 -1.000000 -0.007874

vn 0.007874 -1.000000 -0.007874

vn -0.055118 -1.000000 -0.007874

vn 0.055118 -1.000000 -0.007874

vn -0.007874 -1.000000 -0.007874

vn 0.141732 -0.992126 -0.007874

vn 0.007874 -1.000000 -0.007874

vn 0.047244 -1.000000 -0.007874

vn 0.267717 -0.960630 -0.007874

vn 0.133858 -0.992126 -0.007874

vn 0.007874 -1.000000 -0.007874

vn 0.425197 -0.905512 0.000000

vn 0.401575 -0.921260 -0.007874

vn 0.244094 -0.968504 -0.007874

vn 0.354331 -0.937008 -0.007874

vn 0.212598 -0.976378 -0.007874

vn 0.125984 -0.992126 -0.007874

vn 0.110236 -0.992126 -0.007874

vn 0.047244 -1.000000 -0.007874

vn 0.039370 -1.000000 -0.007874

vn 0.007874 -1.000000 -0.007874

vn 0.039370 -1.000000 -0.007874

vn -0.007874 -1.000000 -0.007874

vn 0.007874 -1.000000 -0.007874

vn -0.007874 -1.000000 -0.007874

vn -0.007874 -1.000000 -0.007874

vn -0.055118 -1.000000 -0.007874

vn -0.047244 -1.000000 -0.007874

vn -0.047244 -1.000000 -0.007874

vn -0.007874 -1.000000 -0.007874

vn -0.039370 -1.000000 -0.007874

vn -0.007874 -1.000000 -0.007874

vn 0.007874 -1.000000 -0.007874

vn -0.039370 -1.000000 -0.007874

vn -0.007874 -1.000000 -0.007874

vn 0.007874 -1.000000 -0.007874

vn -0.125984 -0.992126 -0.007874

vn -0.031496 -1.000000 -0.007874

vn -0.133858 -0.992126 -0.007874

vn -0.110236 -0.992126 -0.007874

vn -0.244094 -0.968504 -0.007874

vn -0.141732 -0.992126 -0.007874

vn -0.267717 -0.960630 -0.007874

vn -0.149606 -0.992126 -0.007874

vn -0.283465 -0.960630 -0.007874

vn -0.157480 -0.984252 -0.007874

vn -0.291339 -0.952756 -0.007874

vn -0.448819 -0.897638 0.000000

vn -0.425197 -0.905512 0.000000

vn -0.401575 -0.921260 -0.007874

vn -0.212598 -0.976378 -0.007874

vn -0.354331 -0.937008 -0.007874

vn -0.314961 -0.952756 -0.007874

vn -0.188976 -0.984252 -0.007874

vn -0.094488 -0.992126 -0.007874

vn -0.275591 -0.960630 -0.007874

vn -0.165354 -0.984252 -0.007874

vn -0.141732 -0.992126 -0.007874

vn -0.078740 -1.000000 -0.007874

vn -0.070866 -1.000000 -0.007874

vn -0.023622 -1.000000 -0.007874

vn -0.023622 -1.000000 -0.007874

vn -0.031496 -1.000000 -0.007874

vn 0.000000 -1.000000 -0.007874

vn 0.000000 -1.000000 -0.007874

vn -0.007874 -1.000000 -0.007874

vn 0.007874 -1.000000 -0.007874

vn 0.000000 -1.000000 -0.007874

vn 0.000000 -1.000000 -0.007874

vn 0.031496 -1.000000 -0.007874

vn 0.031496 -1.000000 -0.007874

vn 0.094488 -0.992126 -0.007874

vn 0.023622 -1.000000 -0.007874

vn 0.078740 -1.000000 -0.007874

vn 0.188976 -0.984252 -0.007874

vn 0.023622 -1.000000 -0.007874

vn 0.314961 -0.952756 -0.007874

vn 0.165354 -0.984252 -0.007874

vn 0.070866 -1.000000 -0.007874

vn 0.440945 -0.897638 0.000000

vn 0.275591 -0.960630 -0.007874

vn 0.141732 -0.992126 -0.007874

vn 0.062992 -1.000000 -0.007874

vn 0.393701 -0.921260 0.000000

vn 0.244094 -0.968504 -0.007874

vn 0.125984 -0.992126 -0.007874

vn 0.015748 -1.000000 -0.007874

vn 0.055118 -1.000000 -0.007874

vn 0.015748 -1.000000 -0.015748

vn 0.102362 -0.992126 -0.007874

vn 0.015748 -1.000000 -0.023622

vn 0.047244 -1.000000 -0.007874

vn 0.015748 -1.000000 -0.055118

vn 0.039370 -1.000000 -0.023622

vn 0.086614 -0.992126 -0.007874

vn 0.015748 -0.992126 -0.110236

vn 0.039370 -1.000000 -0.055118

vn 0.086614 -0.992126 -0.023622

vn 0.015748 -0.984252 -0.188976

vn 0.039370 -0.992126 -0.102362

vn 0.015748 -0.960630 -0.291339

vn 0.039370 -0.984252 -0.173228

vn 0.086614 -0.992126 -0.047244

vn 0.078740 -0.992126 -0.094488

vn 0.015748 -0.929134 -0.370079

vn 0.047244 -0.960630 -0.267717

vn 0.055118 -0.937008 -0.338583

vn 0.078740 -0.984252 -0.157480

vn 0.094488 -0.968504 -0.228346

vn 0.062992 -0.929134 -0.370079

vn 0.039370 -0.913386 -0.401575

vn 0.070866 -0.929134 -0.362205

vn 0.110236 -0.952756 -0.275591

vn 0.118110 -0.944882 -0.299213

vn 0.086614 -0.937008 -0.338583

vn 0.125984 -0.952756 -0.291339

vn 0.149606 -0.976378 -0.165354

vn 0.188976 -0.960630 -0.204724

vn 0.149606 -0.952756 -0.251969

vn 0.196850 -0.960630 -0.204724

vn 0.228346 -0.960630 -0.157480

vn 0.173228 -0.968504 -0.188976

vn 0.244094 -0.960630 -0.118110

vn 0.251969 -0.960630 -0.118110

vn 0.267717 -0.960630 -0.086614

vn 0.283465 -0.960630 -0.062992

vn 0.228346 -0.968504 -0.110236

vn 0.283465 -0.960630 -0.062992

vn 0.299213 -0.952756 -0.039370

vn 0.307087 -0.952756 -0.023622

vn 0.188976 -0.976378 -0.094488

vn 0.299213 -0.952756 -0.023622

vn 0.314961 -0.944882 -0.007874

vn 0.259843 -0.968504 -0.055118

vn 0.307087 -0.952756 -0.007874

vn 0.362205 -0.929134 0.000000

vn 0.275591 -0.960630 -0.023622

vn 0.212598 -0.976378 -0.047244

vn 0.354331 -0.937008 0.000000

vn 0.417323 -0.905512 0.007874

vn 0.283465 -0.960630 -0.007874

vn 0.220472 -0.976378 -0.023622

vn 0.409449 -0.913386 0.000000

vn 0.472441 -0.881890 0.007874

vn 0.322835 -0.944882 0.000000

vn 0.228346 -0.976378 -0.007874

vn 0.464567 -0.881890 0.007874

vn 0.370079 -0.929134 0.000000

vn 0.259843 -0.968504 -0.007874

vn 0.519685 -0.858268 0.007874

vn 0.425197 -0.905512 0.000000

vn 0.480315 -0.881890 0.000000

vn 0.307087 -0.952756 -0.007874

vn 0.354331 -0.937008 0.000000

vn 0.212598 -0.976378 -0.007874

vn 0.181102 -0.984252 -0.007874

vn 0.157480 -0.984252 -0.007874

vn 0.149606 -0.992126 -0.023622

vn 0.141732 -0.992126 -0.047244

vn 0.133858 -0.984252 -0.086614

vn 0.118110 -0.984252 -0.133858

vn 1.000000 0.000000 0.000000

vn 1.000000 0.000000 0.000000

vn 1.000000 0.000000 0.000000

vn 1.000000 0.000000 0.000000

vn 1.000000 0.000000 0.000000

vn 1.000000 0.000000 0.000000

vn 1.000000 0.000000 0.000000

vn 1.000000 0.000000 0.000000

vn 1.000000 0.000000 0.000000

vn 1.000000 0.000000 0.000000

vn 1.000000 0.000000 0.000000

vn 1.000000 0.000000 0.000000

vn -1.000000 0.000000 0.000000

vn -1.000000 0.000000 0.000000

vn -1.000000 0.000000 0.000000

vn -1.000000 0.000000 0.000000

vn -1.000000 0.000000 0.000000

vn -1.000000 0.000000 0.000000

vn -1.000000 0.000000 0.000000

vn -1.000000 0.000000 0.000000

vn -1.000000 0.000000 0.000000

vn -1.000000 0.000000 0.000000

vn -1.000000 0.000000 0.000000

vn -1.000000 0.000000 0.000000

vn -1.000000 0.000000 0.000000

vn -1.000000 0.000000 0.000000

vn -1.000000 0.000000 0.000000

vn -1.000000 0.000000 0.000000

vn -1.000000 0.000000 0.000000

vn -1.000000 0.000000 0.000000

vn -1.000000 0.000000 0.000000

vn -1.000000 0.000000 0.000000

vn -1.000000 0.000000 0.000000

vn -1.000000 0.000000 0.000000

vn -1.000000 0.000000 0.000000

vn -1.000000 0.000000 0.000000

vn 1.000000 0.000000 0.000000

vn 1.000000 0.000000 0.000000

vn 1.000000 0.000000 0.000000

vn 1.000000 0.000000 0.000000

vn 1.000000 0.000000 0.000000

vn 1.000000 0.000000 0.000000

vn 1.000000 0.000000 0.000000

vn 1.000000 0.000000 0.000000

vn 1.000000 0.000000 0.000000

vn 1.000000 0.000000 0.000000

vn 1.000000 0.000000 0.000000

vn 1.000000 0.000000 0.000000

vn 0.440945 -0.330709 -0.834646

vn 0.322835 -0.543307 -0.779528

vn 0.362205 -0.330709 -0.874016

vn 0.275591 -0.330709 -0.905512

vn 0.370079 -0.629921 -0.685039

vn 0.519685 -0.330709 -0.787402

vn 0.212598 -0.629921 -0.748031

vn 0.409449 -0.677165 -0.614173

vn 0.141732 -0.677165 -0.724409

vn 0.181102 -0.330709 -0.929134

vn 0.220472 -0.818898 -0.535433

vn 0.086614 -0.629921 -0.771654

vn 0.094488 -0.330709 -0.937008

vn 0.480315 -0.629921 -0.606299

vn 0.598425 -0.330709 -0.732283

vn 0.000000 -0.543307 -0.842520

vn 0.000000 -0.330709 -0.944882

vn 0.590551 -0.543307 -0.598425

vn 0.669291 -0.330709 -0.669291

vn -0.086614 -0.629921 -0.771654

vn -0.094488 -0.330709 -0.937008

vn 0.000000 -0.818898 -0.574803

vn -0.141732 -0.677165 -0.724409

vn -0.181102 -0.330709 -0.929134

vn -0.212598 -0.629921 -0.748031

vn -0.275591 -0.330709 -0.905512

vn -0.220472 -0.818898 -0.535433

vn -0.322835 -0.543307 -0.779528

vn -0.362205 -0.330709 -0.874016

vn -0.440945 -0.330709 -0.834646

vn -0.370079 -0.629921 -0.685039

vn -0.519685 -0.330709 -0.787402

vn -0.409449 -0.677165 -0.614173

vn -0.598425 -0.330709 -0.732283

vn -0.480315 -0.629921 -0.606299

vn -0.590551 -0.543307 -0.598425

vn -0.669291 -0.330709 -0.669291

vn -0.724409 -0.330709 -0.598425

vn -0.401575 -0.818898 -0.409449

vn -0.606299 -0.629921 -0.488189

vn -0.779528 -0.330709 -0.527559

vn -0.606299 -0.677165 -0.409449

vn -0.826772 -0.330709 -0.448819

vn -0.677165 -0.629921 -0.377953

vn -0.866142 -0.330709 -0.362205

vn -0.527559 -0.818898 -0.228346

vn -0.771654 -0.543307 -0.322835

vn -0.897638 -0.330709 -0.275591

vn -0.740157 -0.629921 -0.220472

vn -0.921260 -0.338583 -0.188976

vn -0.716535 -0.685039 -0.149606

vn -0.937008 -0.338583 -0.094488

vn -0.763780 -0.637795 -0.094488

vn -0.834646 -0.551181 -0.007874

vn -0.944882 -0.338583 0.000000

vn -0.937008 -0.338583 0.086614

vn -0.566929 -0.826772 -0.007874

vn -0.763780 -0.637795 0.078740

vn -0.921260 -0.338583 0.181102

vn -0.716535 -0.685039 0.133858

vn -0.897638 -0.338583 0.267717

vn -0.740157 -0.637795 0.204724

vn -0.866142 -0.338583 0.354331

vn -0.771654 -0.551181 0.314961

vn -0.826772 -0.338583 0.440945

vn -0.527559 -0.826772 0.212598

vn -0.677165 -0.637795 0.370079

vn -0.779528 -0.346457 0.519685

vn -0.606299 -0.685039 0.401575

vn -0.724409 -0.346457 0.590551

vn -0.606299 -0.637795 0.472441

vn -0.590551 -0.551181 0.582677

vn -0.669291 -0.346457 0.661417

vn -0.598425 -0.346457 0.724409

vn -0.401575 -0.826772 0.393701

vn -0.480315 -0.637795 0.598425

vn -0.401575 -0.692913 0.598425

vn -0.519685 -0.346457 0.779528

vn -0.370079 -0.645669 0.669291

vn -0.440945 -0.346457 0.826772

vn -0.220472 -0.826772 0.519685

vn -0.322835 -0.559055 0.763780

vn -0.362205 -0.346457 0.866142

vn -0.275591 -0.346457 0.897638

vn -0.212598 -0.645669 0.732283

vn -0.141732 -0.692913 0.708661

vn -0.181102 -0.346457 0.921260

vn -0.086614 -0.645669 0.763780

vn -0.094488 -0.346457 0.937008

vn 0.000000 -0.826772 0.559055

vn 0.000000 -0.559055 0.826772

vn 0.000000 -0.346457 0.937008

vn 0.094488 -0.346457 0.937008

vn 0.086614 -0.645669 0.763780

vn 0.181102 -0.346457 0.921260

vn 0.141732 -0.692913 0.708661

vn 0.275591 -0.346457 0.897638

vn 0.212598 -0.645669 0.732283

vn 0.322835 -0.559055 0.763780

vn 0.362205 -0.346457 0.866142

vn 0.440945 -0.346457 0.826772

vn 0.220472 -0.826772 0.519685

vn 0.370079 -0.645669 0.669291

vn 0.519685 -0.346457 0.779528

vn 0.409449 -0.692913 0.598425

vn 0.598425 -0.346457 0.724409

vn 0.480315 -0.637795 0.598425

vn 0.590551 -0.551181 0.582677

vn 0.669291 -0.346457 0.661417

vn 0.724409 -0.346457 0.590551

vn 0.401575 -0.826772 0.393701

vn 0.606299 -0.637795 0.472441

vn 0.606299 -0.685039 0.401575

vn 0.779528 -0.346457 0.519685

vn 0.677165 -0.637795 0.370079

vn 0.826772 -0.338583 0.440945

vn 0.527559 -0.826772 0.212598

vn 0.771654 -0.551181 0.314961

vn 0.866142 -0.338583 0.354331

vn 0.740157 -0.637795 0.204724

vn 0.897638 -0.338583 0.267717

vn 0.716535 -0.685039 0.133858

vn 0.921260 -0.338583 0.181102

vn 0.763780 -0.637795 0.078740

vn 0.937008 -0.338583 0.086614

vn 0.566929 -0.826772 -0.007874

vn 0.834646 -0.551181 -0.007874

vn 0.944882 -0.338583 0.000000

vn 0.937008 -0.338583 -0.094488

vn 0.763780 -0.637795 -0.094488

vn 0.716535 -0.685039 -0.149606

vn 0.921260 -0.338583 -0.188976

vn 0.740157 -0.629921 -0.220472

vn 0.897638 -0.330709 -0.275591

vn 0.527559 -0.818898 -0.228346

vn 0.771654 -0.543307 -0.322835

vn 0.866142 -0.330709 -0.362205

vn 0.677165 -0.629921 -0.377953

vn 0.826772 -0.330709 -0.448819

vn 0.606299 -0.677165 -0.409449

vn 0.779528 -0.330709 -0.527559

vn 0.606299 -0.629921 -0.488189

vn 0.724409 -0.330709 -0.598425

vn 0.401575 -0.818898 -0.409449

vn 0.377953 -0.913386 -0.165354

vn 0.291339 -0.913386 -0.299213

vn 0.157480 -0.905512 -0.385827

vn 0.173228 -0.968504 -0.188976

vn 0.409449 -0.913386 -0.007874

vn 0.000000 -0.905512 -0.417323

vn 0.377953 -0.913386 0.149606

vn 0.251969 -0.968504 -0.007874

vn 0.291339 -0.913386 0.275591

vn 0.228346 -0.968504 -0.102362

vn 0.228346 -0.968504 0.086614

vn 0.125984 -0.992126 -0.007874

vn 0.173228 -0.968504 0.165354

vn 0.118110 -0.992126 0.039370

vn 0.157480 -0.913386 0.370079

vn 0.094488 -0.968504 0.220472

vn 0.000000 -0.913386 0.401575

vn 0.086614 -0.992126 0.078740

vn 0.000000 -0.968504 0.236220

vn 0.047244 -0.992126 0.102362

vn -0.157480 -0.913386 0.370079

vn -0.291339 -0.913386 0.275591

vn -0.094488 -0.968504 0.220472

vn -0.377953 -0.913386 0.149606

vn -0.173228 -0.968504 0.165354

vn -0.409449 -0.913386 -0.007874

vn -0.228346 -0.968504 0.086614

vn -0.377953 -0.913386 -0.165354

vn -0.251969 -0.968504 -0.007874

vn -0.291339 -0.913386 -0.299213

vn -0.228346 -0.968504 -0.102362

vn -0.125984 -0.992126 -0.007874

vn -0.157480 -0.905512 -0.385827

vn -0.173228 -0.968504 -0.188976

vn -0.094488 -0.968504 -0.236220

vn 0.000000 -0.968504 -0.259843

vn -0.086614 -0.992126 -0.094488

vn 0.094488 -0.968504 -0.236220

vn 0.000000 -0.992126 -0.133858

vn -0.047244 -0.992126 -0.125984

vn 0.047244 -0.992126 -0.125984

vn 0.000000 -1.000000 -0.062992

vn -0.015748 -1.000000 -0.055118

vn 0.015748 -1.000000 -0.055118

vn 0.086614 -0.992126 -0.094488

vn 0.000000 -1.000000 -0.007874

vn 0.031496 -1.000000 -0.047244

vn 0.118110 -0.992126 -0.055118

vn 0.047244 -1.000000 -0.031496

vn 0.047244 -1.000000 -0.007874

vn 0.047244 -1.000000 0.007874

vn 0.031496 -1.000000 0.023622

vn 0.015748 -1.000000 0.039370

vn 0.000000 -0.992126 0.118110

vn 0.000000 -1.000000 0.039370

vn -0.047244 -0.992126 0.102362

vn -0.015748 -1.000000 0.039370

vn -0.086614 -0.992126 0.078740

vn -0.031496 -1.000000 0.023622

vn -0.118110 -0.992126 0.039370

vn -0.047244 -1.000000 0.007874

vn -0.047244 -1.000000 -0.007874

vn -0.118110 -0.992126 -0.055118

vn -0.047244 -1.000000 -0.031496

vn -0.031496 -1.000000 -0.047244

vn -0.732283 -0.362205 0.574803

vn -0.700787 -0.149606 0.700787

vn -0.763780 -0.149606 0.629921

vn -0.826772 -0.149606 0.551181

vn -0.685039 -0.275591 0.677165

vn -0.629921 -0.149606 0.763780

vn -0.748031 -0.433071 0.496063

vn -0.874016 -0.141732 0.464567

vn -0.582677 -0.566929 0.582677

vn -0.582677 -0.362205 0.732283

vn -0.503937 -0.440945 0.748031

vn -0.551181 -0.149606 0.818898

vn -0.818898 -0.362205 0.448819

vn -0.913386 -0.141732 0.377953

vn -0.456693 -0.362205 0.811024

vn -0.464567 -0.149606 0.874016

vn -0.889764 -0.275591 0.362205

vn -0.944882 -0.141732 0.283465

vn -0.370079 -0.275591 0.889764

vn -0.377953 -0.149606 0.913386

vn -0.897638 -0.354331 0.251969

vn -0.968504 -0.141732 0.188976

vn -0.259843 -0.362205 0.897638

vn -0.291339 -0.149606 0.944882

vn -0.881890 -0.433071 0.173228

vn -0.984252 -0.141732 0.094488

vn -0.173228 -0.440945 0.881890

vn -0.196850 -0.149606 0.968504

vn -0.314961 -0.566929 0.763780

vn -0.110236 -0.362205 0.921260

vn -0.094488 -0.149606 0.984252

vn 0.000000 -0.566929 0.826772

vn 0.000000 -0.275591 0.960630

vn 0.000000 -0.149606 0.992126

vn 0.094488 -0.149606 0.984252

vn 0.110236 -0.362205 0.921260

vn 0.196850 -0.149606 0.968504

vn 0.173228 -0.440945 0.881890

vn 0.291339 -0.149606 0.944882

vn 0.259843 -0.362205 0.897638

vn 0.377953 -0.149606 0.913386

vn 0.314961 -0.566929 0.763780

vn 0.370079 -0.275591 0.889764

vn 0.464567 -0.149606 0.874016

vn 0.456693 -0.362205 0.811024

vn 0.551181 -0.149606 0.818898

vn 0.503937 -0.440945 0.748031

vn 0.629921 -0.149606 0.763780

vn 0.000000 -0.748031 0.669291

vn 0.582677 -0.362205 0.732283

vn -0.259843 -0.740157 0.614173

vn 0.685039 -0.275591 0.677165

vn 0.700787 -0.149606 0.700787

vn 0.582677 -0.566929 0.582677

vn 0.732283 -0.362205 0.574803

vn 0.763780 -0.149606 0.629921

vn 0.748031 -0.433071 0.496063

vn 0.826772 -0.149606 0.551181

vn 0.874016 -0.141732 0.464567

vn 0.818898 -0.362205 0.448819

vn 0.913386 -0.141732 0.377953

vn 0.763780 -0.559055 0.314961

vn 0.889764 -0.275591 0.362205

vn 0.944882 -0.141732 0.283465

vn 0.897638 -0.354331 0.251969

vn 0.968504 -0.141732 0.188976

vn 0.881890 -0.433071 0.173228

vn 0.984252 -0.141732 0.094488

vn 0.929134 -0.354331 0.102362

vn 0.992126 -0.141732 0.000000

vn 0.826772 -0.559055 -0.007874

vn 0.960630 -0.267717 0.000000

vn 0.984252 -0.141732 -0.102362

vn 0.929134 -0.354331 -0.110236

vn 0.968504 -0.141732 -0.196850

vn 0.881890 -0.425197 -0.181102

vn 0.944882 -0.133858 -0.291339

vn 0.897638 -0.354331 -0.259843

vn 0.913386 -0.133858 -0.377953

vn 0.763780 -0.559055 -0.322835

vn 0.889764 -0.267717 -0.370079

vn 0.874016 -0.133858 -0.464567

vn 0.818898 -0.354331 -0.456693

vn 0.826772 -0.133858 -0.551181

vn 0.748031 -0.425197 -0.503937

vn 0.763780 -0.133858 -0.629921

vn 0.732283 -0.346457 -0.582677

vn 0.700787 -0.133858 -0.700787

vn 0.582677 -0.551181 -0.590551

vn 0.685039 -0.259843 -0.685039

vn 0.629921 -0.133858 -0.763780

vn 0.582677 -0.346457 -0.732283

vn 0.503937 -0.425197 -0.755906

vn 0.551181 -0.133858 -0.826772

vn 0.456693 -0.346457 -0.818898

vn 0.464567 -0.133858 -0.874016

vn 0.314961 -0.551181 -0.771654

vn 0.370079 -0.259843 -0.889764

vn 0.377953 -0.133858 -0.913386

vn 0.291339 -0.133858 -0.952756

vn 0.259843 -0.346457 -0.905512

vn 0.196850 -0.133858 -0.976378

vn 0.173228 -0.425197 -0.889764

vn 0.094488 -0.133858 -0.984252

vn 0.110236 -0.346457 -0.929134

vn 0.000000 -0.133858 -0.992126

vn 0.000000 -0.551181 -0.834646

vn 0.000000 -0.259843 -0.968504

vn -0.094488 -0.133858 -0.984252

vn -0.110236 -0.346457 -0.929134

vn -0.196850 -0.133858 -0.976378

vn -0.173228 -0.425197 -0.889764

vn -0.291339 -0.133858 -0.952756

vn -0.259843 -0.346457 -0.905512

vn -0.370079 -0.259843 -0.889764

vn -0.377953 -0.133858 -0.913386

vn -0.314961 -0.551181 -0.771654

vn -0.456693 -0.346457 -0.818898

vn -0.464567 -0.133858 -0.874016

vn -0.551181 -0.133858 -0.826772

vn -0.503937 -0.425197 -0.755906

vn -0.582677 -0.346457 -0.732283

vn -0.629921 -0.133858 -0.763780

vn -0.582677 -0.551181 -0.590551

vn -0.685039 -0.259843 -0.685039

vn -0.700787 -0.133858 -0.700787

vn -0.732283 -0.346457 -0.582677

vn -0.763780 -0.133858 -0.629921

vn -0.748031 -0.425197 -0.503937

vn -0.826772 -0.133858 -0.551181

vn -0.818898 -0.354331 -0.456693

vn -0.874016 -0.133858 -0.464567

vn -0.763780 -0.559055 -0.322835

vn -0.889764 -0.267717 -0.370079

vn -0.913386 -0.133858 -0.377953

vn -0.897638 -0.354331 -0.259843

vn -0.944882 -0.133858 -0.291339

vn -0.881890 -0.425197 -0.181102

vn -0.968504 -0.141732 -0.196850

vn -0.929134 -0.354331 -0.110236

vn -0.984252 -0.141732 -0.102362

vn -0.826772 -0.559055 -0.007874

vn -0.960630 -0.267717 0.000000

vn -0.992126 -0.141732 0.000000

vn -0.929134 -0.354331 0.102362

vn -0.763780 -0.559055 0.314961

vn -0.677165 -0.740157 -0.007874

vn -0.622047 -0.740157 0.251969

vn -0.480315 -0.740157 0.472441

vn -0.464567 -0.866142 0.181102

vn -0.354331 -0.866142 0.346457

vn -0.188976 -0.874016 0.456693

vn 0.000000 -0.874016 0.488189

vn -0.244094 -0.937008 0.236220

vn 0.259843 -0.740157 0.614173

vn -0.133858 -0.937008 0.314961

vn 0.480315 -0.740157 0.472441

vn -0.322835 -0.937008 0.125984

vn 0.622047 -0.740157 0.251969

vn 0.188976 -0.874016 0.456693

vn 0.354331 -0.866142 0.346457

vn 0.677165 -0.740157 -0.007874

vn 0.464567 -0.866142 0.181102

vn 0.622047 -0.732283 -0.267717

vn 0.496063 -0.866142 -0.007874

vn 0.322835 -0.937008 0.125984

vn 0.480315 -0.732283 -0.488189

vn 0.464567 -0.866142 -0.196850

vn 0.259843 -0.732283 -0.629921

vn 0.354331 -0.866142 -0.362205

vn 0.322835 -0.937008 -0.141732

vn 0.000000 -0.732283 -0.685039

vn 0.188976 -0.858268 -0.472441

vn 0.244094 -0.937008 -0.251969

vn -0.259843 -0.732283 -0.629921

vn 0.000000 -0.858268 -0.511811

vn -0.480315 -0.732283 -0.488189

vn -0.188976 -0.858268 -0.472441

vn -0.354331 -0.866142 -0.362205

vn -0.622047 -0.732283 -0.267717

vn -0.464567 -0.866142 -0.196850

vn -0.496063 -0.866142 -0.007874

vn -0.322835 -0.937008 -0.141732

vn -0.346457 -0.937008 -0.007874

vn -0.196850 -0.976378 0.070866

vn -0.244094 -0.937008 -0.251969

vn -0.196850 -0.976378 -0.094488

vn -0.133858 -0.937008 -0.330709

vn -0.149606 -0.976378 -0.157480

vn -0.078740 -0.976378 -0.204724

vn -0.062992 -0.992126 -0.070866

vn -0.212598 -0.976378 -0.007874

vn -0.086614 -0.992126 -0.047244

vn -0.031496 -0.992126 -0.094488

vn -0.094488 -0.992126 -0.007874

vn 0.000000 -0.976378 -0.220472

vn -0.086614 -1.000000 0.023622

vn 0.000000 -1.000000 -0.007874

vn -0.062992 -1.000000 0.055118

vn -0.149606 -0.976378 0.141732

vn -0.078740 -0.976378 0.188976

vn -0.031496 -1.000000 0.070866

vn 0.000000 -0.976378 0.204724

vn 0.000000 -0.937008 0.338583

vn 0.000000 -1.000000 0.078740

vn 0.133858 -0.937008 0.314961

vn 0.031496 -1.000000 0.070866

vn 0.078740 -0.976378 0.188976

vn 0.244094 -0.937008 0.236220

vn 0.062992 -1.000000 0.055118

vn 0.149606 -0.976378 0.141732

vn 0.196850 -0.976378 0.070866

vn 0.086614 -1.000000 0.023622

vn 0.346457 -0.937008 -0.007874

vn 0.212598 -0.976378 -0.007874

vn 0.094488 -0.992126 -0.007874

vn 0.196850 -0.976378 -0.094488

vn 0.086614 -0.992126 -0.047244

vn 0.149606 -0.976378 -0.157480

vn 0.062992 -0.992126 -0.070866

vn 0.078740 -0.976378 -0.204724

vn 0.031496 -0.992126 -0.094488

vn 0.000000 -0.992126 -0.102362

vn 0.133858 -0.937008 -0.330709

vn 0.000000 -0.937008 -0.354331

vn -0.322835 -0.543307 -0.779528

vn -0.440945 -0.330709 -0.834646

vn -0.362205 -0.330709 -0.874016

vn -0.275591 -0.330709 -0.905512

vn -0.370079 -0.629921 -0.685039

vn -0.519685 -0.330709 -0.787402

vn -0.212598 -0.629921 -0.748031

vn -0.409449 -0.677165 -0.614173

vn -0.141732 -0.677165 -0.724409

vn -0.181102 -0.330709 -0.929134

vn -0.220472 -0.818898 -0.535433

vn -0.086614 -0.629921 -0.771654

vn -0.094488 -0.330709 -0.937008

vn -0.480315 -0.629921 -0.606299

vn -0.598425 -0.330709 -0.732283

vn 0.000000 -0.543307 -0.842520

vn 0.000000 -0.330709 -0.944882

vn -0.590551 -0.543307 -0.598425

vn -0.669291 -0.330709 -0.669291

vn 0.086614 -0.629921 -0.771654

vn 0.094488 -0.330709 -0.937008

vn 0.000000 -0.818898 -0.574803

vn 0.141732 -0.677165 -0.724409

vn 0.181102 -0.330709 -0.929134

vn 0.212598 -0.629921 -0.748031

vn 0.275591 -0.330709 -0.905512

vn 0.220472 -0.818898 -0.535433

vn 0.322835 -0.543307 -0.779528

vn 0.362205 -0.330709 -0.874016

vn 0.440945 -0.330709 -0.834646

vn 0.370079 -0.629921 -0.685039

vn 0.519685 -0.330709 -0.787402

vn 0.409449 -0.677165 -0.614173

vn 0.598425 -0.330709 -0.732283

vn 0.480315 -0.629921 -0.606299

vn 0.590551 -0.543307 -0.598425

vn 0.669291 -0.330709 -0.669291

vn 0.724409 -0.330709 -0.598425

vn 0.401575 -0.818898 -0.409449

vn 0.606299 -0.629921 -0.488189

vn 0.779528 -0.330709 -0.527559

vn 0.606299 -0.677165 -0.409449

vn 0.826772 -0.330709 -0.448819

vn 0.677165 -0.629921 -0.377953

vn 0.866142 -0.330709 -0.362205

vn 0.527559 -0.818898 -0.228346

vn 0.771654 -0.543307 -0.322835

vn 0.897638 -0.330709 -0.275591

vn 0.740157 -0.629921 -0.220472

vn 0.921260 -0.338583 -0.188976

vn 0.716535 -0.685039 -0.149606

vn 0.937008 -0.338583 -0.094488

vn 0.763780 -0.637795 -0.094488

vn 0.834646 -0.551181 -0.007874

vn 0.944882 -0.338583 0.000000

vn 0.937008 -0.338583 0.086614

vn 0.566929 -0.826772 -0.007874

vn 0.763780 -0.637795 0.078740

vn 0.921260 -0.338583 0.181102

vn 0.716535 -0.685039 0.133858

vn 0.897638 -0.338583 0.267717

vn 0.740157 -0.637795 0.204724

vn 0.866142 -0.338583 0.354331

vn 0.771654 -0.551181 0.314961

vn 0.826772 -0.338583 0.440945

vn 0.527559 -0.826772 0.212598

vn 0.677165 -0.637795 0.370079

vn 0.779528 -0.346457 0.519685

vn 0.606299 -0.685039 0.401575

vn 0.724409 -0.346457 0.590551

vn 0.606299 -0.637795 0.472441

vn 0.590551 -0.551181 0.582677

vn 0.669291 -0.346457 0.661417

vn 0.598425 -0.346457 0.724409

vn 0.401575 -0.826772 0.393701

vn 0.480315 -0.637795 0.598425

vn 0.409449 -0.692913 0.598425

vn 0.519685 -0.346457 0.779528

vn 0.370079 -0.645669 0.669291

vn 0.440945 -0.346457 0.826772

vn 0.220472 -0.826772 0.519685

vn 0.322835 -0.559055 0.763780

vn 0.362205 -0.346457 0.866142

vn 0.275591 -0.346457 0.897638

vn 0.212598 -0.645669 0.732283

vn 0.141732 -0.692913 0.708661

vn 0.181102 -0.346457 0.921260

vn 0.086614 -0.645669 0.763780

vn 0.094488 -0.346457 0.937008

vn 0.000000 -0.826772 0.559055

vn 0.000000 -0.559055 0.826772

vn 0.000000 -0.346457 0.937008

vn -0.094488 -0.346457 0.937008

vn -0.086614 -0.645669 0.763780

vn -0.181102 -0.346457 0.921260

vn -0.141732 -0.692913 0.708661

vn -0.275591 -0.346457 0.897638

vn -0.212598 -0.645669 0.732283

vn -0.322835 -0.559055 0.763780

vn -0.362205 -0.346457 0.866142

vn -0.440945 -0.346457 0.826772

vn -0.220472 -0.826772 0.519685

vn -0.370079 -0.645669 0.669291

vn -0.519685 -0.346457 0.779528

vn -0.409449 -0.692913 0.598425

vn -0.598425 -0.346457 0.724409

vn -0.480315 -0.637795 0.598425

vn -0.590551 -0.551181 0.582677

vn -0.669291 -0.346457 0.661417

vn -0.724409 -0.346457 0.590551

vn -0.401575 -0.826772 0.393701

vn -0.606299 -0.637795 0.472441

vn -0.606299 -0.685039 0.401575

vn -0.779528 -0.346457 0.519685

vn -0.677165 -0.637795 0.370079

vn -0.826772 -0.338583 0.440945

vn -0.527559 -0.826772 0.212598

vn -0.771654 -0.551181 0.314961

vn -0.866142 -0.338583 0.354331

vn -0.740157 -0.637795 0.204724

vn -0.897638 -0.338583 0.267717

vn -0.716535 -0.685039 0.133858

vn -0.921260 -0.338583 0.181102

vn -0.763780 -0.637795 0.078740

vn -0.937008 -0.338583 0.086614

vn -0.566929 -0.826772 -0.007874

vn -0.834646 -0.551181 -0.007874

vn -0.944882 -0.338583 0.000000

vn -0.937008 -0.338583 -0.094488

vn -0.763780 -0.637795 -0.094488

vn -0.716535 -0.685039 -0.149606

vn -0.921260 -0.338583 -0.188976

vn -0.740157 -0.629921 -0.220472

vn -0.897638 -0.330709 -0.275591

vn -0.527559 -0.818898 -0.228346

vn -0.771654 -0.543307 -0.322835

vn -0.866142 -0.330709 -0.362205

vn -0.677165 -0.629921 -0.377953

vn -0.826772 -0.330709 -0.448819

vn -0.606299 -0.677165 -0.409449

vn -0.779528 -0.330709 -0.527559

vn -0.606299 -0.629921 -0.488189

vn -0.724409 -0.330709 -0.598425

vn -0.401575 -0.818898 -0.409449

vn -0.377953 -0.913386 -0.165354

vn -0.291339 -0.913386 -0.299213

vn -0.157480 -0.905512 -0.385827

vn -0.173228 -0.968504 -0.188976

vn -0.409449 -0.913386 -0.007874

vn 0.000000 -0.905512 -0.417323

vn -0.377953 -0.913386 0.149606

vn 0.157480 -0.905512 -0.385827

vn -0.291339 -0.913386 0.275591

vn 0.291339 -0.913386 -0.299213

vn -0.157480 -0.913386 0.370079

vn 0.377953 -0.913386 -0.165354

vn 0.000000 -0.913386 0.401575

vn 0.409449 -0.913386 -0.007874

vn 0.157480 -0.913386 0.370079

vn 0.291339 -0.913386 0.275591

vn 0.377953 -0.913386 0.149606

vn 0.173228 -0.968504 0.165354

vn 0.228346 -0.968504 0.086614

vn 0.251969 -0.968504 -0.007874

vn 0.118110 -0.992126 0.039370

vn 0.228346 -0.968504 -0.102362

vn 0.125984 -0.992126 -0.007874

vn 0.173228 -0.968504 -0.188976

vn 0.118110 -0.992126 -0.055118

vn 0.094488 -0.968504 -0.236220

vn 0.086614 -0.992126 -0.094488

vn 0.047244 -0.992126 -0.125984

vn 0.000000 -0.968504 -0.259843

vn 0.000000 -0.992126 -0.133858

vn -0.094488 -0.968504 -0.236220

vn -0.047244 -0.992126 -0.125984

vn 0.000000 -1.000000 -0.062992

vn 0.015748 -1.000000 -0.055118

vn -0.015748 -1.000000 -0.055118

vn 0.031496 -1.000000 -0.047244

vn -0.086614 -0.992126 -0.094488

vn 0.047244 -1.000000 -0.031496

vn 0.000000 -1.000000 -0.007874

vn 0.047244 -1.000000 -0.007874

vn 0.047244 -1.000000 0.007874

vn 0.086614 -0.992126 0.078740

vn 0.031496 -1.000000 0.023622

vn 0.094488 -0.968504 0.220472

vn 0.047244 -0.992126 0.102362

vn 0.000000 -0.968504 0.236220

vn 0.015748 -1.000000 0.039370

vn 0.000000 -0.992126 0.118110

vn 0.000000 -1.000000 0.039370

vn -0.047244 -0.992126 0.102362

vn -0.015748 -1.000000 0.039370

vn -0.094488 -0.968504 0.220472

vn -0.086614 -0.992126 0.078740

vn -0.173228 -0.968504 0.165354

vn -0.031496 -1.000000 0.023622

vn -0.228346 -0.968504 0.086614

vn -0.118110 -0.992126 0.039370

vn -0.251969 -0.968504 -0.007874

vn -0.047244 -1.000000 0.007874

vn -0.228346 -0.968504 -0.102362

vn -0.125984 -0.992126 -0.007874

vn -0.118110 -0.992126 -0.055118

vn -0.047244 -1.000000 -0.007874

vn -0.047244 -1.000000 -0.031496

vn -0.031496 -1.000000 -0.047244

vn 0.377953 -0.133858 -0.913386

vn 0.464567 -0.133858 -0.874016

vn 0.456693 -0.346457 -0.818898

vn 0.551181 -0.133858 -0.826772

vn 0.370079 -0.259843 -0.889764

vn 0.291339 -0.133858 -0.952756

vn 0.503937 -0.425197 -0.755906

vn 0.259843 -0.346457 -0.905512

vn 0.314961 -0.551181 -0.771654

vn 0.173228 -0.425197 -0.889764

vn 0.196850 -0.133858 -0.976378

vn 0.582677 -0.346457 -0.732283

vn 0.629921 -0.133858 -0.763780

vn 0.110236 -0.346457 -0.929134

vn 0.094488 -0.133858 -0.984252

vn 0.685039 -0.259843 -0.685039

vn 0.700787 -0.133858 -0.700787

vn 0.000000 -0.259843 -0.968504

vn 0.000000 -0.133858 -0.992126

vn 0.000000 -0.551181 -0.834646

vn -0.110236 -0.346457 -0.929134

vn -0.094488 -0.133858 -0.984252

vn -0.173228 -0.425197 -0.889764

vn -0.196850 -0.133858 -0.976378

vn -0.259843 -0.346457 -0.905512

vn -0.291339 -0.133858 -0.952756

vn -0.314961 -0.551181 -0.771654

vn -0.370079 -0.259843 -0.889764

vn -0.377953 -0.133858 -0.913386

vn -0.464567 -0.133858 -0.874016

vn -0.456693 -0.346457 -0.818898

vn -0.551181 -0.133858 -0.826772

vn -0.503937 -0.425197 -0.755906

vn -0.629921 -0.133858 -0.763780

vn -0.582677 -0.346457 -0.732283

vn -0.685039 -0.259843 -0.685039

vn -0.700787 -0.133858 -0.700787

vn -0.582677 -0.551181 -0.590551

vn -0.732283 -0.346457 -0.582677

vn -0.763780 -0.133858 -0.629921

vn -0.748031 -0.425197 -0.503937

vn -0.826772 -0.133858 -0.551181

vn -0.818898 -0.354331 -0.456693

vn -0.874016 -0.133858 -0.464567

vn -0.763780 -0.559055 -0.322835

vn -0.889764 -0.267717 -0.370079

vn -0.913386 -0.133858 -0.377953

vn -0.897638 -0.354331 -0.259843

vn -0.944882 -0.133858 -0.291339

vn -0.881890 -0.425197 -0.181102

vn -0.968504 -0.141732 -0.196850

vn -0.929134 -0.354331 -0.110236

vn -0.984252 -0.141732 -0.102362

vn -0.826772 -0.559055 -0.007874

vn -0.960630 -0.267717 0.000000

vn -0.992126 -0.141732 0.000000

vn -0.929134 -0.354331 0.102362

vn -0.984252 -0.141732 0.094488

vn -0.881890 -0.433071 0.173228

vn -0.968504 -0.141732 0.188976

vn -0.897638 -0.354331 0.251969

vn -0.944882 -0.141732 0.283465

vn -0.763780 -0.559055 0.314961

vn -0.889764 -0.275591 0.362205

vn -0.913386 -0.141732 0.377953

vn -0.818898 -0.362205 0.448819

vn -0.874016 -0.141732 0.464567

vn -0.748031 -0.433071 0.496063

vn -0.826772 -0.149606 0.551181

vn -0.763780 -0.149606 0.629921

vn -0.732283 -0.362205 0.574803

vn -0.700787 -0.149606 0.700787

vn -0.685039 -0.275591 0.677165

vn -0.629921 -0.149606 0.763780

vn -0.582677 -0.566929 0.582677

vn -0.582677 -0.362205 0.732283

vn -0.503937 -0.440945 0.748031

vn -0.551181 -0.149606 0.818898

vn -0.456693 -0.362205 0.811024

vn -0.464567 -0.149606 0.874016

vn -0.314961 -0.566929 0.763780

vn -0.370079 -0.275591 0.889764

vn -0.377953 -0.149606 0.913386

vn -0.259843 -0.362205 0.897638

vn -0.291339 -0.149606 0.944882

vn -0.173228 -0.440945 0.881890

vn -0.196850 -0.149606 0.968504

vn -0.110236 -0.362205 0.921260

vn -0.094488 -0.149606 0.984252

vn 0.000000 -0.566929 0.826772

vn 0.000000 -0.275591 0.960630

vn 0.000000 -0.149606 0.992126

vn 0.094488 -0.149606 0.984252

vn 0.110236 -0.362205 0.921260

vn 0.196850 -0.149606 0.968504

vn 0.173228 -0.440945 0.881890

vn 0.291339 -0.149606 0.944882

vn 0.259843 -0.362205 0.897638

vn 0.377953 -0.149606 0.913386

vn 0.314961 -0.566929 0.763780

vn 0.370079 -0.275591 0.889764

vn 0.464567 -0.149606 0.874016

vn 0.456693 -0.362205 0.811024

vn 0.551181 -0.149606 0.818898

vn 0.503937 -0.440945 0.748031

vn 0.629921 -0.149606 0.763780

vn 0.582677 -0.362205 0.732283

vn 0.685039 -0.275591 0.677165

vn 0.700787 -0.149606 0.700787

vn 0.582677 -0.566929 0.582677

vn 0.732283 -0.362205 0.574803

vn 0.763780 -0.149606 0.629921

vn 0.826772 -0.149606 0.551181

vn 0.748031 -0.433071 0.496063

vn 0.874016 -0.141732 0.464567

vn 0.818898 -0.362205 0.448819

vn 0.913386 -0.141732 0.377953

vn 0.763780 -0.559055 0.314961

vn 0.889764 -0.275591 0.362205

vn 0.944882 -0.141732 0.283465

vn 0.897638 -0.354331 0.251969

vn 0.968504 -0.141732 0.188976

vn 0.881890 -0.433071 0.173228

vn 0.984252 -0.141732 0.094488

vn 0.929134 -0.354331 0.102362

vn 0.992126 -0.141732 0.000000

vn 0.826772 -0.559055 -0.007874

vn 0.960630 -0.267717 0.000000

vn 0.984252 -0.141732 -0.102362

vn 0.929134 -0.354331 -0.110236

vn 0.968504 -0.141732 -0.196850

vn 0.881890 -0.425197 -0.181102

vn 0.944882 -0.133858 -0.291339

vn 0.897638 -0.354331 -0.259843

vn 0.913386 -0.133858 -0.377953

vn 0.763780 -0.559055 -0.322835

vn 0.889764 -0.267717 -0.370079

vn 0.874016 -0.133858 -0.464567

vn 0.818898 -0.354331 -0.456693

vn 0.826772 -0.133858 -0.551181

vn 0.748031 -0.425197 -0.503937

vn 0.763780 -0.133858 -0.629921

vn 0.732283 -0.346457 -0.582677

vn 0.582677 -0.551181 -0.590551

vn 0.480315 -0.732283 -0.488189

vn 0.259843 -0.732283 -0.629921

vn 0.622047 -0.732283 -0.267717

vn 0.354331 -0.866142 -0.362205

vn 0.000000 -0.732283 -0.685039

vn 0.188976 -0.858268 -0.472441

vn -0.259843 -0.732283 -0.629921

vn 0.000000 -0.858268 -0.511811

vn -0.480315 -0.732283 -0.488189

vn -0.188976 -0.858268 -0.472441

vn -0.354331 -0.866142 -0.362205

vn -0.622047 -0.732283 -0.267717

vn -0.244094 -0.937008 -0.251969

vn -0.677165 -0.740157 -0.007874

vn -0.464567 -0.866142 -0.196850

vn -0.622047 -0.740157 0.251969

vn -0.496063 -0.866142 -0.007874

vn -0.464567 -0.866142 0.181102

vn -0.322835 -0.937008 -0.141732

vn -0.322835 -0.937008 0.125984

vn -0.354331 -0.866142 0.346457

vn -0.480315 -0.740157 0.472441

vn -0.259843 -0.740157 0.614173

vn -0.188976 -0.874016 0.456693

vn 0.000000 -0.748031 0.669291

vn 0.000000 -0.874016 0.488189

vn 0.259843 -0.740157 0.614173

vn 0.480315 -0.740157 0.472441

vn 0.188976 -0.874016 0.456693

vn 0.622047 -0.740157 0.251969

vn 0.354331 -0.866142 0.346457

vn 0.677165 -0.740157 -0.007874

vn 0.464567 -0.866142 0.181102

vn 0.496063 -0.866142 -0.007874

vn 0.464567 -0.866142 -0.196850

vn 0.322835 -0.937008 0.125984

vn 0.322835 -0.937008 -0.141732

vn 0.346457 -0.937008 -0.007874

vn 0.244094 -0.937008 0.236220

vn 0.196850 -0.976378 0.070866

vn 0.133858 -0.937008 0.314961

vn 0.149606 -0.976378 0.141732

vn 0.000000 -0.937008 0.338583

vn 0.078740 -0.976378 0.188976

vn -0.133858 -0.937008 0.314961

vn 0.000000 -0.976378 0.204724

vn -0.244094 -0.937008 0.236220

vn -0.078740 -0.976378 0.188976

vn -0.196850 -0.976378 0.070866

vn -0.149606 -0.976378 0.141732

vn -0.062992 -1.000000 0.055118

vn -0.031496 -1.000000 0.070866

vn 0.000000 -1.000000 0.078740

vn 0.031496 -1.000000 0.070866

vn 0.000000 -1.000000 -0.007874

vn 0.062992 -1.000000 0.055118

vn 0.086614 -1.000000 0.023622

vn 0.212598 -0.976378 -0.007874

vn 0.094488 -0.992126 -0.007874

vn 0.196850 -0.976378 -0.094488

vn 0.086614 -0.992126 -0.047244

vn 0.062992 -0.992126 -0.070866

vn 0.149606 -0.976378 -0.157480

vn 0.244094 -0.937008 -0.251969

vn 0.078740 -0.976378 -0.204724

vn 0.133858 -0.937008 -0.330709

vn 0.031496 -0.992126 -0.094488

vn 0.000000 -0.976378 -0.220472

vn 0.000000 -0.937008 -0.354331

vn -0.133858 -0.937008 -0.330709

vn 0.000000 -0.992126 -0.102362

vn -0.078740 -0.976378 -0.204724

vn -0.031496 -0.992126 -0.094488

vn -0.149606 -0.976378 -0.157480

vn -0.062992 -0.992126 -0.070866

vn -0.086614 -0.992126 -0.047244

vn -0.196850 -0.976378 -0.094488

vn -0.346457 -0.937008 -0.007874

vn -0.212598 -0.976378 -0.007874

vn -0.086614 -1.000000 0.023622

vn -0.094488 -0.992126 -0.007874

f 1/1/1 2/2/2 3/3/3

f 1/1/1 4/4/4 2/2/2

f 5/5/5 6/6/6 7/7/7

f 5/5/5 8/8/8 6/6/6

f 9/9/9 10/10/10 11/11/11

f 9/9/9 12/12/12 10/10/10

f 13/13/13 14/14/14 15/15/15

f 13/13/13 16/16/16 14/14/14

f 17/17/17 18/18/18 19/19/19

f 17/17/17 20/20/20 18/18/18

f 21/21/21 22/22/22 23/23/23

f 21/21/21 24/24/24 22/22/22

f 25/25/25 26/26/26 27/27/27

f 25/25/25 28/28/28 26/26/26

f 29/29/29 30/30/30 31/31/31

f 29/29/29 32/32/32 30/30/30

f 33/33/33 34/34/34 35/35/35

f 33/33/33 36/36/36 34/34/34

f 37/37/37 38/38/38 39/39/39

f 37/37/37 40/40/40 38/38/38

f 41/41/41 42/42/42 43/43/43

f 41/41/41 44/44/44 42/42/42

f 45/45/45 46/46/46 47/47/47

f 45/45/45 48/48/48 46/46/46

f 49/49/49 50/50/50 51/51/51

f 49/49/49 52/52/52 50/50/50

f 53/53/53 54/54/54 55/55/55

f 53/53/53 56/56/56 54/54/54

f 57/57/57 58/58/58 59/59/59

f 57/57/57 60/60/60 58/58/58

f 61/61/61 62/62/62 63/63/63

f 61/61/61 64/64/64 62/62/62

f 65/65/65 66/66/66 67/67/67

f 65/65/65 68/68/68 66/66/66

f 69/69/69 70/70/70 71/71/71

f 69/69/69 72/72/72 70/70/70

f 73/73/73 74/74/74 75/75/75

f 73/73/73 76/76/76 74/74/74

f 77/77/77 78/78/78 79/79/79

f 77/77/77 80/80/80 78/78/78

f 81/81/81 82/82/82 83/83/83

f 81/81/81 84/84/84 82/82/82

f 85/85/85 86/86/86 87/87/87

f 85/85/85 88/88/88 86/86/86

f 89/89/89 90/90/90 91/91/91

f 89/89/89 92/92/92 90/90/90

f 93/93/93 94/94/94 95/95/95

f 93/93/93 96/96/96 94/94/94

f 97/97/97 98/98/98 99/99/99

f 97/97/97 100/100/100 98/98/98

f 101/101/101 102/102/102 103/103/103

f 101/101/101 104/104/104 102/102/102

f 105/105/105 106/106/106 107/107/107

f 105/105/105 108/108/108 106/106/106

f 109/109/109 110/110/110 111/111/111

f 109/109/109 112/112/112 110/110/110

f 113/113/113 114/114/114 115/115/115

f 113/113/113 116/116/116 114/114/114

f 117/117/117 118/118/118 119/119/119

f 117/117/117 120/120/120 118/118/118

f 121/121/121 122/122/122 123/123/123

f 121/121/121 124/124/124 122/122/122

f 125/125/125 126/126/126 127/127/127

f 125/125/125 128/128/128 126/126/126

f 129/129/129 130/130/130 131/131/131

f 129/129/129 132/132/132 130/130/130

f 133/133/133 134/134/134 135/135/135

f 133/133/133 136/136/136 134/134/134

f 137/137/137 138/138/138 139/139/139

f 137/137/137 140/140/140 138/138/138

f 141/141/141 142/142/142 143/143/143

f 141/141/141 144/144/144 142/142/142

f 145/145/145 146/146/146 147/147/147

f 145/145/145 148/148/148 146/146/146

f 149/149/149 150/150/150 151/151/151

f 149/149/149 152/152/152 150/150/150

f 153/153/153 154/154/154 155/155/155

f 153/153/153 156/156/156 154/154/154

f 157/157/157 158/158/158 159/159/159

f 157/157/157 160/160/160 158/158/158

f 161/161/161 162/162/162 163/163/163

f 161/161/161 164/164/164 162/162/162

f 165/165/165 166/166/166 167/167/167

f 165/165/165 168/168/168 166/166/166

f 169/169/169 170/170/170 171/171/171

f 169/169/169 172/172/172 170/170/170

f 173/173/173 174/174/174 175/175/175

f 173/173/173 176/176/176 174/174/174

f 177/177/177 178/178/178 179/179/179

f 177/177/177 180/180/180 178/178/178

f 181/181/181 182/182/182 183/183/183

f 181/181/181 184/184/184 182/182/182

f 185/185/185 186/186/186 187/187/187

f 185/185/185 188/188/188 186/186/186

f 189/189/189 190/190/190 191/191/191

f 189/189/189 192/192/192 190/190/190

f 193/193/193 194/194/194 195/195/195

f 193/193/193 196/196/196 194/194/194

f 197/197/197 198/198/198 199/199/199

f 197/197/197 200/200/200 198/198/198

f 201/201/201 202/202/202 203/203/203

f 201/201/201 204/204/204 202/202/202

f 205/205/205 206/206/206 207/207/207

f 205/205/205 208/208/208 206/206/206

f 209/209/209 210/210/210 211/211/211

f 209/209/209 212/212/212 210/210/210

f 213/213/213 214/214/214 215/215/215

f 213/213/213 216/216/216 214/214/214

f 217/217/217 218/218/218 219/219/219

f 217/217/217 220/220/220 218/218/218

f 221/221/221 222/222/222 223/223/223

f 221/221/221 224/224/224 222/222/222

f 225/225/225 226/226/226 227/227/227

f 225/225/225 228/228/228 226/226/226

f 229/229/229 230/230/230 231/231/231

f 229/229/229 232/232/232 230/230/230

f 233/233/233 234/234/234 235/235/235

f 233/233/233 236/236/236 234/234/234

f 237/237/237 238/238/238 239/239/239

f 237/237/237 240/240/240 238/238/238

f 241/241/241 242/242/242 243/243/243

f 241/241/241 244/244/244 242/242/242

f 245/245/245 246/246/246 247/247/247

f 245/245/245 248/248/248 246/246/246

f 249/249/249 250/250/250 251/251/251

f 249/249/249 252/252/252 250/250/250

f 253/253/253 254/254/254 255/255/255

f 253/253/253 256/256/256 254/254/254

f 257/257/257 258/258/258 259/259/259

f 257/257/257 260/260/260 258/258/258

f 261/261/261 262/262/262 263/263/263

f 261/261/261 264/264/264 262/262/262

f 265/265/265 266/266/266 267/267/267

f 265/265/265 268/268/268 266/266/266

f 269/269/269 270/270/270 271/271/271

f 269/269/269 272/272/272 270/270/270

f 273/273/273 274/274/274 275/275/275

f 273/273/273 276/276/276 274/274/274

f 277/277/277 278/278/278 279/279/279

f 277/277/277 280/280/280 278/278/278

f 281/281/281 282/282/282 283/283/283

f 281/281/281 284/284/284 282/282/282

f 285/285/285 286/286/286 287/287/287

f 285/285/285 288/288/288 286/286/286

f 289/289/289 290/290/290 291/291/291

f 289/289/289 292/292/292 290/290/290

f 293/293/293 294/294/294 295/295/295

f 293/293/293 296/296/296 294/294/294

f 297/297/297 298/298/298 299/299/299

f 297/297/297 300/300/300 298/298/298

f 301/301/301 302/302/302 303/303/303

f 301/301/301 304/304/304 302/302/302

f 305/305/305 306/306/306 307/307/307

f 305/305/305 308/308/308 306/306/306

f 309/309/309 310/310/310 311/311/311

f 309/309/309 312/312/312 310/310/310

f 313/313/313 314/314/314 315/315/315

f 313/313/313 316/316/316 314/314/314

f 317/317/317 318/318/318 319/319/319

f 317/317/317 320/320/320 318/318/318

f 321/321/321 322/322/322 323/323/323

f 321/321/321 324/324/324 322/322/322

f 325/325/325 326/326/326 327/327/327

f 325/325/325 328/328/328 326/326/326

f 329/329/329 330/330/330 331/331/331

f 329/329/329 332/332/332 330/330/330

f 333/333/333 334/334/334 335/335/335

f 333/333/333 336/336/336 334/334/334

f 337/337/337 338/338/338 339/339/339

f 337/337/337 340/340/340 338/338/338

f 341/341/341 342/342/342 343/343/343

f 341/341/341 344/344/344 342/342/342

f 345/345/345 346/346/346 347/347/347

f 345/345/345 348/348/348 346/346/346

f 349/349/349 350/350/350 351/351/351

f 349/349/349 352/352/352 350/350/350

f 353/353/353 354/354/354 355/355/355

f 353/353/353 356/356/356 354/354/354

f 357/357/357 358/358/358 359/359/359

f 357/357/357 360/360/360 358/358/358

f 361/361/361 362/362/362 363/363/363

f 361/361/361 364/364/364 362/362/362

f 365/365/365 366/366/366 367/367/367

f 365/365/365 368/368/368 366/366/366

f 369/369/369 370/370/370 371/371/371

f 369/369/369 372/372/372 370/370/370

f 373/373/373 374/374/374 375/375/375

f 373/373/373 376/376/376 374/374/374

f 377/377/377 378/378/378 379/379/379

f 377/377/377 380/380/380 378/378/378

f 381/381/381 382/382/382 383/383/383

f 381/381/381 384/384/384 382/382/382

f 385/385/385 386/386/386 387/387/387

f 385/385/385 388/388/388 386/386/386

f 389/389/389 390/390/390 391/391/391

f 389/389/389 392/392/392 390/390/390

f 393/393/393 394/394/394 395/395/395

f 393/393/393 396/396/396 394/394/394

f 397/397/397 398/398/398 399/399/399

f 397/397/397 400/400/400 398/398/398

f 401/401/401 402/402/402 403/403/403

f 401/401/401 404/404/404 402/402/402

f 405/405/405 406/406/406 407/407/407

f 405/405/405 408/408/408 406/406/406

f 409/409/409 410/410/410 411/411/411

f 409/409/409 412/412/412 410/410/410

f 413/413/413 414/414/414 415/415/415

f 413/413/413 416/416/416 414/414/414

f 417/417/417 418/418/418 419/419/419

f 417/417/417 420/420/420 418/418/418

f 421/421/421 422/422/422 423/423/423

f 421/421/421 424/424/424 422/422/422

f 425/425/425 426/426/426 427/427/427

f 425/425/425 428/428/428 426/426/426

f 429/429/429 430/430/430 431/431/431

f 429/429/429 432/432/432 430/430/430

f 433/433/433 434/434/434 435/435/435

f 433/433/433 436/436/436 434/434/434

f 437/437/437 438/438/438 439/439/439

f 437/437/437 440/440/440 438/438/438

f 441/441/441 442/442/442 443/443/443

f 441/441/441 444/444/444 442/442/442

f 445/445/445 446/446/446 447/447/447

f 445/445/445 448/448/448 446/446/446

f 449/449/449 450/450/450 451/451/451

f 449/449/449 452/452/452 450/450/450

f 453/453/453 454/454/454 455/455/455

f 453/453/453 456/456/456 454/454/454

f 457/457/457 458/458/458 459/459/459

f 457/457/457 460/460/460 458/458/458

f 461/461/461 462/462/462 463/463/463

f 461/461/461 464/464/464 462/462/462

f 465/465/465 466/466/466 467/467/467

f 465/465/465 468/468/468 466/466/466

f 469/469/469 470/470/470 471/471/471

f 469/469/469 472/472/472 470/470/470

f 473/473/473 474/474/474 475/475/475

f 473/473/473 476/476/476 474/474/474

f 477/477/477 478/478/478 479/479/479

f 477/477/477 480/480/480 478/478/478

f 481/481/481 482/482/482 483/483/483

f 481/481/481 484/484/484 482/482/482

f 485/485/485 486/486/486 487/487/487

f 485/485/485 488/488/488 486/486/486

f 489/489/489 490/490/490 491/491/491

f 489/489/489 492/492/492 490/490/490

f 493/493/493 494/494/494 495/495/495

f 493/493/493 496/496/496 494/494/494

f 497/497/497 498/498/498 499/499/499

f 497/497/497 500/500/500 498/498/498

f 501/501/501 502/502/502 503/503/503

f 501/501/501 504/504/504 502/502/502

f 505/505/505 506/506/506 507/507/507

f 505/505/505 508/508/508 506/506/506

f 509/509/509 510/510/510 511/511/511

f 509/509/509 512/512/512 510/510/510

f 513/513/513 514/514/514 515/515/515

f 513/513/513 516/516/516 514/514/514

f 517/517/517 518/518/518 519/519/519

f 517/517/517 520/520/520 518/518/518

f 521/521/521 522/522/522 523/523/523

f 521/521/521 524/524/524 522/522/522

f 525/525/525 526/526/526 527/527/527

f 525/525/525 528/528/528 526/526/526

f 529/529/529 530/530/530 531/531/531

f 529/529/529 532/532/532 530/530/530

f 533/533/533 534/534/534 535/535/535

f 533/533/533 536/536/536 534/534/534

f 537/537/537 538/538/538 539/539/539

f 537/537/537 540/540/540 538/538/538

f 541/541/541 542/542/542 543/543/543

f 541/541/541 544/544/544 542/542/542

f 545/545/545 546/546/546 547/547/547

f 545/545/545 548/548/548 546/546/546

f 549/549/549 550/550/550 551/551/551

f 549/549/549 552/552/552 550/550/550

f 553/553/553 554/554/554 555/555/555

f 553/553/553 556/556/556 554/554/554

f 557/557/557 558/558/558 559/559/559

f 557/557/557 560/560/560 558/558/558

f 561/561/561 562/562/562 563/563/563

f 561/561/561 564/564/564 562/562/562

f 565/565/565 566/566/566 567/567/567

f 565/565/565 568/568/568 566/566/566

f 569/569/569 570/570/570 571/571/571

f 569/569/569 572/572/572 570/570/570

f 573/573/573 574/574/574 575/575/575

f 573/573/573 576/576/576 574/574/574

f 577/577/577 578/578/578 579/579/579

f 577/577/577 580/580/580 578/578/578

f 581/581/581 582/582/582 583/583/583

f 581/581/581 584/584/584 582/582/582

f 585/585/585 586/586/586 587/587/587

f 585/585/585 588/588/588 586/586/586

f 589/589/589 590/590/590 591/591/591

f 589/589/589 592/592/592 590/590/590

f 593/593/593 594/594/594 595/595/595

f 593/593/593 596/596/596 594/594/594

f 597/597/597 598/598/598 599/599/599

f 597/597/597 600/600/600 598/598/598

f 601/601/601 602/602/602 603/603/603

f 601/601/601 604/604/604 602/602/602

f 605/605/605 606/606/606 607/607/607

f 605/605/605 608/608/608 606/606/606

f 609/609/609 610/610/610 611/611/611

f 609/609/609 612/612/612 610/610/610

f 613/613/613 614/614/614 615/615/615

f 613/613/613 616/616/616 614/614/614

f 617/617/617 618/618/618 619/619/619

f 617/617/617 620/620/620 618/618/618

f 621/621/621 622/622/622 623/623/623

f 621/621/621 624/624/624 622/622/622

f 625/625/625 626/626/626 627/627/627

f 625/625/625 628/628/628 626/626/626

f 629/629/629 630/630/630 631/631/631

f 629/629/629 632/632/632 630/630/630

f 633/633/633 634/634/634 635/635/635

f 633/633/633 636/636/636 634/634/634

f 637/637/637 638/638/638 639/639/639

f 637/637/637 640/640/640 638/638/638

f 641/641/641 642/642/642 643/643/643

f 641/641/641 644/644/644 642/642/642

f 645/645/645 646/646/646 647/647/647

f 645/645/645 648/648/648 646/646/646

f 649/649/649 650/650/650 651/651/651

f 649/649/649 652/652/652 650/650/650

f 653/653/653 654/654/654 655/655/655

f 653/653/653 656/656/656 654/654/654

f 657/657/657 658/658/658 659/659/659

f 657/657/657 660/660/660 658/658/658

f 661/661/661 662/662/662 663/663/663

f 661/661/661 664/664/664 662/662/662

f 665/665/665 666/666/666 667/667/667

f 665/665/665 668/668/668 666/666/666

f 669/669/669 670/670/670 671/671/671

f 669/669/669 672/672/672 670/670/670

f 673/673/673 674/674/674 675/675/675

f 673/673/673 676/676/676 674/674/674

f 677/677/677 678/678/678 679/679/679

f 677/677/677 680/680/680 678/678/678

f 681/681/681 682/682/682 683/683/683

f 681/681/681 684/684/684 682/682/682

f 685/685/685 686/686/686 687/687/687

f 685/685/685 688/688/688 686/686/686

f 689/689/689 690/690/690 691/691/691

f 689/689/689 692/692/692 690/690/690

f 693/693/693 694/694/694 695/695/695

f 693/693/693 696/696/696 694/694/694

f 697/697/697 698/698/698 699/699/699

f 697/697/697 700/700/700 698/698/698

f 701/701/701 702/702/702 703/703/703

f 701/701/701 704/704/704 702/702/702

f 705/705/705 706/706/706 707/707/707

f 705/705/705 708/708/708 706/706/706

f 709/709/709 710/710/710 711/711/711

f 709/709/709 712/712/712 710/710/710

f 713/713/713 714/714/714 715/715/715

f 713/713/713 716/716/716 714/714/714

f 717/717/717 718/718/718 719/719/719

f 717/717/717 720/720/720 718/718/718

f 721/721/721 722/722/722 723/723/723

f 721/721/721 724/724/724 722/722/722

f 725/725/725 726/726/726 727/727/727

f 725/725/725 728/728/728 726/726/726

f 729/729/729 730/730/730 731/731/731

f 729/729/729 732/732/732 730/730/730

f 733/733/733 734/734/734 735/735/735

f 733/733/733 736/736/736 734/734/734

f 737/737/737 738/738/738 739/739/739

f 737/737/737 740/740/740 738/738/738

f 741/741/741 742/742/742 743/743/743

f 741/741/741 744/744/744 742/742/742

f 745/745/745 746/746/746 747/747/747

f 745/745/745 748/748/748 746/746/746

f 749/749/749 750/750/750 751/751/751

f 749/749/749 752/752/752 750/750/750

f 753/753/753 754/754/754 755/755/755

f 753/753/753 756/756/756 754/754/754

f 757/757/757 758/758/758 759/759/759

f 757/757/757 760/760/760 758/758/758

f 761/761/761 762/762/762 763/763/763

f 761/761/761 764/764/764 762/762/762

f 765/765/765 766/766/766 767/767/767

f 765/765/765 768/768/768 766/766/766

f 769/769/769 770/770/770 771/771/771

f 769/769/769 772/772/772 770/770/770

f 773/773/773 774/774/774 775/775/775

f 773/773/773 776/776/776 774/774/774

f 777/777/777 778/778/778 779/779/779

f 777/777/777 780/780/780 778/778/778

f 781/781/781 782/782/782 783/783/783

f 781/781/781 784/784/784 782/782/782

f 785/785/785 786/786/786 787/787/787

f 785/785/785 788/788/788 786/786/786

f 789/789/789 790/790/790 791/791/791

f 789/789/789 792/792/792 790/790/790

f 793/793/793 794/794/794 795/795/795

f 793/793/793 796/796/796 794/794/794

f 797/797/797 798/798/798 799/799/799

f 797/797/797 800/800/800 798/798/798

f 801/801/801 802/802/802 803/803/803

f 801/801/801 804/804/804 802/802/802

f 805/805/805 806/806/806 807/807/807

f 805/805/805 808/808/808 806/806/806

f 809/809/809 810/810/810 811/811/811

f 809/809/809 812/812/812 810/810/810

f 813/813/813 814/814/814 815/815/815

f 813/813/813 816/816/816 814/814/814

f 817/817/817 818/818/818 819/819/819

f 817/817/817 820/820/820 818/818/818

f 821/821/821 822/822/822 823/823/823

f 821/821/821 824/824/824 822/822/822

f 825/825/825 826/826/826 827/827/827

f 825/825/825 828/828/828 826/826/826

f 829/829/829 830/830/830 831/831/831

f 829/829/829 832/832/832 830/830/830

f 833/833/833 834/834/834 835/835/835

f 833/833/833 836/836/836 834/834/834

f 837/837/837 838/838/838 839/839/839

f 837/837/837 840/840/840 838/838/838

f 841/841/841 842/842/842 843/843/843

f 841/841/841 844/844/844 842/842/842

f 845/845/845 846/846/846 847/847/847

f 845/845/845 848/848/848 846/846/846

f 849/849/849 850/850/850 851/851/851

f 849/849/849 852/852/852 850/850/850

f 853/853/853 854/854/854 855/855/855

f 853/853/853 856/856/856 854/854/854

f 857/857/857 858/858/858 859/859/859

f 857/857/857 860/860/860 858/858/858

f 861/861/861 862/862/862 863/863/863

f 861/861/861 864/864/864 862/862/862

f 865/865/865 866/866/866 867/867/867

f 865/865/865 868/868/868 866/866/866

f 869/869/869 870/870/870 871/871/871

f 869/869/869 872/872/872 870/870/870

f 873/873/873 874/874/874 875/875/875

f 873/873/873 876/876/876 874/874/874

f 877/877/877 878/878/878 879/879/879

f 877/877/877 880/880/880 878/878/878

f 881/881/881 882/882/882 883/883/883

f 881/881/881 884/884/884 882/882/882

f 885/885/885 886/886/886 887/887/887

f 885/885/885 888/888/888 886/886/886

f 889/889/889 890/890/890 891/891/891

f 889/889/889 892/892/892 890/890/890

f 893/893/893 894/894/894 895/895/895

f 893/893/893 896/896/896 894/894/894

f 897/897/897 898/898/898 899/899/899

f 897/897/897 900/900/900 898/898/898

f 901/901/901 902/902/902 903/903/903

f 901/901/901 904/904/904 902/902/902

f 905/905/905 906/906/906 907/907/907

f 905/905/905 908/908/908 906/906/906

f 909/909/909 910/910/910 911/911/911

f 909/909/909 912/912/912 910/910/910

f 913/913/913 914/914/914 915/915/915

f 913/913/913 916/916/916 914/914/914

f 917/917/917 918/918/918 919/919/919

f 917/917/917 920/920/920 918/918/918

f 921/921/921 922/922/922 923/923/923

f 921/921/921 924/924/924 922/922/922

f 925/925/925 926/926/926 927/927/927

f 925/925/925 928/928/928 926/926/926

f 929/929/929 930/930/930 931/931/931

f 929/929/929 932/932/932 930/930/930

f 933/933/933 934/934/934 935/935/935

f 933/933/933 936/936/936 934/934/934

f 937/937/937 938/938/938 939/939/939

f 937/937/937 940/940/940 938/938/938

f 941/941/941 942/942/942 943/943/943

f 941/941/941 944/944/944 942/942/942

f 945/945/945 946/946/946 947/947/947

f 945/945/945 948/948/948 946/946/946

f 949/949/949 950/950/950 951/951/951

f 949/949/949 952/952/952 950/950/950

f 953/953/953 954/954/954 955/955/955

f 953/953/953 956/956/956 954/954/954

f 957/957/957 958/958/958 959/959/959

f 957/957/957 960/960/960 958/958/958

f 961/961/961 962/962/962 963/963/963

f 961/961/961 964/964/964 962/962/962

f 965/965/965 966/966/966 967/967/967

f 965/965/965 968/968/968 966/966/966

f 969/969/969 970/970/970 971/971/971

f 969/969/969 972/972/972 970/970/970

f 973/973/973 974/974/974 975/975/975

f 973/973/973 976/976/976 974/974/974

f 977/977/977 978/978/978 979/979/979

f 977/977/977 980/980/980 978/978/978

f 981/981/981 982/982/982 983/983/983

f 981/981/981 984/984/984 982/982/982

f 985/985/985 986/986/986 987/987/987

f 985/985/985 988/988/988 986/986/986

f 989/989/989 990/990/990 991/991/991

f 989/989/989 992/992/992 990/990/990

f 993/993/993 994/994/994 995/995/995

f 993/993/993 996/996/996 994/994/994

f 997/997/997 998/998/998 999/999/999

f 997/997/997 1000/1000/1000 998/998/998

f 1001/1001/1001 1002/1002/1002 1003/1003/1003

f 1001/1001/1001 1004/1004/1004 1002/1002/1002

f 1005/1005/1005 1006/1006/1006 1007/1007/1007

f 1005/1005/1005 1008/1008/1008 1006/1006/1006

f 1009/1009/1009 1010/1010/1010 1011/1011/1011

f 1009/1009/1009 1012/1012/1012 1010/1010/1010

f 1013/1013/1013 1014/1014/1014 1015/1015/1015

f 1013/1013/1013 1016/1016/1016 1014/1014/1014

f 1017/1017/1017 1018/1018/1018 1019/1019/1019

f 1017/1017/1017 1020/1020/1020 1018/1018/1018

f 1021/1021/1021 1022/1022/1022 1023/1023/1023

f 1021/1021/1021 1024/1024/1024 1022/1022/1022

f 1025/1025/1025 1026/1026/1026 1027/1027/1027

f 1025/1025/1025 1028/1028/1028 1026/1026/1026

f 1029/1029/1029 1030/1030/1030 1031/1031/1031

f 1029/1029/1029 1032/1032/1032 1030/1030/1030

f 1033/1033/1033 1034/1034/1034 1035/1035/1035

f 1033/1033/1033 1036/1036/1036 1034/1034/1034

f 1037/1037/1037 1038/1038/1038 1039/1039/1039

f 1037/1037/1037 1040/1040/1040 1038/1038/1038

f 1041/1041/1041 1042/1042/1042 1043/1043/1043

f 1041/1041/1041 1044/1044/1044 1042/1042/1042

f 1045/1045/1045 1046/1046/1046 1047/1047/1047

f 1045/1045/1045 1048/1048/1048 1046/1046/1046

f 1049/1049/1049 1050/1050/1050 1051/1051/1051

f 1049/1049/1049 1052/1052/1052 1050/1050/1050

f 1053/1053/1053 1054/1054/1054 1055/1055/1055

f 1053/1053/1053 1056/1056/1056 1054/1054/1054

f 1057/1057/1057 1058/1058/1058 1059/1059/1059

f 1057/1057/1057 1060/1060/1060 1058/1058/1058

f 1061/1061/1061 1062/1062/1062 1063/1063/1063

f 1061/1061/1061 1064/1064/1064 1062/1062/1062

f 1065/1065/1065 1066/1066/1066 1067/1067/1067

f 1065/1065/1065 1068/1068/1068 1066/1066/1066

f 1069/1069/1069 1070/1070/1070 1071/1071/1071

f 1069/1069/1069 1072/1072/1072 1070/1070/1070

f 1073/1073/1073 1074/1074/1074 1075/1075/1075

f 1073/1073/1073 1076/1076/1076 1074/1074/1074

f 1077/1077/1077 1078/1078/1078 1079/1079/1079

f 1077/1077/1077 1080/1080/1080 1078/1078/1078

f 1081/1081/1081 1082/1082/1082 1083/1083/1083

f 1081/1081/1081 1084/1084/1084 1082/1082/1082

f 1085/1085/1085 1086/1086/1086 1087/1087/1087

f 1085/1085/1085 1088/1088/1088 1086/1086/1086

f 1089/1089/1089 1090/1090/1090 1091/1091/1091

f 1089/1089/1089 1092/1092/1092 1090/1090/1090

f 1093/1093/1093 1094/1094/1094 1095/1095/1095

f 1093/1093/1093 1096/1096/1096 1094/1094/1094

f 1097/1097/1097 1098/1098/1098 1099/1099/1099

f 1097/1097/1097 1100/1100/1100 1098/1098/1098

f 1101/1101/1101 1102/1102/1102 1103/1103/1103

f 1101/1101/1101 1104/1104/1104 1102/1102/1102

f 1105/1105/1105 1106/1106/1106 1107/1107/1107

f 1105/1105/1105 1108/1108/1108 1106/1106/1106

f 1109/1109/1109 1110/1110/1110 1111/1111/1111

f 1109/1109/1109 1112/1112/1112 1110/1110/1110

f 1113/1113/1113 1114/1114/1114 1115/1115/1115

f 1113/1113/1113 1116/1116/1116 1114/1114/1114

f 1117/1117/1117 1118/1118/1118 1119/1119/1119

f 1117/1117/1117 1120/1120/1120 1118/1118/1118

f 1121/1121/1121 1122/1122/1122 1123/1123/1123

f 1121/1121/1121 1124/1124/1124 1122/1122/1122

f 1125/1125/1125 1126/1126/1126 1127/1127/1127

f 1125/1125/1125 1128/1128/1128 1126/1126/1126

f 1129/1129/1129 1130/1130/1130 1131/1131/1131

f 1129/1129/1129 1132/1132/1132 1130/1130/1130

f 1133/1133/1133 1134/1134/1134 1135/1135/1135

f 1133/1133/1133 1136/1136/1136 1134/1134/1134

f 1137/1137/1137 1138/1138/1138 1139/1139/1139

f 1137/1137/1137 1140/1140/1140 1138/1138/1138

f 1141/1141/1141 1142/1142/1142 1143/1143/1143

f 1141/1141/1141 1144/1144/1144 1142/1142/1142

f 1145/1145/1145 1146/1146/1146 1147/1147/1147

f 1145/1145/1145 1148/1148/1148 1146/1146/1146

f 1149/1149/1149 1150/1150/1150 1151/1151/1151

f 1149/1149/1149 1152/1152/1152 1150/1150/1150

f 1153/1153/1153 1154/1154/1154 1155/1155/1155

f 1153/1153/1153 1156/1156/1156 1154/1154/1154

f 1157/1157/1157 1158/1158/1158 1159/1159/1159

f 1157/1157/1157 1160/1160/1160 1158/1158/1158

f 1161/1161/1161 1162/1162/1162 1163/1163/1163

f 1161/1161/1161 1164/1164/1164 1162/1162/1162

f 1165/1165/1165 1166/1166/1166 1167/1167/1167

f 1165/1165/1165 1168/1168/1168 1166/1166/1166

f 1169/1169/1169 1170/1170/1170 1171/1171/1171

f 1169/1169/1169 1172/1172/1172 1170/1170/1170

f 1173/1173/1173 1174/1174/1174 1175/1175/1175

f 1173/1173/1173 1176/1176/1176 1174/1174/1174

f 1177/1177/1177 1178/1178/1178 1179/1179/1179

f 1177/1177/1177 1180/1180/1180 1178/1178/1178

f 1181/1181/1181 1182/1182/1182 1183/1183/1183

f 1181/1181/1181 1184/1184/1184 1182/1182/1182

f 1185/1185/1185 1186/1186/1186 1187/1187/1187

f 1185/1185/1185 1188/1188/1188 1186/1186/1186

f 1189/1189/1189 1190/1190/1190 1191/1191/1191

f 1189/1189/1189 1192/1192/1192 1190/1190/1190

f 1193/1193/1193 1194/1194/1194 1195/1195/1195

f 1193/1193/1193 1196/1196/1196 1194/1194/1194

f 1197/1197/1197 1198/1198/1198 1199/1199/1199

f 1197/1197/1197 1200/1200/1200 1198/1198/1198

f 1201/1201/1201 1202/1202/1202 1203/1203/1203

f 1201/1201/1201 1204/1204/1204 1202/1202/1202

f 1205/1205/1205 1206/1206/1206 1207/1207/1207

f 1205/1205/1205 1208/1208/1208 1206/1206/1206

f 1209/1209/1209 1210/1210/1210 1211/1211/1211

f 1209/1209/1209 1212/1212/1212 1210/1210/1210

f 1213/1213/1213 1214/1214/1214 1215/1215/1215

f 1213/1213/1213 1216/1216/1216 1214/1214/1214

f 1217/1217/1217 1218/1218/1218 1219/1219/1219

f 1217/1217/1217 1220/1220/1220 1218/1218/1218

f 1221/1221/1221 1222/1222/1222 1223/1223/1223

f 1221/1221/1221 1224/1224/1224 1222/1222/1222

f 1225/1225/1225 1226/1226/1226 1227/1227/1227

f 1225/1225/1225 1228/1228/1228 1226/1226/1226

f 1229/1229/1229 1230/1230/1230 1231/1231/1231

f 1229/1229/1229 1232/1232/1232 1230/1230/1230

f 1233/1233/1233 1234/1234/1234 1235/1235/1235

f 1233/1233/1233 1236/1236/1236 1234/1234/1234

f 1237/1237/1237 1238/1238/1238 1239/1239/1239

f 1237/1237/1237 1240/1240/1240 1238/1238/1238

f 1241/1241/1241 1242/1242/1242 1243/1243/1243

f 1241/1241/1241 1244/1244/1244 1242/1242/1242

f 1245/1245/1245 1246/1246/1246 1247/1247/1247

f 1245/1245/1245 1248/1248/1248 1246/1246/1246

f 1249/1249/1249 1250/1250/1250 1251/1251/1251

f 1249/1249/1249 1252/1252/1252 1250/1250/1250

f 1253/1253/1253 1254/1254/1254 1255/1255/1255

f 1253/1253/1253 1256/1256/1256 1254/1254/1254

f 1257/1257/1257 1258/1258/1258 1259/1259/1259

f 1257/1257/1257 1260/1260/1260 1258/1258/1258

f 1261/1261/1261 1262/1262/1262 1263/1263/1263

f 1261/1261/1261 1264/1264/1264 1262/1262/1262

f 1265/1265/1265 1266/1266/1266 1267/1267/1267

f 1265/1265/1265 1268/1268/1268 1266/1266/1266

f 1269/1269/1269 1270/1270/1270 1271/1271/1271

f 1269/1269/1269 1272/1272/1272 1270/1270/1270

f 1273/1273/1273 1274/1274/1274 1275/1275/1275

f 1273/1273/1273 1276/1276/1276 1274/1274/1274

f 1277/1277/1277 1278/1278/1278 1279/1279/1279

f 1277/1277/1277 1280/1280/1280 1278/1278/1278

f 1281/1281/1281 1282/1282/1282 1283/1283/1283

f 1281/1281/1281 1284/1284/1284 1282/1282/1282

f 1285/1285/1285 1286/1286/1286 1287/1287/1287

f 1285/1285/1285 1288/1288/1288 1286/1286/1286

f 1289/1289/1289 1290/1290/1290 1291/1291/1291

f 1289/1289/1289 1292/1292/1292 1290/1290/1290

f 1293/1293/1293 1294/1294/1294 1295/1295/1295

f 1293/1293/1293 1296/1296/1296 1294/1294/1294

f 1297/1297/1297 1298/1298/1298 1299/1299/1299

f 1297/1297/1297 1300/1300/1300 1298/1298/1298

f 1301/1301/1301 1302/1302/1302 1303/1303/1303

f 1301/1301/1301 1304/1304/1304 1302/1302/1302

f 1305/1305/1305 1306/1306/1306 1307/1307/1307

f 1305/1305/1305 1308/1308/1308 1306/1306/1306

f 1309/1309/1309 1310/1310/1310 1311/1311/1311

f 1309/1309/1309 1312/1312/1312 1310/1310/1310

f 1313/1313/1313 1314/1314/1314 1315/1315/1315

f 1313/1313/1313 1316/1316/1316 1314/1314/1314

f 1317/1317/1317 1318/1318/1318 1319/1319/1319

f 1317/1317/1317 1320/1320/1320 1318/1318/1318

f 1321/1321/1321 1322/1322/1322 1323/1323/1323

f 1321/1321/1321 1324/1324/1324 1322/1322/1322

f 1325/1325/1325 1326/1326/1326 1327/1327/1327

f 1325/1325/1325 1328/1328/1328 1326/1326/1326

f 1329/1329/1329 1330/1330/1330 1331/1331/1331

f 1329/1329/1329 1332/1332/1332 1330/1330/1330

f 1333/1333/1333 1334/1334/1334 1335/1335/1335

f 1333/1333/1333 1336/1336/1336 1334/1334/1334

f 1337/1337/1337 1338/1338/1338 1339/1339/1339

f 1337/1337/1337 1340/1340/1340 1338/1338/1338

f 1341/1341/1341 1342/1342/1342 1343/1343/1343

f 1341/1341/1341 1344/1344/1344 1342/1342/1342

f 1345/1345/1345 1346/1346/1346 1347/1347/1347

f 1345/1345/1345 1348/1348/1348 1346/1346/1346

f 1349/1349/1349 1350/1350/1350 1351/1351/1351

f 1349/1349/1349 1352/1352/1352 1350/1350/1350

f 1353/1353/1353 1354/1354/1354 1355/1355/1355

f 1353/1353/1353 1356/1356/1356 1354/1354/1354

f 1357/1357/1357 1358/1358/1358 1359/1359/1359

f 1357/1357/1357 1360/1360/1360 1358/1358/1358

f 1361/1361/1361 1362/1362/1362 1363/1363/1363

f 1361/1361/1361 1364/1364/1364 1362/1362/1362

f 1365/1365/1365 1366/1366/1366 1367/1367/1367

f 1365/1365/1365 1368/1368/1368 1366/1366/1366

f 1369/1369/1369 1370/1370/1370 1371/1371/1371

f 1369/1369/1369 1372/1372/1372 1370/1370/1370

f 1373/1373/1373 1374/1374/1374 1375/1375/1375

f 1373/1373/1373 1376/1376/1376 1374/1374/1374

f 1377/1377/1377 1378/1378/1378 1379/1379/1379

f 1377/1377/1377 1380/1380/1380 1378/1378/1378

f 1381/1381/1381 1382/1382/1382 1383/1383/1383

f 1381/1381/1381 1384/1384/1384 1382/1382/1382

f 1385/1385/1385 1386/1386/1386 1387/1387/1387

f 1385/1385/1385 1388/1388/1388 1386/1386/1386

f 1389/1389/1389 1390/1390/1390 1391/1391/1391

f 1389/1389/1389 1392/1392/1392 1390/1390/1390

f 1393/1393/1393 1394/1394/1394 1395/1395/1395

f 1393/1393/1393 1396/1396/1396 1394/1394/1394

f 1397/1397/1397 1398/1398/1398 1399/1399/1399

f 1397/1397/1397 1400/1400/1400 1398/1398/1398

f 1401/1401/1401 1402/1402/1402 1403/1403/1403

f 1401/1401/1401 1404/1404/1404 1402/1402/1402

f 1405/1405/1405 1406/1406/1406 1407/1407/1407

f 1405/1405/1405 1408/1408/1408 1406/1406/1406

f 1409/1409/1409 1410/1410/1410 1411/1411/1411

f 1409/1409/1409 1412/1412/1412 1410/1410/1410

f 1413/1413/1413 1414/1414/1414 1415/1415/1415

f 1413/1413/1413 1416/1416/1416 1414/1414/1414

f 1417/1417/1417 1418/1418/1418 1419/1419/1419

f 1417/1417/1417 1420/1420/1420 1418/1418/1418

f 1421/1421/1421 1422/1422/1422 1423/1423/1423

f 1421/1421/1421 1424/1424/1424 1422/1422/1422

f 1425/1425/1425 1426/1426/1426 1427/1427/1427

f 1425/1425/1425 1428/1428/1428 1426/1426/1426

f 1429/1429/1429 1430/1430/1430 1431/1431/1431

f 1429/1429/1429 1432/1432/1432 1430/1430/1430

f 1433/1433/1433 1434/1434/1434 1435/1435/1435

f 1433/1433/1433 1436/1436/1436 1434/1434/1434

f 1437/1437/1437 1438/1438/1438 1439/1439/1439

f 1437/1437/1437 1440/1440/1440 1438/1438/1438

f 1441/1441/1441 1442/1442/1442 1443/1443/1443

f 1441/1441/1441 1444/1444/1444 1442/1442/1442

f 1445/1445/1445 1446/1446/1446 1447/1447/1447

f 1445/1445/1445 1448/1448/1448 1446/1446/1446

f 1449/1449/1449 1450/1450/1450 1451/1451/1451

f 1449/1449/1449 1452/1452/1452 1450/1450/1450

f 1453/1453/1453 1454/1454/1454 1455/1455/1455

f 1453/1453/1453 1456/1456/1456 1454/1454/1454

f 1457/1457/1457 1458/1458/1458 1459/1459/1459

f 1457/1457/1457 1460/1460/1460 1458/1458/1458

f 1461/1461/1461 1462/1462/1462 1463/1463/1463

f 1461/1461/1461 1464/1464/1464 1462/1462/1462

f 1465/1465/1465 1466/1466/1466 1467/1467/1467

f 1465/1465/1465 1468/1468/1468 1466/1466/1466

f 1469/1469/1469 1470/1470/1470 1471/1471/1471

f 1469/1469/1469 1472/1472/1472 1470/1470/1470

f 1473/1473/1473 1474/1474/1474 1475/1475/1475

f 1473/1473/1473 1476/1476/1476 1474/1474/1474

f 1477/1477/1477 1478/1478/1478 1479/1479/1479

f 1477/1477/1477 1480/1480/1480 1478/1478/1478

f 1481/1481/1481 1482/1482/1482 1483/1483/1483

f 1481/1481/1481 1484/1484/1484 1482/1482/1482

f 1485/1485/1485 1486/1486/1486 1487/1487/1487

f 1485/1485/1485 1488/1488/1488 1486/1486/1486

f 1489/1489/1489 1490/1490/1490 1491/1491/1491

f 1489/1489/1489 1492/1492/1492 1490/1490/1490

f 1493/1493/1493 1494/1494/1494 1495/1495/1495

f 1493/1493/1493 1496/1496/1496 1494/1494/1494

f 1497/1497/1497 1498/1498/1498 1499/1499/1499

f 1497/1497/1497 1500/1500/1500 1498/1498/1498

f 1501/1501/1501 1502/1502/1502 1503/1503/1503

f 1501/1501/1501 1504/1504/1504 1502/1502/1502

f 1505/1505/1505 1506/1506/1506 1507/1507/1507

f 1505/1505/1505 1508/1508/1508 1506/1506/1506

f 1509/1509/1509 1510/1510/1510 1511/1511/1511

f 1509/1509/1509 1512/1512/1512 1510/1510/1510

f 1513/1513/1513 1514/1514/1514 1515/1515/1515

f 1513/1513/1513 1516/1516/1516 1514/1514/1514

f 1517/1517/1517 1518/1518/1518 1519/1519/1519

f 1517/1517/1517 1520/1520/1520 1518/1518/1518

f 1521/1521/1521 1522/1522/1522 1523/1523/1523

f 1521/1521/1521 1524/1524/1524 1522/1522/1522

f 1525/1525/1525 1526/1526/1526 1527/1527/1527

f 1525/1525/1525 1528/1528/1528 1526/1526/1526

f 1529/1529/1529 1530/1530/1530 1531/1531/1531

f 1529/1529/1529 1532/1532/1532 1530/1530/1530

f 1533/1533/1533 1534/1534/1534 1535/1535/1535

f 1533/1533/1533 1536/1536/1536 1534/1534/1534

f 1537/1537/1537 1538/1538/1538 1539/1539/1539

f 1537/1537/1537 1540/1540/1540 1538/1538/1538

f 1541/1541/1541 1542/1542/1542 1543/1543/1543

f 1541/1541/1541 1544/1544/1544 1542/1542/1542

f 1545/1545/1545 1546/1546/1546 1547/1547/1547

f 1545/1545/1545 1548/1548/1548 1546/1546/1546

f 1549/1549/1549 1550/1550/1550 1551/1551/1551

f 1549/1549/1549 1552/1552/1552 1550/1550/1550

f 1553/1553/1553 1554/1554/1554 1555/1555/1555

f 1553/1553/1553 1556/1556/1556 1554/1554/1554

f 1557/1557/1557 1558/1558/1558 1559/1559/1559

f 1557/1557/1557 1560/1560/1560 1558/1558/1558

f 1561/1561/1561 1562/1562/1562 1563/1563/1563

f 1561/1561/1561 1564/1564/1564 1562/1562/1562

f 1565/1565/1565 1566/1566/1566 1567/1567/1567

f 1565/1565/1565 1568/1568/1568 1566/1566/1566

f 1569/1569/1569 1570/1570/1570 1571/1571/1571

f 1569/1569/1569 1572/1572/1572 1570/1570/1570

f 1573/1573/1573 1574/1574/1574 1575/1575/1575

f 1573/1573/1573 1576/1576/1576 1574/1574/1574

f 1577/1577/1577 1578/1578/1578 1579/1579/1579

f 1577/1577/1577 1580/1580/1580 1578/1578/1578

f 1581/1581/1581 1582/1582/1582 1583/1583/1583

f 1581/1581/1581 1584/1584/1584 1582/1582/1582

f 1585/1585/1585 1586/1586/1586 1587/1587/1587

f 1585/1585/1585 1588/1588/1588 1586/1586/1586

f 1589/1589/1589 1590/1590/1590 1591/1591/1591

f 1589/1589/1589 1592/1592/1592 1590/1590/1590

f 1593/1593/1593 1594/1594/1594 1595/1595/1595

f 1593/1593/1593 1596/1596/1596 1594/1594/1594

f 1597/1597/1597 1598/1598/1598 1599/1599/1599

f 1597/1597/1597 1600/1600/1600 1598/1598/1598

f 1601/1601/1601 1602/1602/1602 1603/1603/1603

f 1601/1601/1601 1604/1604/1604 1602/1602/1602

f 1605/1605/1605 1606/1606/1606 1607/1607/1607

f 1605/1605/1605 1608/1608/1608 1606/1606/1606

f 1609/1609/1609 1610/1610/1610 1611/1611/1611

f 1609/1609/1609 1612/1612/1612 1610/1610/1610

f 1613/1613/1613 1614/1614/1614 1615/1615/1615

f 1613/1613/1613 1616/1616/1616 1614/1614/1614

f 1617/1617/1617 1618/1618/1618 1619/1619/1619

f 1617/1617/1617 1620/1620/1620 1618/1618/1618

f 1621/1621/1621 1622/1622/1622 1623/1623/1623

f 1621/1621/1621 1624/1624/1624 1622/1622/1622

f 1625/1625/1625 1626/1626/1626 1627/1627/1627

f 1625/1625/1625 1628/1628/1628 1626/1626/1626

f 1629/1629/1629 1630/1630/1630 1631/1631/1631

f 1629/1629/1629 1632/1632/1632 1630/1630/1630

f 1633/1633/1633 1634/1634/1634 1635/1635/1635

f 1633/1633/1633 1636/1636/1636 1634/1634/1634

f 1637/1637/1637 1638/1638/1638 1639/1639/1639

f 1637/1637/1637 1640/1640/1640 1638/1638/1638

f 1641/1641/1641 1642/1642/1642 1643/1643/1643

f 1641/1641/1641 1644/1644/1644 1642/1642/1642

f 1645/1645/1645 1646/1646/1646 1647/1647/1647

f 1645/1645/1645 1648/1648/1648 1646/1646/1646

f 1649/1649/1649 1650/1650/1650 1651/1651/1651

f 1649/1649/1649 1652/1652/1652 1650/1650/1650

f 1653/1653/1653 1654/1654/1654 1655/1655/1655

f 1653/1653/1653 1656/1656/1656 1654/1654/1654

f 1657/1657/1657 1658/1658/1658 1659/1659/1659

f 1657/1657/1657 1660/1660/1660 1658/1658/1658

f 1661/1661/1661 1662/1662/1662 1663/1663/1663

f 1661/1661/1661 1664/1664/1664 1662/1662/1662

f 1665/1665/1665 1666/1666/1666 1667/1667/1667

f 1665/1665/1665 1668/1668/1668 1666/1666/1666

f 1669/1669/1669 1670/1670/1670 1671/1671/1671

f 1669/1669/1669 1672/1672/1672 1670/1670/1670

f 1673/1673/1673 1674/1674/1674 1675/1675/1675

f 1673/1673/1673 1676/1676/1676 1674/1674/1674

f 1677/1677/1677 1678/1678/1678 1679/1679/1679

f 1677/1677/1677 1680/1680/1680 1678/1678/1678

f 1681/1681/1681 1682/1682/1682 1683/1683/1683

f 1681/1681/1681 1684/1684/1684 1682/1682/1682

f 1685/1685/1685 1686/1686/1686 1687/1687/1687

f 1685/1685/1685 1688/1688/1688 1686/1686/1686

f 1689/1689/1689 1690/1690/1690 1691/1691/1691

f 1689/1689/1689 1692/1692/1692 1690/1690/1690

f 1693/1693/1693 1694/1694/1694 1695/1695/1695

f 1693/1693/1693 1696/1696/1696 1694/1694/1694

f 1697/1697/1697 1698/1698/1698 1699/1699/1699

f 1697/1697/1697 1700/1700/1700 1698/1698/1698

f 1701/1701/1701 1702/1702/1702 1703/1703/1703

f 1701/1701/1701 1704/1704/1704 1702/1702/1702

f 1705/1705/1705 1706/1706/1706 1707/1707/1707

f 1705/1705/1705 1708/1708/1708 1706/1706/1706

f 1709/1709/1709 1710/1710/1710 1711/1711/1711

f 1709/1709/1709 1712/1712/1712 1710/1710/1710

f 1713/1713/1713 1714/1714/1714 1715/1715/1715

f 1713/1713/1713 1716/1716/1716 1714/1714/1714

f 1717/1717/1717 1718/1718/1718 1719/1719/1719

f 1717/1717/1717 1720/1720/1720 1718/1718/1718

f 1721/1721/1721 1722/1722/1722 1723/1723/1723

f 1721/1721/1721 1724/1724/1724 1722/1722/1722

f 1725/1725/1725 1726/1726/1726 1727/1727/1727

f 1725/1725/1725 1728/1728/1728 1726/1726/1726

f 1729/1729/1729 1730/1730/1730 1731/1731/1731

f 1729/1729/1729 1732/1732/1732 1730/1730/1730

f 1733/1733/1733 1734/1734/1734 1735/1735/1735

f 1733/1733/1733 1736/1736/1736 1734/1734/1734

f 1737/1737/1737 1738/1738/1738 1739/1739/1739

f 1737/1737/1737 1740/1740/1740 1738/1738/1738

f 1741/1741/1741 1742/1742/1742 1743/1743/1743

f 1741/1741/1741 1744/1744/1744 1742/1742/1742

f 1745/1745/1745 1746/1746/1746 1747/1747/1747

f 1745/1745/1745 1748/1748/1748 1746/1746/1746

f 1749/1749/1749 1750/1750/1750 1751/1751/1751

f 1749/1749/1749 1752/1752/1752 1750/1750/1750

f 1753/1753/1753 1754/1754/1754 1755/1755/1755

f 1753/1753/1753 1756/1756/1756 1754/1754/1754

f 1757/1757/1757 1758/1758/1758 1759/1759/1759

f 1757/1757/1757 1760/1760/1760 1758/1758/1758

f 1761/1761/1761 1762/1762/1762 1763/1763/1763

f 1761/1761/1761 1764/1764/1764 1762/1762/1762

f 1765/1765/1765 1766/1766/1766 1767/1767/1767

f 1765/1765/1765 1768/1768/1768 1766/1766/1766

f 1769/1769/1769 1770/1770/1770 1771/1771/1771

f 1769/1769/1769 1772/1772/1772 1770/1770/1770

f 1773/1773/1773 1774/1774/1774 1775/1775/1775

f 1773/1773/1773 1776/1776/1776 1774/1774/1774

f 1777/1777/1777 1778/1778/1778 1779/1779/1779

f 1777/1777/1777 1780/1780/1780 1778/1778/1778

f 1781/1781/1781 1782/1782/1782 1783/1783/1783

f 1781/1781/1781 1784/1784/1784 1782/1782/1782

f 1785/1785/1785 1786/1786/1786 1787/1787/1787

f 1785/1785/1785 1788/1788/1788 1786/1786/1786

f 1789/1789/1789 1790/1790/1790 1791/1791/1791

f 1789/1789/1789 1792/1792/1792 1790/1790/1790

f 1793/1793/1793 1794/1794/1794 1795/1795/1795

f 1793/1793/1793 1796/1796/1796 1794/1794/1794

f 1797/1797/1797 1798/1798/1798 1799/1799/1799

f 1797/1797/1797 1800/1800/1800 1798/1798/1798

f 1801/1801/1801 1802/1802/1802 1803/1803/1803

f 1801/1801/1801 1804/1804/1804 1802/1802/1802

f 1805/1805/1805 1806/1806/1806 1807/1807/1807

f 1805/1805/1805 1808/1808/1808 1806/1806/1806

f 1809/1809/1809 1810/1810/1810 1811/1811/1811

f 1809/1809/1809 1812/1812/1812 1810/1810/1810

f 1813/1813/1813 1814/1814/1814 1815/1815/1815

f 1813/1813/1813 1816/1816/1816 1814/1814/1814

f 1817/1817/1817 1818/1818/1818 1819/1819/1819

f 1817/1817/1817 1820/1820/1820 1818/1818/1818

f 1821/1821/1821 1822/1822/1822 1823/1823/1823

f 1821/1821/1821 1824/1824/1824 1822/1822/1822

f 1825/1825/1825 1826/1826/1826 1827/1827/1827

f 1825/1825/1825 1828/1828/1828 1826/1826/1826

f 1829/1829/1829 1830/1830/1830 1831/1831/1831

f 1829/1829/1829 1832/1832/1832 1830/1830/1830

f 1833/1833/1833 1834/1834/1834 1835/1835/1835

f 1833/1833/1833 1836/1836/1836 1834/1834/1834

f 1837/1837/1837 1838/1838/1838 1839/1839/1839

f 1837/1837/1837 1840/1840/1840 1838/1838/1838

f 1841/1841/1841 1842/1842/1842 1843/1843/1843

f 1841/1841/1841 1844/1844/1844 1842/1842/1842

f 1845/1845/1845 1846/1846/1846 1847/1847/1847

f 1845/1845/1845 1848/1848/1848 1846/1846/1846

f 1849/1849/1849 1850/1850/1850 1851/1851/1851

f 1849/1849/1849 1852/1852/1852 1850/1850/1850

f 1853/1853/1853 1854/1854/1854 1855/1855/1855

f 1853/1853/1853 1856/1856/1856 1854/1854/1854

f 1857/1857/1857 1858/1858/1858 1859/1859/1859

f 1857/1857/1857 1860/1860/1860 1858/1858/1858

f 1861/1861/1861 1862/1862/1862 1863/1863/1863

f 1861/1861/1861 1864/1864/1864 1862/1862/1862

f 1865/1865/1865 1866/1866/1866 1867/1867/1867

f 1865/1865/1865 1868/1868/1868 1866/1866/1866

f 1869/1869/1869 1870/1870/1870 1871/1871/1871

f 1869/1869/1869 1872/1872/1872 1870/1870/1870

f 1873/1873/1873 1874/1874/1874 1875/1875/1875

f 1873/1873/1873 1876/1876/1876 1874/1874/1874

f 1877/1877/1877 1878/1878/1878 1879/1879/1879

f 1877/1877/1877 1880/1880/1880 1878/1878/1878

f 1881/1881/1881 1882/1882/1882 1883/1883/1883

f 1881/1881/1881 1884/1884/1884 1882/1882/1882

f 1885/1885/1885 1886/1886/1886 1887/1887/1887

f 1885/1885/1885 1888/1888/1888 1886/1886/1886

f 1889/1889/1889 1890/1890/1890 1891/1891/1891

f 1889/1889/1889 1892/1892/1892 1890/1890/1890

f 1893/1893/1893 1894/1894/1894 1895/1895/1895

f 1893/1893/1893 1896/1896/1896 1894/1894/1894

f 1897/1897/1897 1898/1898/1898 1899/1899/1899

f 1897/1897/1897 1900/1900/1900 1898/1898/1898

f 1901/1901/1901 1902/1902/1902 1903/1903/1903

f 1901/1901/1901 1904/1904/1904 1902/1902/1902

f 1905/1905/1905 1906/1906/1906 1907/1907/1907

f 1905/1905/1905 1908/1908/1908 1906/1906/1906

f 1909/1909/1909 1910/1910/1910 1911/1911/1911

f 1909/1909/1909 1912/1912/1912 1910/1910/1910

f 1913/1913/1913 1914/1914/1914 1915/1915/1915

f 1913/1913/1913 1916/1916/1916 1914/1914/1914

f 1917/1917/1917 1918/1918/1918 1919/1919/1919

f 1917/1917/1917 1920/1920/1920 1918/1918/1918

f 1921/1921/1921 1922/1922/1922 1923/1923/1923

f 1921/1921/1921 1924/1924/1924 1922/1922/1922

f 1925/1925/1925 1926/1926/1926 1927/1927/1927

f 1925/1925/1925 1928/1928/1928 1926/1926/1926

f 1929/1929/1929 1930/1930/1930 1931/1931/1931

f 1929/1929/1929 1932/1932/1932 1930/1930/1930

f 1933/1933/1933 1934/1934/1934 1935/1935/1935

f 1933/1933/1933 1936/1936/1936 1934/1934/1934

f 1937/1937/1937 1938/1938/1938 1939/1939/1939

f 1937/1937/1937 1940/1940/1940 1938/1938/1938

f 1941/1941/1941 1942/1942/1942 1943/1943/1943

f 1941/1941/1941 1944/1944/1944 1942/1942/1942

f 1945/1945/1945 1946/1946/1946 1947/1947/1947

f 1945/1945/1945 1948/1948/1948 1946/1946/1946

f 1949/1949/1949 1950/1950/1950 1951/1951/1951

f 1949/1949/1949 1952/1952/1952 1950/1950/1950

f 1953/1953/1953 1954/1954/1954 1955/1955/1955

f 1953/1953/1953 1956/1956/1956 1954/1954/1954

f 1957/1957/1957 1958/1958/1958 1959/1959/1959

f 1957/1957/1957 1960/1960/1960 1958/1958/1958

f 1961/1961/1961 1962/1962/1962 1963/1963/1963

f 1961/1961/1961 1964/1964/1964 1962/1962/1962

f 1965/1965/1965 1966/1966/1966 1967/1967/1967

f 1965/1965/1965 1968/1968/1968 1966/1966/1966

f 1969/1969/1969 1970/1970/1970 1971/1971/1971

f 1969/1969/1969 1972/1972/1972 1970/1970/1970

f 1973/1973/1973 1974/1974/1974 1975/1975/1975

f 1976/1976/1976 1973/1973/1973 1975/1975/1975

f 1975/1975/1975 1977/1977/1977 1976/1976/1976

f 1978/1978/1978 1976/1976/1976 1977/1977/1977

f 1977/1977/1977 1979/1979/1979 1978/1978/1978

f 1979/1979/1979 1980/1980/1980 1978/1978/1978

f 1981/1981/1981 1978/1978/1978 1980/1980/1980

f 1982/1982/1982 1981/1981/1981 1980/1980/1980

f 1983/1983/1983 1981/1981/1981 1982/1982/1982

f 1984/1984/1984 1983/1983/1983 1982/1982/1982

f 1985/1985/1985 1983/1983/1983 1984/1984/1984

f 1984/1984/1984 1986/1986/1986 1985/1985/1985

f 1987/1987/1987 1985/1985/1985 1986/1986/1986

f 1988/1988/1988 1987/1987/1987 1986/1986/1986

f 1989/1989/1989 1988/1988/1988 1986/1986/1986

f 1987/1987/1987 1988/1988/1988 1990/1990/1990

f 1991/1991/1991 1988/1988/1988 1989/1989/1989

f 1988/1988/1988 1991/1991/1991 1992/1992/1992

f 1989/1989/1989 1993/1993/1993 1991/1991/1991

f 1989/1989/1989 1994/1994/1994 1993/1993/1993

f 1994/1994/1994 1995/1995/1995 1993/1993/1993

f 1996/1996/1996 1993/1993/1993 1995/1995/1995

f 1997/1997/1997 1996/1996/1996 1995/1995/1995

f 1995/1995/1995 1998/1998/1998 1997/1997/1997

f 1999/1999/1999 1997/1997/1997 1998/1998/1998

f 1998/1998/1998 2000/2000/2000 1999/1999/1999

f 2000/2000/2000 2001/2001/2001 1999/1999/1999

f 1999/1999/1999 2001/2001/2001 2002/2002/2002

f 2001/2001/2001 2003/2003/2003 2002/2002/2002

f 2004/2004/2004 2002/2002/2002 2003/2003/2003

f 2003/2003/2003 2005/2005/2005 2004/2004/2004

f 1990/1990/1990 2006/2006/2006 2007/2007/2007

f 1990/1990/1990 2007/2007/2007 2008/2008/2008

f 2009/2009/2009 1987/1987/1987 1990/1990/1990

f 2008/2008/2008 2009/2009/2009 1990/1990/1990

f 2008/2008/2008 2010/2010/2010 2009/2009/2009

f 2009/2009/2009 2010/2010/2010 2011/2011/2011

f 2012/2012/2012 2009/2009/2009 2011/2011/2011

f 2011/2011/2011 2013/2013/2013 2012/2012/2012

f 2014/2014/2014 2012/2012/2012 2013/2013/2013

f 2013/2013/2013 2015/2015/2015 2014/2014/2014

f 2016/2016/2016 2014/2014/2014 2015/2015/2015

f 2015/2015/2015 2017/2017/2017 2016/2016/2016

f 2018/2018/2018 2016/2016/2016 2017/2017/2017

f 2017/2017/2017 2019/2019/2019 2018/2018/2018

f 2020/2020/2020 2018/2018/2018 2019/2019/2019

f 2019/2019/2019 2021/2021/2021 2020/2020/2020

f 2022/2022/2022 2020/2020/2020 2021/2021/2021

f 2021/2021/2021 2023/2023/2023 2022/2022/2022

f 2023/2023/2023 2024/2024/2024 2022/2022/2022

f 2010/2010/2010 2025/2025/2025 2011/2011/2011

f 2010/2010/2010 2026/2026/2026 2027/2027/2027

f 2025/2025/2025 2010/2010/2010 2027/2027/2027

f 2027/2027/2027 2028/2028/2028 2025/2025/2025

f 2025/2025/2025 2028/2028/2028 2029/2029/2029

f 2028/2028/2028 2030/2030/2030 2029/2029/2029

f 2031/2031/2031 2029/2029/2029 2030/2030/2030

f 2032/2032/2032 2031/2031/2031 2030/2030/2030

f 2030/2030/2030 2033/2033/2033 2032/2032/2032

f 2034/2034/2034 2032/2032/2032 2033/2033/2033

f 2033/2033/2033 2035/2035/2035 2034/2034/2034

f 2035/2035/2035 2036/2036/2036 2034/2034/2034

f 2034/2034/2034 2036/2036/2036 2037/2037/2037

f 2036/2036/2036 2038/2038/2038 2037/2037/2037

f 2039/2039/2039 2037/2037/2037 2038/2038/2038

f 2038/2038/2038 2040/2040/2040 2039/2039/2039

f 2041/2041/2041 2042/2042/2042 2043/2043/2043

f 2041/2041/2041 2043/2043/2043 2044/2044/2044

f 2045/2045/2045 2044/2044/2044 2043/2043/2043

f 2045/2045/2045 2046/2046/2046 2044/2044/2044

f 2046/2046/2046 2045/2045/2045 2047/2047/2047

f 2046/2046/2046 2047/2047/2047 2048/2048/2048

f 2048/2048/2048 2047/2047/2047 2049/2049/2049

f 2048/2048/2048 2049/2049/2049 2050/2050/2050

f 2050/2050/2050 2049/2049/2049 2051/2051/2051

f 2050/2050/2050 2051/2051/2051 2052/2052/2052

f 2052/2052/2052 2051/2051/2051 2053/2053/2053

f 2052/2052/2052 2053/2053/2053 2054/2054/2054

f 2053/2053/2053 2055/2055/2055 2054/2054/2054

f 2053/2053/2053 2056/2056/2056 2055/2055/2055

f 2055/2055/2055 2056/2056/2056 2057/2057/2057

f 2055/2055/2055 2057/2057/2057 2058/2058/2058

f 2059/2059/2059 2058/2058/2058 2057/2057/2057

f 2059/2059/2059 2057/2057/2057 2060/2060/2060

f 2060/2060/2060 2061/2061/2061 2059/2059/2059

f 2060/2060/2060 2062/2062/2062 2061/2061/2061

f 2061/2061/2061 2062/2062/2062 2063/2063/2063

f 2061/2061/2061 2063/2063/2063 2064/2064/2064

f 2064/2064/2064 2063/2063/2063 2065/2065/2065

f 2064/2064/2064 2065/2065/2065 2066/2066/2066

f 2065/2065/2065 2067/2067/2067 2066/2066/2066

f 2065/2065/2065 2068/2068/2068 2067/2067/2067

f 2067/2067/2067 2068/2068/2068 2069/2069/2069

f 2067/2067/2067 2069/2069/2069 2070/2070/2070

f 2071/2071/2071 2070/2070/2070 2069/2069/2069

f 2071/2071/2071 2069/2069/2069 2072/2072/2072

f 2071/2071/2071 2072/2072/2072 2073/2073/2073

f 2073/2073/2073 2074/2074/2074 2071/2071/2071

f 2074/2074/2074 2075/2075/2075 2071/2071/2071

f 2075/2075/2075 2076/2076/2076 2071/2071/2071

f 2076/2076/2076 2077/2077/2077 2071/2071/2071

f 2077/2077/2077 2078/2078/2078 2071/2071/2071

f 2078/2078/2078 2079/2079/2079 2071/2071/2071

f 2078/2078/2078 2080/2080/2080 2079/2079/2079

f 2080/2080/2080 2081/2081/2081 2079/2079/2079

f 2081/2081/2081 2082/2082/2082 2079/2079/2079

f 2079/2079/2079 2082/2082/2082 2083/2083/2083

f 2083/2083/2083 2084/2084/2084 2079/2079/2079

f 2084/2084/2084 2085/2085/2085 2079/2079/2079

f 2085/2085/2085 2086/2086/2086 2079/2079/2079

f 2086/2086/2086 2087/2087/2087 2079/2079/2079

f 2087/2087/2087 2088/2088/2088 2079/2079/2079

f 2087/2087/2087 2089/2089/2089 2088/2088/2088

f 2088/2088/2088 2089/2089/2089 2090/2090/2090

f 2088/2088/2088 2090/2090/2090 2091/2091/2091

f 2090/2090/2090 2092/2092/2092 2091/2091/2091

f 2090/2090/2090 2093/2093/2093 2092/2092/2092

f 2094/2094/2094 2095/2095/2095 2096/2096/2096

f 2097/2097/2097 2094/2094/2094 2096/2096/2096

f 2096/2096/2096 2098/2098/2098 2097/2097/2097

f 2099/2099/2099 2097/2097/2097 2098/2098/2098

f 2099/2099/2099 2098/2098/2098 2100/2100/2100

f 2101/2101/2101 2099/2099/2099 2100/2100/2100

f 2102/2102/2102 2101/2101/2101 2100/2100/2100

f 2100/2100/2100 2103/2103/2103 2102/2102/2102

f 2098/2098/2098 2104/2104/2104 2100/2100/2100

f 2105/2105/2105 2100/2100/2100 2104/2104/2104

f 2104/2104/2104 2106/2106/2106 2107/2107/2107

f 2104/2104/2104 2107/2107/2107 2108/2108/2108

f 2107/2107/2107 2109/2109/2109 2108/2108/2108

f 2105/2105/2105 2104/2104/2104 2108/2108/2108

f 2108/2108/2108 2110/2110/2110 2105/2105/2105

f 2110/2110/2110 2111/2111/2111 2105/2105/2105

f 2112/2112/2112 2105/2105/2105 2111/2111/2111

f 2111/2111/2111 2113/2113/2113 2112/2112/2112

f 2114/2114/2114 2115/2115/2115 2116/2116/2116

f 2114/2114/2114 2117/2117/2117 2115/2115/2115

f 2118/2118/2118 2117/2117/2117 2114/2114/2114

f 2118/2118/2118 2119/2119/2119 2117/2117/2117

f 2120/2120/2120 2119/2119/2119 2118/2118/2118

f 2120/2120/2120 2121/2121/2121 2119/2119/2119

f 2122/2122/2122 2121/2121/2121 2120/2120/2120

f 2122/2122/2122 2120/2120/2120 2123/2123/2123

f 2124/2124/2124 2122/2122/2122 2123/2123/2123

f 2124/2124/2124 2123/2123/2123 2125/2125/2125

f 2125/2125/2125 2126/2126/2126 2124/2124/2124

f 2125/2125/2125 2127/2127/2127 2126/2126/2126

f 2127/2127/2127 2128/2128/2128 2126/2126/2126

f 2127/2127/2127 2129/2129/2129 2128/2128/2128

f 2129/2129/2129 2130/2130/2130 2128/2128/2128

f 2129/2129/2129 2131/2131/2131 2130/2130/2130

f 2131/2131/2131 2132/2132/2132 2130/2130/2130

f 2131/2131/2131 2133/2133/2133 2132/2132/2132

f 2134/2134/2134 2132/2132/2132 2133/2133/2133

f 2134/2134/2134 2135/2135/2135 2132/2132/2132

f 2136/2136/2136 2135/2135/2135 2134/2134/2134

f 2136/2136/2136 2137/2137/2137 2135/2135/2135

f 2138/2138/2138 2137/2137/2137 2136/2136/2136

f 2138/2138/2138 2136/2136/2136 2139/2139/2139

f 2139/2139/2139 2140/2140/2140 2138/2138/2138

f 2139/2139/2139 2141/2141/2141 2140/2140/2140

f 2142/2142/2142 2140/2140/2140 2141/2141/2141

f 2142/2142/2142 2141/2141/2141 2143/2143/2143

f 2144/2144/2144 2142/2142/2142 2143/2143/2143

f 2144/2144/2144 2145/2145/2145 2142/2142/2142

f 2146/2146/2146 2145/2145/2145 2144/2144/2144

f 2146/2146/2146 2147/2147/2147 2145/2145/2145

f 2148/2148/2148 2147/2147/2147 2146/2146/2146

f 2148/2148/2148 2149/2149/2149 2147/2147/2147

f 2150/2150/2150 2149/2149/2149 2148/2148/2148

f 2150/2150/2150 2151/2151/2151 2149/2149/2149

f 2151/2151/2151 2150/2150/2150 2152/2152/2152

f 2151/2151/2151 2152/2152/2152 2153/2153/2153

f 2154/2154/2154 2153/2153/2153 2152/2152/2152

f 2154/2154/2154 2155/2155/2155 2153/2153/2153

f 2156/2156/2156 2155/2155/2155 2154/2154/2154

f 2156/2156/2156 2154/2154/2154 2157/2157/2157

f 2158/2158/2158 2156/2156/2156 2157/2157/2157

f 2158/2158/2158 2157/2157/2157 2159/2159/2159

f 2160/2160/2160 2158/2158/2158 2159/2159/2159

f 2160/2160/2160 2159/2159/2159 2161/2161/2161

f 2162/2162/2162 2163/2163/2163 2164/2164/2164

f 2162/2162/2162 2165/2165/2165 2163/2163/2163

f 2165/2165/2165 2166/2166/2166 2163/2163/2163

f 2165/2165/2165 2167/2167/2167 2166/2166/2166

f 2167/2167/2167 2168/2168/2168 2166/2166/2166

f 2167/2167/2167 2169/2169/2169 2168/2168/2168

f 2169/2169/2169 2170/2170/2170 2168/2168/2168

f 2169/2169/2169 2171/2171/2171 2170/2170/2170

f 2171/2171/2171 2172/2172/2172 2170/2170/2170

f 2171/2171/2171 2173/2173/2173 2172/2172/2172

f 2173/2173/2173 2174/2174/2174 2172/2172/2172

f 2173/2173/2173 2175/2175/2175 2174/2174/2174

f 2176/2176/2176 2174/2174/2174 2175/2175/2175

f 2176/2176/2176 2177/2177/2177 2174/2174/2174

f 2178/2178/2178 2177/2177/2177 2176/2176/2176

f 2178/2178/2178 2176/2176/2176 2179/2179/2179

f 2178/2178/2178 2179/2179/2179 2180/2180/2180

f 2178/2178/2178 2180/2180/2180 2181/2181/2181

f 2182/2182/2182 2181/2181/2181 2180/2180/2180

f 2182/2182/2182 2183/2183/2183 2181/2181/2181

f 2182/2182/2182 2184/2184/2184 2183/2183/2183

f 2182/2182/2182 2185/2185/2185 2184/2184/2184

f 2185/2185/2185 2186/2186/2186 2184/2184/2184

f 2185/2185/2185 2187/2187/2187 2186/2186/2186

f 2188/2188/2188 2186/2186/2186 2187/2187/2187

f 2188/2188/2188 2189/2189/2189 2186/2186/2186

f 2188/2188/2188 2190/2190/2190 2189/2189/2189

f 2188/2188/2188 2191/2191/2191 2190/2190/2190

f 2192/2192/2192 2190/2190/2190 2191/2191/2191

f 2192/2192/2192 2193/2193/2193 2190/2190/2190

f 2194/2194/2194 2193/2193/2193 2192/2192/2192

f 2195/2195/2195 2194/2194/2194 2192/2192/2192

f 2196/2196/2196 2195/2195/2195 2192/2192/2192

f 2197/2197/2197 2196/2196/2196 2192/2192/2192

f 2198/2198/2198 2197/2197/2197 2192/2192/2192

f 2199/2199/2199 2198/2198/2198 2192/2192/2192

f 2192/2192/2192 2200/2200/2200 2199/2199/2199

f 2201/2201/2201 2199/2199/2199 2200/2200/2200

f 2202/2202/2202 2201/2201/2201 2200/2200/2200

f 2203/2203/2203 2202/2202/2202 2200/2200/2200

f 2200/2200/2200 2204/2204/2204 2203/2203/2203

f 2200/2200/2200 2205/2205/2205 2204/2204/2204

f 2200/2200/2200 2206/2206/2206 2205/2205/2205

f 2200/2200/2200 2207/2207/2207 2206/2206/2206

f 2200/2200/2200 2208/2208/2208 2207/2207/2207

f 2208/2208/2208 2200/2200/2200 2209/2209/2209

f 2208/2208/2208 2209/2209/2209 2210/2210/2210

f 2209/2209/2209 2211/2211/2211 2210/2210/2210

f 2209/2209/2209 2212/2212/2212 2211/2211/2211

f 2213/2213/2213 2211/2211/2211 2212/2212/2212

f 2213/2213/2213 2214/2214/2214 2211/2211/2211

f 2215/2215/2215 2216/2216/2216 2217/2217/2217

f 2215/2215/2215 2218/2218/2218 2216/2216/2216

f 2218/2218/2218 2219/2219/2219 2216/2216/2216

f 2218/2218/2218 2220/2220/2220 2219/2219/2219

f 2220/2220/2220 2221/2221/2221 2219/2219/2219

f 2220/2220/2220 2222/2222/2222 2221/2221/2221

f 2223/2223/2223 2221/2221/2221 2222/2222/2222

f 2223/2223/2223 2222/2222/2222 2224/2224/2224

f 2225/2225/2225 2223/2223/2223 2224/2224/2224

f 2225/2225/2225 2224/2224/2224 2226/2226/2226

f 2227/2227/2227 2225/2225/2225 2226/2226/2226

f 2227/2227/2227 2226/2226/2226 2228/2228/2228

f 2229/2229/2229 2227/2227/2227 2228/2228/2228

f 2229/2229/2229 2228/2228/2228 2230/2230/2230

f 2231/2231/2231 2229/2229/2229 2230/2230/2230

f 2231/2231/2231 2232/2232/2232 2229/2229/2229

f 2233/2233/2233 2232/2232/2232 2231/2231/2231

f 2233/2233/2233 2234/2234/2234 2232/2232/2232

f 2235/2235/2235 2234/2234/2234 2233/2233/2233

f 2235/2235/2235 2236/2236/2236 2234/2234/2234

f 2237/2237/2237 2236/2236/2236 2235/2235/2235

f 2237/2237/2237 2238/2238/2238 2236/2236/2236

f 2239/2239/2239 2238/2238/2238 2237/2237/2237

f 2239/2239/2239 2240/2240/2240 2238/2238/2238

f 2241/2241/2241 2240/2240/2240 2239/2239/2239

f 2241/2241/2241 2242/2242/2242 2240/2240/2240

f 2242/2242/2242 2241/2241/2241 2243/2243/2243

f 2242/2242/2242 2243/2243/2243 2244/2244/2244

f 2244/2244/2244 2243/2243/2243 2245/2245/2245

f 2244/2244/2244 2245/2245/2245 2246/2246/2246

f 2246/2246/2246 2245/2245/2245 2247/2247/2247

f 2246/2246/2246 2247/2247/2247 2248/2248/2248

f 2248/2248/2248 2247/2247/2247 2249/2249/2249

f 2248/2248/2248 2249/2249/2249 2250/2250/2250

f 2251/2251/2251 2250/2250/2250 2249/2249/2249

f 2251/2251/2251 2252/2252/2252 2250/2250/2250

f 2251/2251/2251 2253/2253/2253 2252/2252/2252

f 2251/2251/2251 2254/2254/2254 2253/2253/2253

f 2254/2254/2254 2255/2255/2255 2253/2253/2253

f 2254/2254/2254 2256/2256/2256 2255/2255/2255

f 2257/2257/2257 2258/2258/2258 2259/2259/2259

f 2257/2257/2257 2259/2259/2259 2260/2260/2260

f 2261/2261/2261 2257/2257/2257 2260/2260/2260

f 2261/2261/2261 2260/2260/2260 2262/2262/2262

f 2262/2262/2262 2263/2263/2263 2261/2261/2261

f 2262/2262/2262 2264/2264/2264 2263/2263/2263

f 2264/2264/2264 2265/2265/2265 2263/2263/2263

f 2264/2264/2264 2266/2266/2266 2265/2265/2265

f 2267/2267/2267 2265/2265/2265 2266/2266/2266

f 2267/2267/2267 2266/2266/2266 2268/2268/2268

f 2267/2267/2267 2268/2268/2268 2269/2269/2269

f 2267/2267/2267 2269/2269/2269 2270/2270/2270

f 2269/2269/2269 2271/2271/2271 2270/2270/2270

f 2269/2269/2269 2272/2272/2272 2271/2271/2271

f 2272/2272/2272 2273/2273/2273 2271/2271/2271

f 2272/2272/2272 2274/2274/2274 2273/2273/2273

f 2273/2273/2273 2274/2274/2274 2275/2275/2275

f 2276/2276/2276 2273/2273/2273 2275/2275/2275

f 2277/2277/2277 2276/2276/2276 2275/2275/2275

f 2275/2275/2275 2278/2278/2278 2277/2277/2277

f 2277/2277/2277 2279/2279/2279 2276/2276/2276

f 2279/2279/2279 2280/2280/2280 2276/2276/2276

f 2278/2278/2278 2281/2281/2281 2277/2277/2277

f 2278/2278/2278 2282/2282/2282 2281/2281/2281

f 2279/2279/2279 2283/2283/2283 2280/2280/2280

f 2283/2283/2283 2284/2284/2284 2280/2280/2280

f 2282/2282/2282 2285/2285/2285 2281/2281/2281

f 2282/2282/2282 2286/2286/2286 2285/2285/2285

f 2285/2285/2285 2286/2286/2286 2287/2287/2287

f 2288/2288/2288 2284/2284/2284 2283/2283/2283

f 2288/2288/2288 2289/2289/2289 2284/2284/2284

f 2288/2288/2288 2290/2290/2290 2289/2289/2289

f 2285/2285/2285 2287/2287/2287 2291/2291/2291

f 2291/2291/2291 2287/2287/2287 2292/2292/2292

f 2288/2288/2288 2293/2293/2293 2290/2290/2290

f 2293/2293/2293 2294/2294/2294 2290/2290/2290

f 2291/2291/2291 2292/2292/2292 2295/2295/2295

f 2295/2295/2295 2292/2292/2292 2296/2296/2296

f 2293/2293/2293 2297/2297/2297 2294/2294/2294

f 2298/2298/2298 2294/2294/2294 2297/2297/2297

f 2295/2295/2295 2296/2296/2296 2299/2299/2299

f 2299/2299/2299 2296/2296/2296 2300/2300/2300

f 2298/2298/2298 2297/2297/2297 2301/2301/2301

f 2302/2302/2302 2298/2298/2298 2301/2301/2301

f 2299/2299/2299 2300/2300/2300 2303/2303/2303

f 2303/2303/2303 2300/2300/2300 2304/2304/2304

f 2302/2302/2302 2301/2301/2301 2305/2305/2305

f 2306/2306/2306 2302/2302/2302 2305/2305/2305

f 2303/2303/2303 2304/2304/2304 2307/2307/2307

f 2307/2307/2307 2304/2304/2304 2308/2308/2308

f 2306/2306/2306 2305/2305/2305 2309/2309/2309

f 2310/2310/2310 2306/2306/2306 2309/2309/2309

f 2307/2307/2307 2308/2308/2308 2311/2311/2311

f 2311/2311/2311 2308/2308/2308 2312/2312/2312

f 2311/2311/2311 2312/2312/2312 2313/2313/2313

f 2310/2310/2310 2309/2309/2309 2314/2314/2314

f 2314/2314/2314 2315/2315/2315 2310/2310/2310

f 2314/2314/2314 2316/2316/2316 2315/2315/2315

f 2317/2317/2317 2311/2311/2311 2313/2313/2313

f 2317/2317/2317 2313/2313/2313 2318/2318/2318

f 2319/2319/2319 2316/2316/2316 2314/2314/2314

f 2319/2319/2319 2320/2320/2320 2316/2316/2316

f 2314/2314/2314 2309/2309/2309 2321/2321/2321

f 2314/2314/2314 2321/2321/2321 2319/2319/2319

f 2319/2319/2319 2322/2322/2322 2320/2320/2320

f 2320/2320/2320 2322/2322/2322 2323/2323/2323

f 2322/2322/2322 2324/2324/2324 2323/2323/2323

f 2325/2325/2325 2319/2319/2319 2321/2321/2321

f 2325/2325/2325 2322/2322/2322 2319/2319/2319

f 2309/2309/2309 2326/2326/2326 2321/2321/2321

f 2309/2309/2309 2305/2305/2305 2326/2326/2326

f 2321/2321/2321 2327/2327/2327 2325/2325/2325

f 2321/2321/2321 2326/2326/2326 2327/2327/2327

f 2305/2305/2305 2328/2328/2328 2326/2326/2326

f 2305/2305/2305 2301/2301/2301 2328/2328/2328

f 2326/2326/2326 2329/2329/2329 2327/2327/2327

f 2326/2326/2326 2328/2328/2328 2329/2329/2329

f 2330/2330/2330 2328/2328/2328 2301/2301/2301

f 2330/2330/2330 2301/2301/2301 2297/2297/2297

f 2331/2331/2331 2329/2329/2329 2328/2328/2328

f 2331/2331/2331 2328/2328/2328 2330/2330/2330

f 2332/2332/2332 2330/2330/2330 2297/2297/2297

f 2332/2332/2332 2297/2297/2297 2293/2293/2293

f 2333/2333/2333 2331/2331/2331 2330/2330/2330

f 2333/2333/2333 2330/2330/2330 2332/2332/2332

f 2334/2334/2334 2332/2332/2332 2293/2293/2293

f 2334/2334/2334 2293/2293/2293 2288/2288/2288

f 2335/2335/2335 2333/2333/2333 2332/2332/2332

f 2335/2335/2335 2332/2332/2332 2334/2334/2334

f 2336/2336/2336 2334/2334/2334 2288/2288/2288

f 2336/2336/2336 2288/2288/2288 2283/2283/2283

f 2337/2337/2337 2335/2335/2335 2334/2334/2334

f 2337/2337/2337 2334/2334/2334 2336/2336/2336

f 2283/2283/2283 2338/2338/2338 2336/2336/2336

f 2283/2283/2283 2279/2279/2279 2338/2338/2338

f 2336/2336/2336 2339/2339/2339 2337/2337/2337

f 2336/2336/2336 2338/2338/2338 2339/2339/2339

f 2340/2340/2340 2335/2335/2335 2337/2337/2337

f 2337/2337/2337 2339/2339/2339 2341/2341/2341

f 2337/2337/2337 2341/2341/2341 2340/2340/2340

f 2342/2342/2342 2339/2339/2339 2338/2338/2338

f 2340/2340/2340 2343/2343/2343 2335/2335/2335

f 2343/2343/2343 2333/2333/2333 2335/2335/2335

f 2344/2344/2344 2339/2339/2339 2342/2342/2342

f 2344/2344/2344 2341/2341/2341 2339/2339/2339

f 2343/2343/2343 2345/2345/2345 2333/2333/2333

f 2345/2345/2345 2331/2331/2331 2333/2333/2333

f 2343/2343/2343 2340/2340/2340 2346/2346/2346

f 2345/2345/2345 2347/2347/2347 2331/2331/2331

f 2347/2347/2347 2329/2329/2329 2331/2331/2331

f 2345/2345/2345 2343/2343/2343 2348/2348/2348

f 2343/2343/2343 2346/2346/2346 2348/2348/2348

f 2347/2347/2347 2345/2345/2345 2349/2349/2349

f 2345/2345/2345 2348/2348/2348 2349/2349/2349

f 2347/2347/2347 2350/2350/2350 2329/2329/2329

f 2327/2327/2327 2329/2329/2329 2350/2350/2350

f 2347/2347/2347 2349/2349/2349 2351/2351/2351

f 2350/2350/2350 2347/2347/2347 2351/2351/2351

f 2327/2327/2327 2350/2350/2350 2352/2352/2352

f 2325/2325/2325 2327/2327/2327 2352/2352/2352

f 2350/2350/2350 2351/2351/2351 2353/2353/2353

f 2352/2352/2352 2350/2350/2350 2353/2353/2353

f 2325/2325/2325 2352/2352/2352 2354/2354/2354

f 2354/2354/2354 2322/2322/2322 2325/2325/2325

f 2352/2352/2352 2353/2353/2353 2355/2355/2355

f 2354/2354/2354 2352/2352/2352 2355/2355/2355

f 2353/2353/2353 2351/2351/2351 2356/2356/2356

f 2353/2353/2353 2356/2356/2356 2355/2355/2355

f 2354/2354/2354 2357/2357/2357 2322/2322/2322

f 2322/2322/2322 2357/2357/2357 2324/2324/2324

f 2324/2324/2324 2357/2357/2357 2358/2358/2358

f 2357/2357/2357 2359/2359/2359 2358/2358/2358

f 2354/2354/2354 2355/2355/2355 2360/2360/2360

f 2357/2357/2357 2354/2354/2354 2360/2360/2360

f 2359/2359/2359 2357/2357/2357 2361/2361/2361

f 2357/2357/2357 2360/2360/2360 2361/2361/2361

f 2362/2362/2362 2359/2359/2359 2361/2361/2361

f 2361/2361/2361 2363/2363/2363 2362/2362/2362

f 2364/2364/2364 2363/2363/2363 2361/2361/2361

f 2361/2361/2361 2365/2365/2365 2364/2364/2364

f 2365/2365/2365 2361/2361/2361 2360/2360/2360

f 2365/2365/2365 2366/2366/2366 2364/2364/2364

f 2367/2367/2367 2366/2366/2366 2365/2365/2365

f 2368/2368/2368 2367/2367/2367 2365/2365/2365

f 2355/2355/2355 2369/2369/2369 2360/2360/2360

f 2365/2365/2365 2360/2360/2360 2369/2369/2369

f 2355/2355/2355 2356/2356/2356 2369/2369/2369

f 2365/2365/2365 2370/2370/2370 2368/2368/2368

f 2370/2370/2370 2365/2365/2365 2369/2369/2369

f 2371/2371/2371 2368/2368/2368 2370/2370/2370

f 2372/2372/2372 2371/2371/2371 2370/2370/2370

f 2356/2356/2356 2373/2373/2373 2369/2369/2369

f 2370/2370/2370 2369/2369/2369 2373/2373/2373

f 2370/2370/2370 2374/2374/2374 2372/2372/2372

f 2374/2374/2374 2370/2370/2370 2373/2373/2373

f 2375/2375/2375 2372/2372/2372 2374/2374/2374

f 2356/2356/2356 2376/2376/2376 2373/2373/2373

f 2351/2351/2351 2376/2376/2376 2356/2356/2356

f 2351/2351/2351 2349/2349/2349 2376/2376/2376

f 2374/2374/2374 2373/2373/2373 2377/2377/2377

f 2376/2376/2376 2377/2377/2377 2373/2373/2373

f 2375/2375/2375 2374/2374/2374 2378/2378/2378

f 2378/2378/2378 2374/2374/2374 2377/2377/2377

f 2379/2379/2379 2375/2375/2375 2378/2378/2378

f 2349/2349/2349 2380/2380/2380 2376/2376/2376

f 2376/2376/2376 2380/2380/2380 2377/2377/2377

f 2349/2349/2349 2348/2348/2348 2380/2380/2380

f 2378/2378/2378 2377/2377/2377 2381/2381/2381

f 2380/2380/2380 2381/2381/2381 2377/2377/2377

f 2379/2379/2379 2378/2378/2378 2382/2382/2382

f 2381/2381/2381 2382/2382/2382 2378/2378/2378

f 2383/2383/2383 2379/2379/2379 2382/2382/2382

f 2348/2348/2348 2384/2384/2384 2380/2380/2380

f 2380/2380/2380 2384/2384/2384 2381/2381/2381

f 2348/2348/2348 2346/2346/2346 2384/2384/2384

f 2381/2381/2381 2385/2385/2385 2382/2382/2382

f 2384/2384/2384 2385/2385/2385 2381/2381/2381

f 2383/2383/2383 2382/2382/2382 2386/2386/2386

f 2385/2385/2385 2386/2386/2386 2382/2382/2382

f 2387/2387/2387 2383/2383/2383 2386/2386/2386

f 2384/2384/2384 2388/2388/2388 2385/2385/2385

f 2346/2346/2346 2388/2388/2388 2384/2384/2384

f 2385/2385/2385 2389/2389/2389 2386/2386/2386

f 2389/2389/2389 2385/2385/2385 2388/2388/2388

f 2387/2387/2387 2386/2386/2386 2390/2390/2390

f 2390/2390/2390 2386/2386/2386 2389/2389/2389

f 2391/2391/2391 2387/2387/2387 2390/2390/2390

f 2346/2346/2346 2392/2392/2392 2388/2388/2388

f 2340/2340/2340 2392/2392/2392 2346/2346/2346

f 2340/2340/2340 2341/2341/2341 2392/2392/2392

f 2393/2393/2393 2388/2388/2388 2392/2392/2392

f 2389/2389/2389 2388/2388/2388 2393/2393/2393

f 2341/2341/2341 2394/2394/2394 2392/2392/2392

f 2393/2393/2393 2392/2392/2392 2394/2394/2394

f 2341/2341/2341 2344/2344/2344 2394/2394/2394

f 2395/2395/2395 2389/2389/2389 2393/2393/2393

f 2390/2390/2390 2389/2389/2389 2395/2395/2395

f 2396/2396/2396 2393/2393/2393 2394/2394/2394

f 2395/2395/2395 2393/2393/2393 2396/2396/2396

f 2344/2344/2344 2397/2397/2397 2394/2394/2394

f 2396/2396/2396 2394/2394/2394 2397/2397/2397

f 2395/2395/2395 2398/2398/2398 2390/2390/2390

f 2391/2391/2391 2390/2390/2390 2398/2398/2398

f 2399/2399/2399 2395/2395/2395 2396/2396/2396

f 2395/2395/2395 2399/2399/2399 2398/2398/2398

f 2399/2399/2399 2396/2396/2396 2400/2400/2400

f 2400/2400/2400 2396/2396/2396 2397/2397/2397

f 2401/2401/2401 2398/2398/2398 2399/2399/2399

f 2401/2401/2401 2399/2399/2399 2400/2400/2400

f 2402/2402/2402 2391/2391/2391 2398/2398/2398

f 2401/2401/2401 2402/2402/2402 2398/2398/2398

f 2402/2402/2402 2403/2403/2403 2391/2391/2391

f 2401/2401/2401 2400/2400/2400 2404/2404/2404

f 2405/2405/2405 2403/2403/2403 2402/2402/2402

f 2405/2405/2405 2406/2406/2406 2403/2403/2403

f 2407/2407/2407 2402/2402/2402 2401/2401/2401

f 2407/2407/2407 2405/2405/2405 2402/2402/2402

f 2408/2408/2408 2406/2406/2406 2405/2405/2405

f 2408/2408/2408 2409/2409/2409 2406/2406/2406

f 2410/2410/2410 2405/2405/2405 2407/2407/2407

f 2410/2410/2410 2408/2408/2408 2405/2405/2405

f 2401/2401/2401 2411/2411/2411 2407/2407/2407

f 2401/2401/2401 2404/2404/2404 2411/2411/2411

f 2412/2412/2412 2410/2410/2410 2407/2407/2407

f 2412/2412/2412 2407/2407/2407 2411/2411/2411

f 2413/2413/2413 2409/2409/2409 2408/2408/2408

f 2413/2413/2413 2414/2414/2414 2409/2409/2409

f 2415/2415/2415 2408/2408/2408 2410/2410/2410

f 2415/2415/2415 2413/2413/2413 2408/2408/2408

f 2416/2416/2416 2414/2414/2414 2413/2413/2413

f 2416/2416/2416 2417/2417/2417 2414/2414/2414

f 2418/2418/2418 2413/2413/2413 2415/2415/2415

f 2418/2418/2418 2416/2416/2416 2413/2413/2413

f 2410/2410/2410 2419/2419/2419 2415/2415/2415

f 2410/2410/2410 2412/2412/2412 2419/2419/2419

f 2415/2415/2415 2420/2420/2420 2418/2418/2418

f 2415/2415/2415 2419/2419/2419 2420/2420/2420

f 2417/2417/2417 2416/2416/2416 2421/2421/2421

f 2417/2417/2417 2421/2421/2421 2422/2422/2422

f 2416/2416/2416 2418/2418/2418 2423/2423/2423

f 2416/2416/2416 2423/2423/2423 2421/2421/2421

f 2424/2424/2424 2422/2422/2422 2421/2421/2421

f 2424/2424/2424 2425/2425/2425 2422/2422/2422

f 2426/2426/2426 2421/2421/2421 2423/2423/2423

f 2426/2426/2426 2424/2424/2424 2421/2421/2421

f 2418/2418/2418 2427/2427/2427 2423/2423/2423

f 2418/2418/2418 2420/2420/2420 2427/2427/2427

f 2423/2423/2423 2428/2428/2428 2426/2426/2426

f 2423/2423/2423 2427/2427/2427 2428/2428/2428

f 2429/2429/2429 2425/2425/2425 2424/2424/2424

f 2429/2429/2429 2430/2430/2430 2425/2425/2425

f 2431/2431/2431 2424/2424/2424 2426/2426/2426

f 2431/2431/2431 2429/2429/2429 2424/2424/2424

f 2432/2432/2432 2430/2430/2430 2429/2429/2429

f 2432/2432/2432 2433/2433/2433 2430/2430/2430

f 2429/2429/2429 2431/2431/2431 2434/2434/2434

f 2429/2429/2429 2434/2434/2434 2432/2432/2432

f 2426/2426/2426 2435/2435/2435 2431/2431/2431

f 2426/2426/2426 2428/2428/2428 2435/2435/2435

f 2436/2436/2436 2434/2434/2434 2431/2431/2431

f 2436/2436/2436 2431/2431/2431 2435/2435/2435

f 2437/2437/2437 2433/2433/2433 2432/2432/2432

f 2437/2437/2437 2438/2438/2438 2433/2433/2433

f 2439/2439/2439 2432/2432/2432 2434/2434/2434

f 2439/2439/2439 2437/2437/2437 2432/2432/2432

f 2440/2440/2440 2438/2438/2438 2437/2437/2437

f 2440/2440/2440 2441/2441/2441 2438/2438/2438

f 2437/2437/2437 2439/2439/2439 2442/2442/2442

f 2437/2437/2437 2442/2442/2442 2440/2440/2440

f 2443/2443/2443 2439/2439/2439 2434/2434/2434

f 2443/2443/2443 2434/2434/2434 2436/2436/2436

f 2439/2439/2439 2444/2444/2444 2442/2442/2442

f 2439/2439/2439 2443/2443/2443 2444/2444/2444

f 2445/2445/2445 2440/2440/2440 2442/2442/2442

f 2440/2440/2440 2446/2446/2446 2441/2441/2441

f 2445/2445/2445 2446/2446/2446 2440/2440/2440

f 2441/2441/2441 2446/2446/2446 2447/2447/2447

f 2446/2446/2446 2448/2448/2448 2447/2447/2447

f 2442/2442/2442 2449/2449/2449 2445/2445/2445

f 2442/2442/2442 2444/2444/2444 2449/2449/2449

f 2446/2446/2446 2450/2450/2450 2448/2448/2448

f 2448/2448/2448 2450/2450/2450 2451/2451/2451

f 2450/2450/2450 2452/2452/2452 2451/2451/2451

f 2453/2453/2453 2446/2446/2446 2445/2445/2445

f 2453/2453/2453 2450/2450/2450 2446/2446/2446

f 2450/2450/2450 2454/2454/2454 2452/2452/2452

f 2452/2452/2452 2454/2454/2454 2455/2455/2455

f 2454/2454/2454 2456/2456/2456 2455/2455/2455

f 2457/2457/2457 2456/2456/2456 2454/2454/2454

f 2458/2458/2458 2454/2454/2454 2450/2450/2450

f 2458/2458/2458 2450/2450/2450 2453/2453/2453

f 2454/2454/2454 2459/2459/2459 2457/2457/2457

f 2458/2458/2458 2459/2459/2459 2454/2454/2454

f 2459/2459/2459 2460/2460/2460 2457/2457/2457

f 2461/2461/2461 2460/2460/2460 2459/2459/2459

f 2462/2462/2462 2461/2461/2461 2459/2459/2459

f 2459/2459/2459 2463/2463/2463 2462/2462/2462

f 2464/2464/2464 2462/2462/2462 2463/2463/2463

f 2465/2465/2465 2464/2464/2464 2463/2463/2463

f 2458/2458/2458 2466/2466/2466 2459/2459/2459

f 2463/2463/2463 2459/2459/2459 2466/2466/2466

f 2463/2463/2463 2467/2467/2467 2465/2465/2465

f 2468/2468/2468 2465/2465/2465 2467/2467/2467

f 2463/2463/2463 2466/2466/2466 2469/2469/2469

f 2467/2467/2467 2463/2463/2463 2469/2469/2469

f 2470/2470/2470 2466/2466/2466 2458/2458/2458

f 2470/2470/2470 2458/2458/2458 2453/2453/2453

f 2468/2468/2468 2467/2467/2467 2471/2471/2471

f 2472/2472/2472 2468/2468/2468 2471/2471/2471

f 2470/2470/2470 2453/2453/2453 2473/2473/2473

f 2445/2445/2445 2473/2473/2473 2453/2453/2453

f 2445/2445/2445 2449/2449/2449 2473/2473/2473

f 2470/2470/2470 2474/2474/2474 2466/2466/2466

f 2469/2469/2469 2466/2466/2466 2474/2474/2474

f 2475/2475/2475 2470/2470/2470 2473/2473/2473

f 2475/2475/2475 2474/2474/2474 2470/2470/2470

f 2449/2449/2449 2476/2476/2476 2473/2473/2473

f 2475/2475/2475 2473/2473/2473 2476/2476/2476

f 2475/2475/2475 2477/2477/2477 2474/2474/2474

f 2477/2477/2477 2475/2475/2475 2476/2476/2476

f 2469/2469/2469 2474/2474/2474 2478/2478/2478

f 2478/2478/2478 2474/2474/2474 2477/2477/2477

f 2467/2467/2467 2469/2469/2469 2479/2479/2479

f 2479/2479/2479 2469/2469/2469 2478/2478/2478

f 2471/2471/2471 2467/2467/2467 2479/2479/2479

f 2478/2478/2478 2477/2477/2477 2480/2480/2480

f 2479/2479/2479 2478/2478/2478 2481/2481/2481

f 2481/2481/2481 2478/2478/2478 2480/2480/2480

f 2471/2471/2471 2479/2479/2479 2482/2482/2482

f 2482/2482/2482 2479/2479/2479 2481/2481/2481

f 2483/2483/2483 2471/2471/2471 2482/2482/2482

f 2472/2472/2472 2471/2471/2471 2483/2483/2483

f 2482/2482/2482 2481/2481/2481 2484/2484/2484

f 2472/2472/2472 2483/2483/2483 2485/2485/2485

f 2472/2472/2472 2485/2485/2485 2486/2486/2486

f 2483/2483/2483 2482/2482/2482 2487/2487/2487

f 2487/2487/2487 2482/2482/2482 2484/2484/2484

f 2483/2483/2483 2488/2488/2488 2485/2485/2485

f 2483/2483/2483 2487/2487/2487 2488/2488/2488

f 2486/2486/2486 2485/2485/2485 2489/2489/2489

f 2489/2489/2489 2490/2490/2490 2486/2486/2486

f 2489/2489/2489 2491/2491/2491 2490/2490/2490

f 2492/2492/2492 2485/2485/2485 2488/2488/2488

f 2492/2492/2492 2489/2489/2489 2485/2485/2485

f 2491/2491/2491 2489/2489/2489 2493/2493/2493

f 2493/2493/2493 2494/2494/2494 2491/2491/2491

f 2493/2493/2493 2495/2495/2495 2494/2494/2494

f 2495/2495/2495 2493/2493/2493 2496/2496/2496

f 2497/2497/2497 2489/2489/2489 2492/2492/2492

f 2497/2497/2497 2493/2493/2493 2489/2489/2489

f 2493/2493/2493 2498/2498/2498 2496/2496/2496

f 2498/2498/2498 2499/2499/2499 2496/2496/2496

f 2499/2499/2499 2498/2498/2498 2500/2500/2500

f 2500/2500/2500 2498/2498/2498 2501/2501/2501

f 2502/2502/2502 2498/2498/2498 2493/2493/2493

f 2502/2502/2502 2493/2493/2493 2497/2497/2497

f 2498/2498/2498 2503/2503/2503 2501/2501/2501

f 2502/2502/2502 2503/2503/2503 2498/2498/2498

f 2501/2501/2501 2503/2503/2503 2504/2504/2504

f 2504/2504/2504 2503/2503/2503 2505/2505/2505

f 2497/2497/2497 2506/2506/2506 2502/2502/2502

f 2503/2503/2503 2507/2507/2507 2505/2505/2505

f 2505/2505/2505 2507/2507/2507 2508/2508/2508

f 2508/2508/2508 2507/2507/2507 2509/2509/2509

f 2502/2502/2502 2510/2510/2510 2503/2503/2503

f 2510/2510/2510 2507/2507/2507 2503/2503/2503

f 2506/2506/2506 2510/2510/2510 2502/2502/2502

f 2507/2507/2507 2511/2511/2511 2509/2509/2509

f 2511/2511/2511 2512/2512/2512 2509/2509/2509

f 2510/2510/2510 2513/2513/2513 2507/2507/2507

f 2513/2513/2513 2511/2511/2511 2507/2507/2507

f 2511/2511/2511 2514/2514/2514 2512/2512/2512

f 2514/2514/2514 2515/2515/2515 2512/2512/2512

f 2513/2513/2513 2516/2516/2516 2511/2511/2511

f 2514/2514/2514 2511/2511/2511 2516/2516/2516

f 2517/2517/2517 2513/2513/2513 2510/2510/2510

f 2506/2506/2506 2517/2517/2517 2510/2510/2510

f 2514/2514/2514 2518/2518/2518 2515/2515/2515

f 2518/2518/2518 2519/2519/2519 2515/2515/2515

f 2520/2520/2520 2518/2518/2518 2514/2514/2514

f 2514/2514/2514 2516/2516/2516 2520/2520/2520

f 2518/2518/2518 2521/2521/2521 2519/2519/2519

f 2521/2521/2521 2522/2522/2522 2519/2519/2519

f 2520/2520/2520 2523/2523/2523 2518/2518/2518

f 2523/2523/2523 2521/2521/2521 2518/2518/2518

f 2521/2521/2521 2524/2524/2524 2522/2522/2522

f 2524/2524/2524 2525/2525/2525 2522/2522/2522

f 2523/2523/2523 2526/2526/2526 2521/2521/2521

f 2526/2526/2526 2524/2524/2524 2521/2521/2521

f 2524/2524/2524 2527/2527/2527 2525/2525/2525

f 2527/2527/2527 2528/2528/2528 2525/2525/2525

f 2526/2526/2526 2529/2529/2529 2524/2524/2524

f 2529/2529/2529 2527/2527/2527 2524/2524/2524

f 2527/2527/2527 2530/2530/2530 2528/2528/2528

f 2530/2530/2530 2531/2531/2531 2528/2528/2528

f 2529/2529/2529 2532/2532/2532 2527/2527/2527

f 2532/2532/2532 2530/2530/2530 2527/2527/2527

f 2530/2530/2530 2533/2533/2533 2531/2531/2531

f 2533/2533/2533 2534/2534/2534 2531/2531/2531

f 2532/2532/2532 2535/2535/2535 2530/2530/2530

f 2535/2535/2535 2533/2533/2533 2530/2530/2530

f 2533/2533/2533 2536/2536/2536 2534/2534/2534

f 2536/2536/2536 2537/2537/2537 2534/2534/2534

f 2535/2535/2535 2538/2538/2538 2533/2533/2533

f 2538/2538/2538 2536/2536/2536 2533/2533/2533

f 2536/2536/2536 2539/2539/2539 2537/2537/2537

f 2539/2539/2539 2540/2540/2540 2537/2537/2537

f 2538/2538/2538 2541/2541/2541 2536/2536/2536

f 2541/2541/2541 2539/2539/2539 2536/2536/2536

f 2539/2539/2539 2542/2542/2542 2540/2540/2540

f 2542/2542/2542 2543/2543/2543 2540/2540/2540

f 2541/2541/2541 2544/2544/2544 2539/2539/2539

f 2544/2544/2544 2542/2542/2542 2539/2539/2539

f 2545/2545/2545 2541/2541/2541 2538/2538/2538

f 2546/2546/2546 2544/2544/2544 2541/2541/2541

f 2545/2545/2545 2546/2546/2546 2541/2541/2541

f 2544/2544/2544 2547/2547/2547 2542/2542/2542

f 2548/2548/2548 2545/2545/2545 2538/2538/2538

f 2548/2548/2548 2538/2538/2538 2535/2535/2535

f 2546/2546/2546 2549/2549/2549 2544/2544/2544

f 2549/2549/2549 2547/2547/2547 2544/2544/2544

f 2550/2550/2550 2548/2548/2548 2535/2535/2535

f 2550/2550/2550 2535/2535/2535 2532/2532/2532

f 2551/2551/2551 2545/2545/2545 2548/2548/2548

f 2552/2552/2552 2550/2550/2550 2532/2532/2532

f 2552/2552/2552 2532/2532/2532 2529/2529/2529

f 2553/2553/2553 2548/2548/2548 2550/2550/2550

f 2553/2553/2553 2551/2551/2551 2548/2548/2548

f 2554/2554/2554 2550/2550/2550 2552/2552/2552

f 2554/2554/2554 2553/2553/2553 2550/2550/2550

f 2555/2555/2555 2552/2552/2552 2529/2529/2529

f 2555/2555/2555 2529/2529/2529 2526/2526/2526

f 2556/2556/2556 2554/2554/2554 2552/2552/2552

f 2556/2556/2556 2552/2552/2552 2555/2555/2555

f 2526/2526/2526 2557/2557/2557 2555/2555/2555

f 2526/2526/2526 2523/2523/2523 2557/2557/2557

f 2555/2555/2555 2558/2558/2558 2556/2556/2556

f 2555/2555/2555 2557/2557/2557 2558/2558/2558

f 2559/2559/2559 2557/2557/2557 2523/2523/2523

f 2559/2559/2559 2523/2523/2523 2520/2520/2520

f 2557/2557/2557 2560/2560/2560 2558/2558/2558

f 2557/2557/2557 2559/2559/2559 2560/2560/2560

f 2520/2520/2520 2561/2561/2561 2559/2559/2559

f 2520/2520/2520 2516/2516/2516 2561/2561/2561

f 2559/2559/2559 2562/2562/2562 2560/2560/2560

f 2559/2559/2559 2561/2561/2561 2562/2562/2562

f 2563/2563/2563 2561/2561/2561 2516/2516/2516

f 2563/2563/2563 2516/2516/2516 2513/2513/2513

f 2517/2517/2517 2563/2563/2563 2513/2513/2513

f 2564/2564/2564 2561/2561/2561 2563/2563/2563

f 2564/2564/2564 2562/2562/2562 2561/2561/2561

f 2565/2565/2565 2563/2563/2563 2517/2517/2517

f 2565/2565/2565 2564/2564/2564 2563/2563/2563

f 2566/2566/2566 2565/2565/2565 2517/2517/2517

f 2566/2566/2566 2517/2517/2517 2506/2506/2506

f 2564/2564/2564 2565/2565/2565 2567/2567/2567

f 2568/2568/2568 2566/2566/2566 2506/2506/2506

f 2497/2497/2497 2568/2568/2568 2506/2506/2506

f 2492/2492/2492 2568/2568/2568 2497/2497/2497

f 2569/2569/2569 2565/2565/2565 2566/2566/2566

f 2568/2568/2568 2569/2569/2569 2566/2566/2566

f 2569/2569/2569 2567/2567/2567 2565/2565/2565

f 2492/2492/2492 2570/2570/2570 2568/2568/2568

f 2570/2570/2570 2569/2569/2569 2568/2568/2568

f 2488/2488/2488 2570/2570/2570 2492/2492/2492

f 2570/2570/2570 2571/2571/2571 2569/2569/2569

f 2571/2571/2571 2567/2567/2567 2569/2569/2569

f 2488/2488/2488 2572/2572/2572 2570/2570/2570

f 2572/2572/2572 2571/2571/2571 2570/2570/2570

f 2487/2487/2487 2572/2572/2572 2488/2488/2488

f 2571/2571/2571 2573/2573/2573 2567/2567/2567

f 2487/2487/2487 2574/2574/2574 2572/2572/2572

f 2572/2572/2572 2575/2575/2575 2571/2571/2571

f 2574/2574/2574 2575/2575/2575 2572/2572/2572

f 2575/2575/2575 2573/2573/2573 2571/2571/2571

f 2487/2487/2487 2484/2484/2484 2574/2574/2574

f 2574/2574/2574 2576/2576/2576 2575/2575/2575

f 2576/2576/2576 2574/2574/2574 2484/2484/2484

f 2575/2575/2575 2577/2577/2577 2573/2573/2573

f 2577/2577/2577 2575/2575/2575 2576/2576/2576

f 2578/2578/2578 2567/2567/2567 2573/2573/2573

f 2564/2564/2564 2567/2567/2567 2578/2578/2578

f 2562/2562/2562 2564/2564/2564 2578/2578/2578

f 2578/2578/2578 2573/2573/2573 2579/2579/2579

f 2579/2579/2579 2573/2573/2573 2577/2577/2577

f 2562/2562/2562 2578/2578/2578 2580/2580/2580

f 2580/2580/2580 2578/2578/2578 2579/2579/2579

f 2560/2560/2560 2562/2562/2562 2580/2580/2580

f 2579/2579/2579 2577/2577/2577 2581/2581/2581

f 2560/2560/2560 2580/2580/2580 2582/2582/2582

f 2558/2558/2558 2560/2560/2560 2582/2582/2582

f 2580/2580/2580 2579/2579/2579 2583/2583/2583

f 2582/2582/2582 2580/2580/2580 2583/2583/2583

f 2583/2583/2583 2579/2579/2579 2581/2581/2581

f 2558/2558/2558 2582/2582/2582 2584/2584/2584

f 2556/2556/2556 2558/2558/2558 2584/2584/2584

f 2582/2582/2582 2583/2583/2583 2585/2585/2585

f 2584/2584/2584 2582/2582/2582 2585/2585/2585

f 2556/2556/2556 2584/2584/2584 2586/2586/2586

f 2554/2554/2554 2556/2556/2556 2586/2586/2586

f 2584/2584/2584 2585/2585/2585 2587/2587/2587

f 2586/2586/2586 2584/2584/2584 2587/2587/2587

f 2585/2585/2585 2583/2583/2583 2588/2588/2588

f 2583/2583/2583 2581/2581/2581 2588/2588/2588

f 2554/2554/2554 2586/2586/2586 2589/2589/2589

f 2553/2553/2553 2554/2554/2554 2589/2589/2589

f 2589/2589/2589 2586/2586/2586 2590/2590/2590

f 2586/2586/2586 2587/2587/2587 2590/2590/2590

f 2553/2553/2553 2589/2589/2589 2591/2591/2591

f 2551/2551/2551 2553/2553/2553 2591/2591/2591

f 2589/2589/2589 2590/2590/2590 2592/2592/2592

f 2591/2591/2591 2589/2589/2589 2592/2592/2592

f 2590/2590/2590 2587/2587/2587 2593/2593/2593

f 2551/2551/2551 2591/2591/2591 2594/2594/2594

f 2587/2587/2587 2585/2585/2585 2595/2595/2595

f 2587/2587/2587 2595/2595/2595 2593/2593/2593

f 2585/2585/2585 2588/2588/2588 2595/2595/2595

f 2590/2590/2590 2593/2593/2593 2596/2596/2596

f 2592/2592/2592 2590/2590/2590 2596/2596/2596

f 2597/2597/2597 2593/2593/2593 2595/2595/2595

f 2591/2591/2591 2592/2592/2592 2598/2598/2598

f 2598/2598/2598 2594/2594/2594 2591/2591/2591

f 2595/2595/2595 2599/2599/2599 2597/2597/2597

f 2595/2595/2595 2588/2588/2588 2599/2599/2599

f 2598/2598/2598 2592/2592/2592 2600/2600/2600

f 2592/2592/2592 2596/2596/2596 2600/2600/2600

f 2601/2601/2601 2599/2599/2599 2588/2588/2588

f 2601/2601/2601 2588/2588/2588 2581/2581/2581

f 2601/2601/2601 2602/2602/2602 2599/2599/2599

f 2602/2602/2602 2597/2597/2597 2599/2599/2599

f 2603/2603/2603 2601/2601/2601 2581/2581/2581

f 2603/2603/2603 2581/2581/2581 2577/2577/2577

f 2577/2577/2577 2576/2576/2576 2603/2603/2603

f 2603/2603/2603 2604/2604/2604 2601/2601/2601

f 2601/2601/2601 2604/2604/2604 2602/2602/2602

f 2576/2576/2576 2605/2605/2605 2603/2603/2603

f 2603/2603/2603 2605/2605/2605 2604/2604/2604

f 2576/2576/2576 2606/2606/2606 2605/2605/2605

f 2576/2576/2576 2484/2484/2484 2606/2606/2606

f 2605/2605/2605 2607/2607/2607 2604/2604/2604

f 2484/2484/2484 2608/2608/2608 2606/2606/2606

f 2484/2484/2484 2481/2481/2481 2608/2608/2608

f 2609/2609/2609 2605/2605/2605 2606/2606/2606

f 2609/2609/2609 2606/2606/2606 2608/2608/2608

f 2605/2605/2605 2609/2609/2609 2607/2607/2607

f 2481/2481/2481 2480/2480/2480 2608/2608/2608

f 2608/2608/2608 2610/2610/2610 2609/2609/2609

f 2608/2608/2608 2480/2480/2480 2610/2610/2610

f 2609/2609/2609 2611/2611/2611 2607/2607/2607

f 2609/2609/2609 2610/2610/2610 2611/2611/2611

f 2604/2604/2604 2607/2607/2607 2612/2612/2612

f 2604/2604/2604 2612/2612/2612 2602/2602/2602

f 2607/2607/2607 2611/2611/2611 2613/2613/2613

f 2607/2607/2607 2613/2613/2613 2612/2612/2612

f 2610/2610/2610 2614/2614/2614 2611/2611/2611

f 2480/2480/2480 2615/2615/2615 2610/2610/2610

f 2610/2610/2610 2615/2615/2615 2614/2614/2614

f 2480/2480/2480 2477/2477/2477 2615/2615/2615

f 2477/2477/2477 2476/2476/2476 2615/2615/2615

f 2615/2615/2615 2476/2476/2476 2616/2616/2616

f 2615/2615/2615 2616/2616/2616 2614/2614/2614

f 2449/2449/2449 2616/2616/2616 2476/2476/2476

f 2444/2444/2444 2616/2616/2616 2449/2449/2449

f 2444/2444/2444 2617/2617/2617 2616/2616/2616

f 2614/2614/2614 2616/2616/2616 2617/2617/2617

f 2443/2443/2443 2617/2617/2617 2444/2444/2444

f 2611/2611/2611 2614/2614/2614 2618/2618/2618

f 2614/2614/2614 2617/2617/2617 2618/2618/2618

f 2611/2611/2611 2618/2618/2618 2613/2613/2613

f 2443/2443/2443 2619/2619/2619 2617/2617/2617

f 2619/2619/2619 2618/2618/2618 2617/2617/2617

f 2619/2619/2619 2443/2443/2443 2436/2436/2436

f 2620/2620/2620 2613/2613/2613 2618/2618/2618

f 2619/2619/2619 2620/2620/2620 2618/2618/2618

f 2619/2619/2619 2436/2436/2436 2621/2621/2621

f 2621/2621/2621 2620/2620/2620 2619/2619/2619

f 2621/2621/2621 2436/2436/2436 2435/2435/2435

f 2620/2620/2620 2622/2622/2622 2613/2613/2613

f 2622/2622/2622 2612/2612/2612 2613/2613/2613

f 2621/2621/2621 2623/2623/2623 2620/2620/2620

f 2623/2623/2623 2622/2622/2622 2620/2620/2620

f 2621/2621/2621 2435/2435/2435 2624/2624/2624

f 2624/2624/2624 2623/2623/2623 2621/2621/2621

f 2428/2428/2428 2624/2624/2624 2435/2435/2435

f 2622/2622/2622 2625/2625/2625 2612/2612/2612

f 2625/2625/2625 2602/2602/2602 2612/2612/2612

f 2428/2428/2428 2626/2626/2626 2624/2624/2624

f 2427/2427/2427 2626/2626/2626 2428/2428/2428

f 2624/2624/2624 2627/2627/2627 2623/2623/2623

f 2627/2627/2627 2624/2624/2624 2626/2626/2626

f 2623/2623/2623 2628/2628/2628 2622/2622/2622

f 2627/2627/2627 2628/2628/2628 2623/2623/2623

f 2628/2628/2628 2625/2625/2625 2622/2622/2622

f 2427/2427/2427 2629/2629/2629 2626/2626/2626

f 2420/2420/2420 2629/2629/2629 2427/2427/2427

f 2627/2627/2627 2626/2626/2626 2630/2630/2630

f 2630/2630/2630 2626/2626/2626 2629/2629/2629

f 2627/2627/2627 2631/2631/2631 2628/2628/2628

f 2631/2631/2631 2627/2627/2627 2630/2630/2630

f 2628/2628/2628 2632/2632/2632 2625/2625/2625

f 2631/2631/2631 2632/2632/2632 2628/2628/2628

f 2625/2625/2625 2633/2633/2633 2602/2602/2602

f 2633/2633/2633 2625/2625/2625 2632/2632/2632

f 2602/2602/2602 2633/2633/2633 2597/2597/2597

f 2631/2631/2631 2634/2634/2634 2632/2632/2632

f 2633/2633/2633 2635/2635/2635 2597/2597/2597

f 2597/2597/2597 2635/2635/2635 2593/2593/2593

f 2633/2633/2633 2632/2632/2632 2636/2636/2636

f 2633/2633/2633 2636/2636/2636 2635/2635/2635

f 2636/2636/2636 2632/2632/2632 2634/2634/2634

f 2635/2635/2635 2596/2596/2596 2593/2593/2593

f 2635/2635/2635 2636/2636/2636 2637/2637/2637

f 2636/2636/2636 2634/2634/2634 2637/2637/2637

f 2635/2635/2635 2638/2638/2638 2596/2596/2596

f 2635/2635/2635 2637/2637/2637 2638/2638/2638

f 2638/2638/2638 2600/2600/2600 2596/2596/2596

f 2637/2637/2637 2639/2639/2639 2638/2638/2638

f 2638/2638/2638 2639/2639/2639 2600/2600/2600

f 2637/2637/2637 2634/2634/2634 2640/2640/2640

f 2639/2639/2639 2641/2641/2641 2600/2600/2600

f 2598/2598/2598 2600/2600/2600 2641/2641/2641

f 2637/2637/2637 2642/2642/2642 2639/2639/2639

f 2637/2637/2637 2640/2640/2640 2642/2642/2642

f 2641/2641/2641 2643/2643/2643 2598/2598/2598

f 2598/2598/2598 2643/2643/2643 2594/2594/2594

f 2639/2639/2639 2644/2644/2644 2641/2641/2641

f 2642/2642/2642 2644/2644/2644 2639/2639/2639

f 2641/2641/2641 2645/2645/2645 2643/2643/2643

f 2644/2644/2644 2645/2645/2645 2641/2641/2641

f 2643/2643/2643 2646/2646/2646 2594/2594/2594

f 2645/2645/2645 2647/2647/2647 2643/2643/2643

f 2643/2643/2643 2647/2647/2647 2646/2646/2646

f 2644/2644/2644 2648/2648/2648 2645/2645/2645

f 2649/2649/2649 2594/2594/2594 2646/2646/2646

f 2649/2649/2649 2551/2551/2551 2594/2594/2594

f 2551/2551/2551 2649/2649/2649 2545/2545/2545

f 2649/2649/2649 2546/2546/2546 2545/2545/2545

f 2649/2649/2649 2650/2650/2650 2546/2546/2546

f 2650/2650/2650 2649/2649/2649 2646/2646/2646

f 2549/2549/2549 2546/2546/2546 2650/2650/2650

f 2650/2650/2650 2646/2646/2646 2651/2651/2651

f 2647/2647/2647 2651/2651/2651 2646/2646/2646

f 2549/2549/2549 2650/2650/2650 2652/2652/2652

f 2650/2650/2650 2651/2651/2651 2653/2653/2653

f 2650/2650/2650 2653/2653/2653 2652/2652/2652

f 2647/2647/2647 2654/2654/2654 2651/2651/2651

f 2651/2651/2651 2655/2655/2655 2653/2653/2653

f 2651/2651/2651 2654/2654/2654 2655/2655/2655

f 2645/2645/2645 2656/2656/2656 2647/2647/2647

f 2656/2656/2656 2654/2654/2654 2647/2647/2647

f 2648/2648/2648 2656/2656/2656 2645/2645/2645

f 2656/2656/2656 2657/2657/2657 2654/2654/2654

f 2648/2648/2648 2658/2658/2658 2656/2656/2656

f 2658/2658/2658 2657/2657/2657 2656/2656/2656

f 2654/2654/2654 2659/2659/2659 2655/2655/2655

f 2654/2654/2654 2657/2657/2657 2659/2659/2659

f 2660/2660/2660 2658/2658/2658 2648/2648/2648

f 2644/2644/2644 2660/2660/2660 2648/2648/2648

f 2658/2658/2658 2661/2661/2661 2657/2657/2657

f 2644/2644/2644 2662/2662/2662 2660/2660/2660

f 2642/2642/2642 2662/2662/2662 2644/2644/2644

f 2660/2660/2660 2663/2663/2663 2658/2658/2658

f 2663/2663/2663 2661/2661/2661 2658/2658/2658

f 2642/2642/2642 2664/2664/2664 2662/2662/2662

f 2642/2642/2642 2640/2640/2640 2664/2664/2664

f 2662/2662/2662 2665/2665/2665 2660/2660/2660

f 2662/2662/2662 2664/2664/2664 2665/2665/2665

f 2666/2666/2666 2663/2663/2663 2660/2660/2660

f 2666/2666/2666 2660/2660/2660 2665/2665/2665

f 2663/2663/2663 2667/2667/2667 2661/2661/2661

f 2668/2668/2668 2663/2663/2663 2666/2666/2666

f 2668/2668/2668 2667/2667/2667 2663/2663/2663

f 2661/2661/2661 2667/2667/2667 2669/2669/2669

f 2668/2668/2668 2669/2669/2669 2667/2667/2667

f 2657/2657/2657 2661/2661/2661 2670/2670/2670

f 2661/2661/2661 2669/2669/2669 2670/2670/2670

f 2657/2657/2657 2670/2670/2670 2659/2659/2659

f 2668/2668/2668 2671/2671/2671 2669/2669/2669

f 2670/2670/2670 2669/2669/2669 2672/2672/2672

f 2671/2671/2671 2672/2672/2672 2669/2669/2669

f 2659/2659/2659 2670/2670/2670 2673/2673/2673

f 2670/2670/2670 2672/2672/2672 2673/2673/2673

f 2674/2674/2674 2671/2671/2671 2668/2668/2668

f 2674/2674/2674 2668/2668/2668 2666/2666/2666

f 2671/2671/2671 2675/2675/2675 2672/2672/2672

f 2674/2674/2674 2666/2666/2666 2676/2676/2676

f 2676/2676/2676 2666/2666/2666 2665/2665/2665

f 2674/2674/2674 2677/2677/2677 2671/2671/2671

f 2677/2677/2677 2675/2675/2675 2671/2671/2671

f 2678/2678/2678 2674/2674/2674 2676/2676/2676

f 2678/2678/2678 2677/2677/2677 2674/2674/2674

f 2676/2676/2676 2665/2665/2665 2679/2679/2679

f 2664/2664/2664 2679/2679/2679 2665/2665/2665

f 2678/2678/2678 2676/2676/2676 2680/2680/2680

f 2680/2680/2680 2676/2676/2676 2679/2679/2679

f 2664/2664/2664 2681/2681/2681 2679/2679/2679

f 2640/2640/2640 2681/2681/2681 2664/2664/2664

f 2680/2680/2680 2679/2679/2679 2682/2682/2682

f 2681/2681/2681 2682/2682/2682 2679/2679/2679

f 2640/2640/2640 2683/2683/2683 2681/2681/2681

f 2634/2634/2634 2683/2683/2683 2640/2640/2640

f 2634/2634/2634 2631/2631/2631 2683/2683/2683

f 2631/2631/2631 2630/2630/2630 2683/2683/2683

f 2683/2683/2683 2684/2684/2684 2681/2681/2681

f 2683/2683/2683 2630/2630/2630 2684/2684/2684

f 2681/2681/2681 2684/2684/2684 2682/2682/2682

f 2630/2630/2630 2629/2629/2629 2684/2684/2684

f 2685/2685/2685 2684/2684/2684 2629/2629/2629

f 2685/2685/2685 2682/2682/2682 2684/2684/2684

f 2420/2420/2420 2685/2685/2685 2629/2629/2629

f 2419/2419/2419 2685/2685/2685 2420/2420/2420

f 2686/2686/2686 2682/2682/2682 2685/2685/2685

f 2419/2419/2419 2686/2686/2686 2685/2685/2685

f 2686/2686/2686 2680/2680/2680 2682/2682/2682

f 2412/2412/2412 2686/2686/2686 2419/2419/2419

f 2687/2687/2687 2680/2680/2680 2686/2686/2686

f 2412/2412/2412 2687/2687/2687 2686/2686/2686

f 2687/2687/2687 2678/2678/2678 2680/2680/2680

f 2687/2687/2687 2412/2412/2412 2411/2411/2411

f 2688/2688/2688 2678/2678/2678 2687/2687/2687

f 2678/2678/2678 2688/2688/2688 2677/2677/2677

f 2687/2687/2687 2411/2411/2411 2689/2689/2689

f 2688/2688/2688 2687/2687/2687 2689/2689/2689

f 2411/2411/2411 2690/2690/2690 2689/2689/2689

f 2411/2411/2411 2404/2404/2404 2690/2690/2690

f 2691/2691/2691 2688/2688/2688 2689/2689/2689

f 2691/2691/2691 2689/2689/2689 2690/2690/2690

f 2688/2688/2688 2692/2692/2692 2677/2677/2677

f 2688/2688/2688 2691/2691/2691 2692/2692/2692

f 2677/2677/2677 2692/2692/2692 2675/2675/2675

f 2693/2693/2693 2690/2690/2690 2404/2404/2404

f 2693/2693/2693 2404/2404/2404 2400/2400/2400

f 2400/2400/2400 2397/2397/2397 2693/2693/2693

f 2694/2694/2694 2690/2690/2690 2693/2693/2693

f 2694/2694/2694 2691/2691/2691 2690/2690/2690

f 2695/2695/2695 2693/2693/2693 2397/2397/2397

f 2695/2695/2695 2694/2694/2694 2693/2693/2693

f 2344/2344/2344 2695/2695/2695 2397/2397/2397

f 2695/2695/2695 2344/2344/2344 2342/2342/2342

f 2691/2691/2691 2694/2694/2694 2696/2696/2696

f 2691/2691/2691 2696/2696/2696 2692/2692/2692

f 2694/2694/2694 2695/2695/2695 2697/2697/2697

f 2695/2695/2695 2342/2342/2342 2697/2697/2697

f 2694/2694/2694 2697/2697/2697 2696/2696/2696

f 2697/2697/2697 2342/2342/2342 2698/2698/2698

f 2342/2342/2342 2338/2338/2338 2698/2698/2698

f 2698/2698/2698 2338/2338/2338 2279/2279/2279

f 2696/2696/2696 2697/2697/2697 2699/2699/2699

f 2697/2697/2697 2698/2698/2698 2699/2699/2699

f 2692/2692/2692 2696/2696/2696 2700/2700/2700

f 2696/2696/2696 2699/2699/2699 2700/2700/2700

f 2692/2692/2692 2700/2700/2700 2675/2675/2675

f 2699/2699/2699 2698/2698/2698 2701/2701/2701

f 2698/2698/2698 2279/2279/2279 2701/2701/2701

f 2700/2700/2700 2699/2699/2699 2702/2702/2702

f 2699/2699/2699 2701/2701/2701 2702/2702/2702

f 2675/2675/2675 2700/2700/2700 2703/2703/2703

f 2700/2700/2700 2702/2702/2702 2703/2703/2703

f 2675/2675/2675 2703/2703/2703 2672/2672/2672

f 2673/2673/2673 2672/2672/2672 2703/2703/2703

f 2704/2704/2704 2703/2703/2703 2702/2702/2702

f 2673/2673/2673 2703/2703/2703 2704/2704/2704

f 2705/2705/2705 2702/2702/2702 2701/2701/2701

f 2704/2704/2704 2702/2702/2702 2705/2705/2705

f 2706/2706/2706 2701/2701/2701 2279/2279/2279

f 2705/2705/2705 2701/2701/2701 2706/2706/2706

f 2706/2706/2706 2279/2279/2279 2277/2277/2277

f 2707/2707/2707 2673/2673/2673 2704/2704/2704

f 2659/2659/2659 2673/2673/2673 2707/2707/2707

f 2655/2655/2655 2659/2659/2659 2707/2707/2707

f 2708/2708/2708 2704/2704/2704 2705/2705/2705

f 2707/2707/2707 2704/2704/2704 2708/2708/2708

f 2655/2655/2655 2707/2707/2707 2709/2709/2709

f 2709/2709/2709 2707/2707/2707 2708/2708/2708

f 2653/2653/2653 2655/2655/2655 2709/2709/2709

f 2708/2708/2708 2705/2705/2705 2710/2710/2710

f 2706/2706/2706 2710/2710/2710 2705/2705/2705

f 2709/2709/2709 2708/2708/2708 2711/2711/2711

f 2711/2711/2711 2708/2708/2708 2710/2710/2710

f 2653/2653/2653 2709/2709/2709 2712/2712/2712

f 2712/2712/2712 2709/2709/2709 2711/2711/2711

f 2652/2652/2652 2653/2653/2653 2712/2712/2712

f 2706/2706/2706 2713/2713/2713 2710/2710/2710

f 2713/2713/2713 2706/2706/2706 2277/2277/2277

f 2652/2652/2652 2712/2712/2712 2714/2714/2714

f 2549/2549/2549 2652/2652/2652 2714/2714/2714

f 2712/2712/2712 2711/2711/2711 2715/2715/2715

f 2714/2714/2714 2712/2712/2712 2715/2715/2715

f 2711/2711/2711 2710/2710/2710 2716/2716/2716

f 2715/2715/2715 2711/2711/2711 2716/2716/2716

f 2713/2713/2713 2716/2716/2716 2710/2710/2710

f 2549/2549/2549 2714/2714/2714 2717/2717/2717

f 2549/2549/2549 2717/2717/2717 2547/2547/2547

f 2714/2714/2714 2715/2715/2715 2718/2718/2718

f 2718/2718/2718 2717/2717/2717 2714/2714/2714

f 2715/2715/2715 2716/2716/2716 2719/2719/2719

f 2718/2718/2718 2715/2715/2715 2719/2719/2719

f 2713/2713/2713 2720/2720/2720 2716/2716/2716

f 2720/2720/2720 2719/2719/2719 2716/2716/2716

f 2718/2718/2718 2721/2721/2721 2717/2717/2717

f 2721/2721/2721 2547/2547/2547 2717/2717/2717

f 2718/2718/2718 2719/2719/2719 2722/2722/2722

f 2721/2721/2721 2718/2718/2718 2722/2722/2722

f 2720/2720/2720 2723/2723/2723 2719/2719/2719

f 2722/2722/2722 2719/2719/2719 2723/2723/2723

f 2720/2720/2720 2713/2713/2713 2724/2724/2724

f 2713/2713/2713 2277/2277/2277 2724/2724/2724

f 2281/2281/2281 2724/2724/2724 2277/2277/2277

f 2720/2720/2720 2724/2724/2724 2725/2725/2725

f 2723/2723/2723 2720/2720/2720 2725/2725/2725

f 2281/2281/2281 2726/2726/2726 2724/2724/2724

f 2726/2726/2726 2725/2725/2725 2724/2724/2724

f 2285/2285/2285 2726/2726/2726 2281/2281/2281

f 2723/2723/2723 2725/2725/2725 2727/2727/2727

f 2285/2285/2285 2728/2728/2728 2726/2726/2726

f 2728/2728/2728 2285/2285/2285 2291/2291/2291

f 2726/2726/2726 2729/2729/2729 2725/2725/2725

f 2728/2728/2728 2729/2729/2729 2726/2726/2726

f 2729/2729/2729 2727/2727/2727 2725/2725/2725

f 2728/2728/2728 2291/2291/2291 2730/2730/2730

f 2730/2730/2730 2291/2291/2291 2295/2295/2295

f 2728/2728/2728 2731/2731/2731 2729/2729/2729

f 2731/2731/2731 2728/2728/2728 2730/2730/2730

f 2729/2729/2729 2732/2732/2732 2727/2727/2727

f 2731/2731/2731 2732/2732/2732 2729/2729/2729

f 2730/2730/2730 2295/2295/2295 2733/2733/2733

f 2733/2733/2733 2295/2295/2295 2299/2299/2299

f 2731/2731/2731 2730/2730/2730 2734/2734/2734

f 2734/2734/2734 2730/2730/2730 2733/2733/2733

f 2731/2731/2731 2735/2735/2735 2732/2732/2732

f 2735/2735/2735 2731/2731/2731 2734/2734/2734

f 2733/2733/2733 2299/2299/2299 2736/2736/2736

f 2303/2303/2303 2736/2736/2736 2299/2299/2299

f 2734/2734/2734 2733/2733/2733 2737/2737/2737

f 2737/2737/2737 2733/2733/2733 2736/2736/2736

f 2303/2303/2303 2738/2738/2738 2736/2736/2736

f 2307/2307/2307 2738/2738/2738 2303/2303/2303

f 2737/2737/2737 2736/2736/2736 2739/2739/2739

f 2739/2739/2739 2736/2736/2736 2738/2738/2738

f 2740/2740/2740 2734/2734/2734 2737/2737/2737

f 2735/2735/2735 2734/2734/2734 2740/2740/2740

f 2741/2741/2741 2737/2737/2737 2739/2739/2739

f 2740/2740/2740 2737/2737/2737 2741/2741/2741

f 2307/2307/2307 2742/2742/2742 2738/2738/2738

f 2311/2311/2311 2742/2742/2742 2307/2307/2307

f 2311/2311/2311 2317/2317/2317 2742/2742/2742

f 2739/2739/2739 2738/2738/2738 2743/2743/2743

f 2743/2743/2743 2738/2738/2738 2742/2742/2742

f 2744/2744/2744 2742/2742/2742 2317/2317/2317

f 2743/2743/2743 2742/2742/2742 2744/2744/2744

f 2745/2745/2745 2739/2739/2739 2743/2743/2743

f 2741/2741/2741 2739/2739/2739 2745/2745/2745

f 2746/2746/2746 2743/2743/2743 2744/2744/2744

f 2745/2745/2745 2743/2743/2743 2746/2746/2746

f 2744/2744/2744 2317/2317/2317 2747/2747/2747

f 2747/2747/2747 2317/2317/2317 2318/2318/2318

f 2748/2748/2748 2747/2747/2747 2318/2318/2318

f 2749/2749/2749 2747/2747/2747 2748/2748/2748

f 2750/2750/2750 2744/2744/2744 2747/2747/2747

f 2746/2746/2746 2744/2744/2744 2750/2750/2750

f 2751/2751/2751 2747/2747/2747 2749/2749/2749

f 2750/2750/2750 2747/2747/2747 2751/2751/2751

f 2752/2752/2752 2751/2751/2751 2749/2749/2749

f 2753/2753/2753 2751/2751/2751 2752/2752/2752

f 2754/2754/2754 2746/2746/2746 2750/2750/2750

f 2755/2755/2755 2751/2751/2751 2753/2753/2753

f 2755/2755/2755 2753/2753/2753 2756/2756/2756

f 2756/2756/2756 2757/2757/2757 2755/2755/2755

f 2755/2755/2755 2757/2757/2757 2758/2758/2758

f 2759/2759/2759 2750/2750/2750 2751/2751/2751

f 2759/2759/2759 2751/2751/2751 2755/2755/2755

f 2754/2754/2754 2750/2750/2750 2759/2759/2759

f 2760/2760/2760 2755/2755/2755 2758/2758/2758

f 2760/2760/2760 2759/2759/2759 2755/2755/2755

f 2761/2761/2761 2760/2760/2760 2758/2758/2758

f 2760/2760/2760 2761/2761/2761 2762/2762/2762

f 2760/2760/2760 2762/2762/2762 2763/2763/2763

f 2760/2760/2760 2764/2764/2764 2759/2759/2759

f 2764/2764/2764 2754/2754/2754 2759/2759/2759

f 2763/2763/2763 2765/2765/2765 2760/2760/2760

f 2765/2765/2765 2764/2764/2764 2760/2760/2760

f 2765/2765/2765 2763/2763/2763 2766/2766/2766

f 2765/2765/2765 2766/2766/2766 2767/2767/2767

f 2764/2764/2764 2768/2768/2768 2754/2754/2754

f 2767/2767/2767 2769/2769/2769 2765/2765/2765

f 2770/2770/2770 2769/2769/2769 2767/2767/2767

f 2765/2765/2765 2771/2771/2771 2764/2764/2764

f 2771/2771/2771 2765/2765/2765 2769/2769/2769

f 2771/2771/2771 2768/2768/2768 2764/2764/2764

f 2770/2770/2770 2772/2772/2772 2769/2769/2769

f 2772/2772/2772 2770/2770/2770 2773/2773/2773

f 2771/2771/2771 2769/2769/2769 2774/2774/2774

f 2772/2772/2772 2774/2774/2774 2769/2769/2769

f 2771/2771/2771 2775/2775/2775 2768/2768/2768

f 2774/2774/2774 2775/2775/2775 2771/2771/2771

f 2772/2772/2772 2773/2773/2773 2776/2776/2776

f 2776/2776/2776 2773/2773/2773 2777/2777/2777

f 2772/2772/2772 2778/2778/2778 2774/2774/2774

f 2778/2778/2778 2772/2772/2772 2776/2776/2776

f 2774/2774/2774 2779/2779/2779 2775/2775/2775

f 2778/2778/2778 2779/2779/2779 2774/2774/2774

f 2776/2776/2776 2777/2777/2777 2780/2780/2780

f 2780/2780/2780 2777/2777/2777 2781/2781/2781

f 2778/2778/2778 2776/2776/2776 2782/2782/2782

f 2782/2782/2782 2776/2776/2776 2780/2780/2780

f 2778/2778/2778 2783/2783/2783 2779/2779/2779

f 2782/2782/2782 2783/2783/2783 2778/2778/2778

f 2780/2780/2780 2781/2781/2781 2784/2784/2784

f 2784/2784/2784 2781/2781/2781 2543/2543/2543

f 2782/2782/2782 2780/2780/2780 2785/2785/2785

f 2785/2785/2785 2780/2780/2780 2784/2784/2784

f 2782/2782/2782 2786/2786/2786 2783/2783/2783

f 2785/2785/2785 2786/2786/2786 2782/2782/2782

f 2784/2784/2784 2543/2543/2543 2787/2787/2787

f 2542/2542/2542 2787/2787/2787 2543/2543/2543

f 2547/2547/2547 2787/2787/2787 2542/2542/2542

f 2785/2785/2785 2784/2784/2784 2788/2788/2788

f 2788/2788/2788 2784/2784/2784 2787/2787/2787

f 2547/2547/2547 2789/2789/2789 2787/2787/2787

f 2788/2788/2788 2787/2787/2787 2789/2789/2789

f 2721/2721/2721 2789/2789/2789 2547/2547/2547

f 2790/2790/2790 2785/2785/2785 2788/2788/2788

f 2785/2785/2785 2790/2790/2790 2786/2786/2786

f 2789/2789/2789 2791/2791/2791 2788/2788/2788

f 2789/2789/2789 2721/2721/2721 2791/2791/2791

f 2790/2790/2790 2788/2788/2788 2791/2791/2791

f 2721/2721/2721 2722/2722/2722 2791/2791/2791

f 2792/2792/2792 2791/2791/2791 2722/2722/2722

f 2792/2792/2792 2790/2790/2790 2791/2791/2791

f 2722/2722/2722 2723/2723/2723 2792/2792/2792

f 2792/2792/2792 2723/2723/2723 2727/2727/2727

f 2790/2790/2790 2792/2792/2792 2793/2793/2793

f 2792/2792/2792 2727/2727/2727 2793/2793/2793

f 2790/2790/2790 2793/2793/2793 2786/2786/2786

f 2793/2793/2793 2727/2727/2727 2732/2732/2732

f 2794/2794/2794 2786/2786/2786 2793/2793/2793

f 2793/2793/2793 2732/2732/2732 2794/2794/2794

f 2794/2794/2794 2783/2783/2783 2786/2786/2786

f 2794/2794/2794 2732/2732/2732 2735/2735/2735

f 2783/2783/2783 2794/2794/2794 2795/2795/2795

f 2794/2794/2794 2735/2735/2735 2795/2795/2795

f 2783/2783/2783 2795/2795/2795 2779/2779/2779

f 2795/2795/2795 2735/2735/2735 2740/2740/2740

f 2779/2779/2779 2795/2795/2795 2796/2796/2796

f 2795/2795/2795 2740/2740/2740 2796/2796/2796

f 2779/2779/2779 2796/2796/2796 2775/2775/2775

f 2796/2796/2796 2740/2740/2740 2741/2741/2741

f 2775/2775/2775 2796/2796/2796 2797/2797/2797

f 2796/2796/2796 2741/2741/2741 2797/2797/2797

f 2775/2775/2775 2797/2797/2797 2768/2768/2768

f 2797/2797/2797 2741/2741/2741 2745/2745/2745

f 2768/2768/2768 2797/2797/2797 2798/2798/2798

f 2797/2797/2797 2745/2745/2745 2798/2798/2798

f 2768/2768/2768 2798/2798/2798 2754/2754/2754

f 2798/2798/2798 2745/2745/2745 2746/2746/2746

f 2798/2798/2798 2746/2746/2746 2754/2754/2754

f 2799/2799/2799 2800/2800/2800 2801/2801/2801

f 2802/2802/2802 2799/2799/2799 2801/2801/2801

f 2802/2802/2802 2801/2801/2801 2803/2803/2803

f 2801/2801/2801 2804/2804/2804 2803/2803/2803

f 2805/2805/2805 2803/2803/2803 2804/2804/2804

f 2806/2806/2806 2805/2805/2805 2804/2804/2804

f 2807/2807/2807 2806/2806/2806 2804/2804/2804

f 2808/2808/2808 2807/2807/2807 2804/2804/2804

f 2809/2809/2809 2808/2808/2808 2804/2804/2804

f 2804/2804/2804 2810/2810/2810 2809/2809/2809

f 2811/2811/2811 2812/2812/2812 2813/2813/2813

f 2813/2813/2813 2814/2814/2814 2811/2811/2811

f 2814/2814/2814 2815/2815/2815 2811/2811/2811

f 2816/2816/2816 2811/2811/2811 2815/2815/2815

f 2815/2815/2815 2817/2817/2817 2816/2816/2816

f 2817/2817/2817 2818/2818/2818 2816/2816/2816

f 2818/2818/2818 2819/2819/2819 2816/2816/2816

f 2819/2819/2819 2820/2820/2820 2816/2816/2816

f 2820/2820/2820 2821/2821/2821 2816/2816/2816

f 2821/2821/2821 2822/2822/2822 2816/2816/2816

f 2823/2823/2823 2824/2824/2824 2825/2825/2825

f 2824/2824/2824 2826/2826/2826 2825/2825/2825

f 2826/2826/2826 2827/2827/2827 2825/2825/2825

f 2825/2825/2825 2827/2827/2827 2828/2828/2828

f 2827/2827/2827 2829/2829/2829 2828/2828/2828

f 2829/2829/2829 2830/2830/2830 2828/2828/2828

f 2830/2830/2830 2831/2831/2831 2828/2828/2828

f 2831/2831/2831 2832/2832/2832 2828/2828/2828

f 2832/2832/2832 2833/2833/2833 2828/2828/2828

f 2833/2833/2833 2834/2834/2834 2828/2828/2828

f 2835/2835/2835 2836/2836/2836 2837/2837/2837

f 2838/2838/2838 2835/2835/2835 2837/2837/2837

f 2839/2839/2839 2838/2838/2838 2837/2837/2837

f 2837/2837/2837 2840/2840/2840 2839/2839/2839

f 2841/2841/2841 2839/2839/2839 2840/2840/2840

f 2842/2842/2842 2841/2841/2841 2840/2840/2840

f 2843/2843/2843 2842/2842/2842 2840/2840/2840

f 2844/2844/2844 2843/2843/2843 2840/2840/2840

f 2845/2845/2845 2844/2844/2844 2840/2840/2840

f 2840/2840/2840 2846/2846/2846 2845/2845/2845

f 2847/2847/2847 2848/2848/2848 2849/2849/2849

f 2850/2850/2850 2849/2849/2849 2848/2848/2848

f 2847/2847/2847 2851/2851/2851 2848/2848/2848

f 2852/2852/2852 2851/2851/2851 2847/2847/2847

f 2850/2850/2850 2848/2848/2848 2853/2853/2853

f 2852/2852/2852 2854/2854/2854 2851/2851/2851

f 2850/2850/2850 2853/2853/2853 2855/2855/2855

f 2850/2850/2850 2855/2855/2855 2856/2856/2856

f 2853/2853/2853 2848/2848/2848 2857/2857/2857

f 2857/2857/2857 2848/2848/2848 2851/2851/2851

f 2855/2855/2855 2853/2853/2853 2857/2857/2857

f 2851/2851/2851 2854/2854/2854 2857/2857/2857

f 2856/2856/2856 2855/2855/2855 2858/2858/2858

f 2856/2856/2856 2858/2858/2858 2859/2859/2859

f 2852/2852/2852 2860/2860/2860 2854/2854/2854

f 2852/2852/2852 2861/2861/2861 2860/2860/2860

f 2859/2859/2859 2858/2858/2858 2862/2862/2862

f 2859/2859/2859 2862/2862/2862 2863/2863/2863

f 2861/2861/2861 2864/2864/2864 2860/2860/2860

f 2861/2861/2861 2865/2865/2865 2864/2864/2864

f 2863/2863/2863 2862/2862/2862 2866/2866/2866

f 2863/2863/2863 2866/2866/2866 2867/2867/2867

f 2868/2868/2868 2862/2862/2862 2858/2858/2858

f 2866/2866/2866 2862/2862/2862 2868/2868/2868

f 2858/2858/2858 2855/2855/2855 2868/2868/2868

f 2857/2857/2857 2868/2868/2868 2855/2855/2855

f 2867/2867/2867 2866/2866/2866 2869/2869/2869

f 2869/2869/2869 2866/2866/2866 2868/2868/2868

f 2867/2867/2867 2869/2869/2869 2870/2870/2870

f 2870/2870/2870 2869/2869/2869 2871/2871/2871

f 2870/2870/2870 2871/2871/2871 2872/2872/2872

f 2871/2871/2871 2869/2869/2869 2873/2873/2873

f 2868/2868/2868 2873/2873/2873 2869/2869/2869

f 2872/2872/2872 2871/2871/2871 2874/2874/2874

f 2873/2873/2873 2874/2874/2874 2871/2871/2871

f 2872/2872/2872 2874/2874/2874 2875/2875/2875

f 2876/2876/2876 2875/2875/2875 2874/2874/2874

f 2876/2876/2876 2874/2874/2874 2877/2877/2877

f 2877/2877/2877 2874/2874/2874 2873/2873/2873

f 2878/2878/2878 2876/2876/2876 2877/2877/2877

f 2878/2878/2878 2877/2877/2877 2879/2879/2879

f 2879/2879/2879 2877/2877/2877 2873/2873/2873

f 2880/2880/2880 2878/2878/2878 2879/2879/2879

f 2880/2880/2880 2879/2879/2879 2881/2881/2881

f 2880/2880/2880 2881/2881/2881 2882/2882/2882

f 2880/2880/2880 2882/2882/2882 2883/2883/2883

f 2884/2884/2884 2883/2883/2883 2882/2882/2882

f 2881/2881/2881 2879/2879/2879 2885/2885/2885

f 2885/2885/2885 2882/2882/2882 2881/2881/2881

f 2873/2873/2873 2885/2885/2885 2879/2879/2879

f 2884/2884/2884 2882/2882/2882 2886/2886/2886

f 2886/2886/2886 2882/2882/2882 2885/2885/2885

f 2887/2887/2887 2884/2884/2884 2886/2886/2886

f 2887/2887/2887 2886/2886/2886 2888/2888/2888

f 2888/2888/2888 2886/2886/2886 2885/2885/2885

f 2889/2889/2889 2887/2887/2887 2888/2888/2888

f 2889/2889/2889 2888/2888/2888 2890/2890/2890

f 2891/2891/2891 2889/2889/2889 2890/2890/2890

f 2885/2885/2885 2892/2892/2892 2888/2888/2888

f 2890/2890/2890 2888/2888/2888 2892/2892/2892

f 2891/2891/2891 2890/2890/2890 2893/2893/2893

f 2892/2892/2892 2893/2893/2893 2890/2890/2890

f 2894/2894/2894 2891/2891/2891 2893/2893/2893

f 2894/2894/2894 2893/2893/2893 2895/2895/2895

f 2895/2895/2895 2893/2893/2893 2892/2892/2892

f 2896/2896/2896 2894/2894/2894 2895/2895/2895

f 2896/2896/2896 2895/2895/2895 2897/2897/2897

f 2897/2897/2897 2895/2895/2895 2892/2892/2892

f 2898/2898/2898 2896/2896/2896 2897/2897/2897

f 2898/2898/2898 2897/2897/2897 2899/2899/2899

f 2898/2898/2898 2899/2899/2899 2900/2900/2900

f 2898/2898/2898 2900/2900/2900 2901/2901/2901

f 2902/2902/2902 2901/2901/2901 2900/2900/2900

f 2899/2899/2899 2897/2897/2897 2903/2903/2903

f 2903/2903/2903 2900/2900/2900 2899/2899/2899

f 2892/2892/2892 2903/2903/2903 2897/2897/2897

f 2902/2902/2902 2900/2900/2900 2904/2904/2904

f 2904/2904/2904 2900/2900/2900 2903/2903/2903

f 2905/2905/2905 2902/2902/2902 2904/2904/2904

f 2905/2905/2905 2904/2904/2904 2906/2906/2906

f 2906/2906/2906 2904/2904/2904 2903/2903/2903

f 2907/2907/2907 2905/2905/2905 2906/2906/2906

f 2907/2907/2907 2906/2906/2906 2908/2908/2908

f 2909/2909/2909 2907/2907/2907 2908/2908/2908

f 2909/2909/2909 2908/2908/2908 2910/2910/2910

f 2911/2911/2911 2909/2909/2909 2910/2910/2910

f 2908/2908/2908 2906/2906/2906 2912/2912/2912

f 2912/2912/2912 2910/2910/2910 2908/2908/2908

f 2903/2903/2903 2912/2912/2912 2906/2906/2906

f 2911/2911/2911 2910/2910/2910 2913/2913/2913

f 2913/2913/2913 2910/2910/2910 2912/2912/2912

f 2914/2914/2914 2911/2911/2911 2913/2913/2913

f 2914/2914/2914 2913/2913/2913 2915/2915/2915

f 2915/2915/2915 2913/2913/2913 2912/2912/2912

f 2916/2916/2916 2914/2914/2914 2915/2915/2915

f 2916/2916/2916 2915/2915/2915 2917/2917/2917

f 2916/2916/2916 2917/2917/2917 2918/2918/2918

f 2916/2916/2916 2918/2918/2918 2919/2919/2919

f 2920/2920/2920 2919/2919/2919 2918/2918/2918

f 2917/2917/2917 2915/2915/2915 2921/2921/2921

f 2921/2921/2921 2918/2918/2918 2917/2917/2917

f 2912/2912/2912 2921/2921/2921 2915/2915/2915

f 2920/2920/2920 2918/2918/2918 2922/2922/2922

f 2922/2922/2922 2918/2918/2918 2921/2921/2921

f 2920/2920/2920 2922/2922/2922 2923/2923/2923

f 2923/2923/2923 2922/2922/2922 2921/2921/2921

f 2920/2920/2920 2923/2923/2923 2924/2924/2924

f 2924/2924/2924 2923/2923/2923 2925/2925/2925

f 2924/2924/2924 2925/2925/2925 2926/2926/2926

f 2925/2925/2925 2923/2923/2923 2927/2927/2927

f 2921/2921/2921 2927/2927/2927 2923/2923/2923

f 2926/2926/2926 2925/2925/2925 2928/2928/2928

f 2927/2927/2927 2928/2928/2928 2925/2925/2925

f 2926/2926/2926 2928/2928/2928 2929/2929/2929

f 2930/2930/2930 2929/2929/2929 2928/2928/2928

f 2930/2930/2930 2928/2928/2928 2931/2931/2931

f 2931/2931/2931 2928/2928/2928 2927/2927/2927

f 2930/2930/2930 2931/2931/2931 2932/2932/2932

f 2932/2932/2932 2931/2931/2931 2927/2927/2927

f 2930/2930/2930 2932/2932/2932 2933/2933/2933

f 2933/2933/2933 2932/2932/2932 2934/2934/2934

f 2933/2933/2933 2934/2934/2934 2935/2935/2935

f 2927/2927/2927 2936/2936/2936 2932/2932/2932

f 2934/2934/2934 2932/2932/2932 2936/2936/2936

f 2935/2935/2935 2934/2934/2934 2937/2937/2937

f 2936/2936/2936 2937/2937/2937 2934/2934/2934

f 2935/2935/2935 2937/2937/2937 2938/2938/2938

f 2939/2939/2939 2938/2938/2938 2937/2937/2937

f 2939/2939/2939 2937/2937/2937 2940/2940/2940

f 2940/2940/2940 2937/2937/2937 2936/2936/2936

f 2941/2941/2941 2939/2939/2939 2940/2940/2940

f 2941/2941/2941 2940/2940/2940 2942/2942/2942

f 2942/2942/2942 2940/2940/2940 2936/2936/2936

f 2943/2943/2943 2941/2941/2941 2942/2942/2942

f 2943/2943/2943 2942/2942/2942 2944/2944/2944

f 2943/2943/2943 2944/2944/2944 2945/2945/2945

f 2943/2943/2943 2945/2945/2945 2946/2946/2946

f 2947/2947/2947 2946/2946/2946 2945/2945/2945

f 2944/2944/2944 2942/2942/2942 2948/2948/2948

f 2948/2948/2948 2945/2945/2945 2944/2944/2944

f 2936/2936/2936 2948/2948/2948 2942/2942/2942

f 2947/2947/2947 2945/2945/2945 2949/2949/2949

f 2949/2949/2949 2945/2945/2945 2948/2948/2948

f 2950/2950/2950 2947/2947/2947 2949/2949/2949

f 2950/2950/2950 2949/2949/2949 2951/2951/2951

f 2951/2951/2951 2949/2949/2949 2948/2948/2948

f 2952/2952/2952 2950/2950/2950 2951/2951/2951

f 2952/2952/2952 2951/2951/2951 2953/2953/2953

f 2952/2952/2952 2953/2953/2953 2954/2954/2954

f 2952/2952/2952 2954/2954/2954 2955/2955/2955

f 2956/2956/2956 2955/2955/2955 2954/2954/2954

f 2953/2953/2953 2951/2951/2951 2957/2957/2957

f 2957/2957/2957 2954/2954/2954 2953/2953/2953

f 2948/2948/2948 2957/2957/2957 2951/2951/2951

f 2956/2956/2956 2954/2954/2954 2958/2958/2958

f 2958/2958/2958 2954/2954/2954 2957/2957/2957

f 2956/2956/2956 2958/2958/2958 2959/2959/2959

f 2959/2959/2959 2958/2958/2958 2957/2957/2957

f 2956/2956/2956 2959/2959/2959 2960/2960/2960

f 2960/2960/2960 2959/2959/2959 2961/2961/2961

f 2960/2960/2960 2961/2961/2961 2962/2962/2962

f 2961/2961/2961 2959/2959/2959 2963/2963/2963

f 2957/2957/2957 2963/2963/2963 2959/2959/2959

f 2962/2962/2962 2961/2961/2961 2964/2964/2964

f 2963/2963/2963 2964/2964/2964 2961/2961/2961

f 2962/2962/2962 2964/2964/2964 2965/2965/2965

f 2965/2965/2965 2964/2964/2964 2966/2966/2966

f 2966/2966/2966 2964/2964/2964 2963/2963/2963

f 2965/2965/2965 2966/2966/2966 2967/2967/2967

f 2967/2967/2967 2966/2966/2966 2968/2968/2968

f 2968/2968/2968 2966/2966/2966 2963/2963/2963

f 2967/2967/2967 2968/2968/2968 2969/2969/2969

f 2969/2969/2969 2968/2968/2968 2970/2970/2970

f 2969/2969/2969 2970/2970/2970 2971/2971/2971

f 2970/2970/2970 2968/2968/2968 2972/2972/2972

f 2963/2963/2963 2972/2972/2972 2968/2968/2968

f 2971/2971/2971 2970/2970/2970 2973/2973/2973

f 2972/2972/2972 2973/2973/2973 2970/2970/2970

f 2971/2971/2971 2973/2973/2973 2974/2974/2974

f 2975/2975/2975 2974/2974/2974 2973/2973/2973

f 2975/2975/2975 2973/2973/2973 2976/2976/2976

f 2976/2976/2976 2973/2973/2973 2972/2972/2972

f 2975/2975/2975 2976/2976/2976 2977/2977/2977

f 2977/2977/2977 2976/2976/2976 2972/2972/2972

f 2975/2975/2975 2977/2977/2977 2978/2978/2978

f 2978/2978/2978 2977/2977/2977 2979/2979/2979

f 2978/2978/2978 2979/2979/2979 2980/2980/2980

f 2979/2979/2979 2977/2977/2977 2981/2981/2981

f 2972/2972/2972 2981/2981/2981 2977/2977/2977

f 2980/2980/2980 2979/2979/2979 2982/2982/2982

f 2981/2981/2981 2982/2982/2982 2979/2979/2979

f 2980/2980/2980 2982/2982/2982 2983/2983/2983

f 2983/2983/2983 2982/2982/2982 2984/2984/2984

f 2984/2984/2984 2982/2982/2982 2981/2981/2981

f 2983/2983/2983 2984/2984/2984 2985/2985/2985

f 2985/2985/2985 2984/2984/2984 2986/2986/2986

f 2986/2986/2986 2984/2984/2984 2981/2981/2981

f 2985/2985/2985 2986/2986/2986 2987/2987/2987

f 2987/2987/2987 2986/2986/2986 2988/2988/2988

f 2987/2987/2987 2988/2988/2988 2989/2989/2989

f 2865/2865/2865 2989/2989/2989 2988/2988/2988

f 2865/2865/2865 2988/2988/2988 2864/2864/2864

f 2988/2988/2988 2986/2986/2986 2990/2990/2990

f 2990/2990/2990 2864/2864/2864 2988/2988/2988

f 2981/2981/2981 2990/2990/2990 2986/2986/2986

f 2860/2860/2860 2864/2864/2864 2990/2990/2990

f 2854/2854/2854 2860/2860/2860 2990/2990/2990

f 2990/2990/2990 2857/2857/2857 2854/2854/2854

f 2990/2990/2990 2981/2981/2981 2991/2991/2991

f 2972/2972/2972 2991/2991/2991 2981/2981/2981

f 2857/2857/2857 2990/2990/2990 2992/2992/2992

f 2990/2990/2990 2991/2991/2991 2992/2992/2992

f 2857/2857/2857 2992/2992/2992 2993/2993/2993

f 2868/2868/2868 2857/2857/2857 2993/2993/2993

f 2991/2991/2991 2994/2994/2994 2992/2992/2992

f 2993/2993/2993 2992/2992/2992 2994/2994/2994

f 2972/2972/2972 2995/2995/2995 2991/2991/2991

f 2963/2963/2963 2995/2995/2995 2972/2972/2972

f 2868/2868/2868 2993/2993/2993 2996/2996/2996

f 2963/2963/2963 2997/2997/2997 2995/2995/2995

f 2957/2957/2957 2997/2997/2997 2963/2963/2963

f 2991/2991/2991 2995/2995/2995 2998/2998/2998

f 2957/2957/2957 2999/2999/2999 2997/2997/2997

f 2991/2991/2991 2998/2998/2998 3000/3000/3000

f 2991/2991/2991 3000/3000/3000 2994/2994/2994

f 3001/3001/3001 2998/2998/2998 2995/2995/2995

f 3001/3001/3001 2995/2995/2995 2997/2997/2997

f 3000/3000/3000 2998/2998/2998 3002/3002/3002

f 3002/3002/3002 2998/2998/2998 3001/3001/3001

f 2997/2997/2997 3003/3003/3003 3001/3001/3001

f 2997/2997/2997 2999/2999/2999 3003/3003/3003

f 3002/3002/3002 3001/3001/3001 3004/3004/3004

f 3003/3003/3003 3004/3004/3004 3001/3001/3001

f 2957/2957/2957 3005/3005/3005 2999/2999/2999

f 3005/3005/3005 3003/3003/3003 2999/2999/2999

f 2957/2957/2957 2948/2948/2948 3005/3005/3005

f 2936/2936/2936 3005/3005/3005 2948/2948/2948

f 3005/3005/3005 3006/3006/3006 3003/3003/3003

f 2936/2936/2936 3007/3007/3007 3005/3005/3005

f 3006/3006/3006 3008/3008/3008 3003/3003/3003

f 3003/3003/3003 3008/3008/3008 3004/3004/3004

f 3005/3005/3005 3009/3009/3009 3006/3006/3006

f 3005/3005/3005 3007/3007/3007 3009/3009/3009

f 3006/3006/3006 3010/3010/3010 3008/3008/3008

f 3010/3010/3010 3006/3006/3006 3009/3009/3009

f 2936/2936/2936 3011/3011/3011 3007/3007/3007

f 3011/3011/3011 3009/3009/3009 3007/3007/3007

f 2936/2936/2936 2927/2927/2927 3011/3011/3011

f 2921/2921/2921 3011/3011/3011 2927/2927/2927

f 2921/2921/2921 3012/3012/3012 3011/3011/3011

f 2912/2912/2912 3012/3012/3012 2921/2921/2921

f 3011/3011/3011 3013/3013/3013 3009/3009/3009

f 2912/2912/2912 3014/3014/3014 3012/3012/3012

f 3015/3015/3015 3011/3011/3011 3012/3012/3012

f 3014/3014/3014 3015/3015/3015 3012/3012/3012

f 3015/3015/3015 3013/3013/3013 3011/3011/3011

f 2912/2912/2912 3016/3016/3016 3014/3014/3014

f 2912/2912/2912 2903/2903/2903 3016/3016/3016

f 3014/3014/3014 3017/3017/3017 3015/3015/3015

f 3016/3016/3016 3017/3017/3017 3014/3014/3014

f 2903/2903/2903 3018/3018/3018 3016/3016/3016

f 2903/2903/2903 2892/2892/2892 3018/3018/3018

f 3016/3016/3016 3019/3019/3019 3017/3017/3017

f 3018/3018/3018 3019/3019/3019 3016/3016/3016

f 2892/2892/2892 3020/3020/3020 3018/3018/3018

f 2892/2892/2892 2885/2885/2885 3020/3020/3020

f 2873/2873/2873 3020/3020/3020 2885/2885/2885

f 3018/3018/3018 3021/3021/3021 3019/3019/3019

f 3020/3020/3020 3021/3021/3021 3018/3018/3018

f 3017/3017/3017 3019/3019/3019 3022/3022/3022

f 3021/3021/3021 3022/3022/3022 3019/3019/3019

f 2873/2873/2873 3023/3023/3023 3020/3020/3020

f 2868/2868/2868 3023/3023/3023 2873/2873/2873

f 2868/2868/2868 2996/2996/2996 3023/3023/3023

f 3024/3024/3024 3020/3020/3020 3023/3023/3023

f 3020/3020/3020 3024/3024/3024 3021/3021/3021

f 2996/2996/2996 3025/3025/3025 3023/3023/3023

f 3024/3024/3024 3023/3023/3023 3025/3025/3025

f 2996/2996/2996 3026/3026/3026 3025/3025/3025

f 3021/3021/3021 3024/3024/3024 3027/3027/3027

f 2996/2996/2996 3028/3028/3028 3026/3026/3026

f 2996/2996/2996 2993/2993/2993 3028/3028/3028

f 2993/2993/2993 2994/2994/2994 3028/3028/3028

f 3025/3025/3025 3026/3026/3026 3029/3029/3029

f 3029/3029/3029 3026/3026/3026 3028/3028/3028

f 3030/3030/3030 3024/3024/3024 3025/3025/3025

f 3025/3025/3025 3029/3029/3029 3030/3030/3030

f 3030/3030/3030 3027/3027/3027 3024/3024/3024

f 3029/3029/3029 3028/3028/3028 3031/3031/3031

f 2994/2994/2994 3031/3031/3031 3028/3028/3028

f 3030/3030/3030 3029/3029/3029 3032/3032/3032

f 3032/3032/3032 3029/3029/3029 3031/3031/3031

f 3030/3030/3030 3032/3032/3032 3033/3033/3033

f 3027/3027/3027 3030/3030/3030 3033/3033/3033

f 3032/3032/3032 3031/3031/3031 3034/3034/3034

f 2994/2994/2994 3035/3035/3035 3031/3031/3031

f 3035/3035/3035 3034/3034/3034 3031/3031/3031

f 3000/3000/3000 3035/3035/3035 2994/2994/2994

f 3032/3032/3032 3034/3034/3034 3036/3036/3036

f 3033/3033/3033 3032/3032/3032 3036/3036/3036

f 3035/3035/3035 3037/3037/3037 3034/3034/3034

f 3037/3037/3037 3036/3036/3036 3034/3034/3034

f 3000/3000/3000 3038/3038/3038 3035/3035/3035

f 3000/3000/3000 3002/3002/3002 3038/3038/3038

f 3035/3035/3035 3039/3039/3039 3037/3037/3037

f 3035/3035/3035 3038/3038/3038 3039/3039/3039

f 3039/3039/3039 3036/3036/3036 3037/3037/3037

f 3038/3038/3038 3002/3002/3002 3040/3040/3040

f 3038/3038/3038 3040/3040/3040 3039/3039/3039

f 3040/3040/3040 3036/3036/3036 3039/3039/3039

f 3004/3004/3004 3040/3040/3040 3002/3002/3002

f 3004/3004/3004 3041/3041/3041 3040/3040/3040

f 3041/3041/3041 3036/3036/3036 3040/3040/3040

f 3004/3004/3004 3042/3042/3042 3041/3041/3041

f 3042/3042/3042 3036/3036/3036 3041/3041/3041

f 3004/3004/3004 3008/3008/3008 3042/3042/3042

f 3008/3008/3008 3043/3043/3043 3042/3042/3042

f 3043/3043/3043 3036/3036/3036 3042/3042/3042

f 3008/3008/3008 3010/3010/3010 3043/3043/3043

f 3044/3044/3044 3043/3043/3043 3010/3010/3010

f 3010/3010/3010 3009/3009/3009 3044/3044/3044

f 3044/3044/3044 3045/3045/3045 3043/3043/3043

f 3045/3045/3045 3036/3036/3036 3043/3043/3043

f 3009/3009/3009 3046/3046/3046 3044/3044/3044

f 3009/3009/3009 3013/3013/3013 3046/3046/3046

f 3044/3044/3044 3047/3047/3047 3045/3045/3045

f 3044/3044/3044 3046/3046/3046 3047/3047/3047

f 3047/3047/3047 3036/3036/3036 3045/3045/3045

f 3048/3048/3048 3046/3046/3046 3013/3013/3013

f 3048/3048/3048 3013/3013/3013 3015/3015/3015

f 3046/3046/3046 3049/3049/3049 3047/3047/3047

f 3046/3046/3046 3048/3048/3048 3049/3049/3049

f 3049/3049/3049 3036/3036/3036 3047/3047/3047

f 3015/3015/3015 3050/3050/3050 3048/3048/3048

f 3015/3015/3015 3017/3017/3017 3050/3050/3050

f 3048/3048/3048 3051/3051/3051 3049/3049/3049

f 3048/3048/3048 3050/3050/3050 3051/3051/3051

f 3051/3051/3051 3036/3036/3036 3049/3049/3049

f 3017/3017/3017 3022/3022/3022 3050/3050/3050

f 3050/3050/3050 3052/3052/3052 3051/3051/3051

f 3050/3050/3050 3022/3022/3022 3052/3052/3052

f 3051/3051/3051 3052/3052/3052 3036/3036/3036

f 3053/3053/3053 3052/3052/3052 3022/3022/3022

f 3021/3021/3021 3053/3053/3053 3022/3022/3022

f 3021/3021/3021 3027/3027/3027 3053/3053/3053

f 3053/3053/3053 3054/3054/3054 3052/3052/3052

f 3027/3027/3027 3054/3054/3054 3053/3053/3053

f 3054/3054/3054 3036/3036/3036 3052/3052/3052

f 3027/3027/3027 3055/3055/3055 3054/3054/3054

f 3055/3055/3055 3036/3036/3036 3054/3054/3054

f 3027/3027/3027 3033/3033/3033 3055/3055/3055

f 3033/3033/3033 3036/3036/3036 3055/3055/3055

f 3056/3056/3056 3057/3057/3057 3058/3058/3058

f 3056/3056/3056 3058/3058/3058 3059/3059/3059

f 3056/3056/3056 3060/3060/3060 3057/3057/3057

f 3060/3060/3060 3061/3061/3061 3057/3057/3057

f 3056/3056/3056 3059/3059/3059 3062/3062/3062

f 3062/3062/3062 3059/3059/3059 3063/3063/3063

f 3060/3060/3060 3056/3056/3056 3064/3064/3064

f 3056/3056/3056 3062/3062/3062 3064/3064/3064

f 3060/3060/3060 3065/3065/3065 3061/3061/3061

f 3065/3065/3065 3060/3060/3060 3064/3064/3064

f 3066/3066/3066 3061/3061/3061 3065/3065/3065

f 3066/3066/3066 3065/3065/3065 3064/3064/3064

f 3066/3066/3066 3067/3067/3067 3061/3061/3061

f 3062/3062/3062 3063/3063/3063 3068/3068/3068

f 3068/3068/3068 3063/3063/3063 3069/3069/3069

f 3070/3070/3070 3067/3067/3067 3066/3066/3066

f 3070/3070/3070 3071/3071/3071 3067/3067/3067

f 3068/3068/3068 3069/3069/3069 3072/3072/3072

f 3072/3072/3072 3069/3069/3069 3073/3073/3073

f 3074/3074/3074 3071/3071/3071 3070/3070/3070

f 3074/3074/3074 3075/3075/3075 3071/3071/3071

f 3072/3072/3072 3073/3073/3073 3076/3076/3076

f 3076/3076/3076 3073/3073/3073 3077/3077/3077

f 3078/3078/3078 3075/3075/3075 3074/3074/3074

f 3078/3078/3078 3079/3079/3079 3075/3075/3075

f 3076/3076/3076 3077/3077/3077 3080/3080/3080

f 3080/3080/3080 3077/3077/3077 3081/3081/3081

f 3082/3082/3082 3079/3079/3079 3078/3078/3078

f 3082/3082/3082 3083/3083/3083 3079/3079/3079

f 3078/3078/3078 3074/3074/3074 3084/3084/3084

f 3082/3082/3082 3078/3078/3078 3084/3084/3084

f 3074/3074/3074 3070/3070/3070 3084/3084/3084

f 3070/3070/3070 3066/3066/3066 3084/3084/3084

f 3064/3064/3064 3084/3084/3084 3066/3066/3066

f 3085/3085/3085 3083/3083/3083 3082/3082/3082

f 3085/3085/3085 3086/3086/3086 3083/3083/3083

f 3085/3085/3085 3082/3082/3082 3087/3087/3087

f 3084/3084/3084 3087/3087/3087 3082/3082/3082

f 3088/3088/3088 3086/3086/3086 3085/3085/3085

f 3088/3088/3088 3085/3085/3085 3087/3087/3087

f 3088/3088/3088 3089/3089/3089 3086/3086/3086

f 3088/3088/3088 3090/3090/3090 3089/3089/3089

f 3088/3088/3088 3091/3091/3091 3090/3090/3090

f 3091/3091/3091 3088/3088/3088 3087/3087/3087

f 3091/3091/3091 3092/3092/3092 3090/3090/3090

f 3091/3091/3091 3093/3093/3093 3092/3092/3092

f 3093/3093/3093 3091/3091/3091 3087/3087/3087

f 3093/3093/3093 3094/3094/3094 3092/3092/3092

f 3093/3093/3093 3095/3095/3095 3094/3094/3094

f 3095/3095/3095 3096/3096/3096 3094/3094/3094

f 3087/3087/3087 3097/3097/3097 3093/3093/3093

f 3095/3095/3095 3093/3093/3093 3097/3097/3097

f 3095/3095/3095 3098/3098/3098 3096/3096/3096

f 3098/3098/3098 3095/3095/3095 3097/3097/3097

f 3098/3098/3098 3099/3099/3099 3096/3096/3096

f 3098/3098/3098 3100/3100/3100 3099/3099/3099

f 3100/3100/3100 3098/3098/3098 3097/3097/3097

f 3100/3100/3100 3101/3101/3101 3099/3099/3099

f 3100/3100/3100 3102/3102/3102 3101/3101/3101

f 3102/3102/3102 3100/3100/3100 3097/3097/3097

f 3102/3102/3102 3103/3103/3103 3101/3101/3101

f 3097/3097/3097 3087/3087/3087 3104/3104/3104

f 3084/3084/3084 3104/3104/3104 3087/3087/3087

f 3102/3102/3102 3105/3105/3105 3103/3103/3103

f 3084/3084/3084 3106/3106/3106 3104/3104/3104

f 3107/3107/3107 3103/3103/3103 3105/3105/3105

f 3107/3107/3107 3108/3108/3108 3103/3103/3103

f 3105/3105/3105 3102/3102/3102 3109/3109/3109

f 3107/3107/3107 3105/3105/3105 3109/3109/3109

f 3097/3097/3097 3109/3109/3109 3102/3102/3102

f 3110/3110/3110 3108/3108/3108 3107/3107/3107

f 3110/3110/3110 3107/3107/3107 3109/3109/3109

f 3110/3110/3110 3111/3111/3111 3108/3108/3108

f 3112/3112/3112 3111/3111/3111 3110/3110/3110

f 3112/3112/3112 3110/3110/3110 3109/3109/3109

f 3112/3112/3112 3113/3113/3113 3111/3111/3111

f 3112/3112/3112 3114/3114/3114 3113/3113/3113

f 3112/3112/3112 3115/3115/3115 3114/3114/3114

f 3115/3115/3115 3116/3116/3116 3114/3114/3114

f 3115/3115/3115 3112/3112/3112 3117/3117/3117

f 3109/3109/3109 3117/3117/3117 3112/3112/3112

f 3115/3115/3115 3118/3118/3118 3116/3116/3116

f 3118/3118/3118 3115/3115/3115 3117/3117/3117

f 3118/3118/3118 3119/3119/3119 3116/3116/3116

f 3118/3118/3118 3120/3120/3120 3119/3119/3119

f 3120/3120/3120 3118/3118/3118 3117/3117/3117

f 3120/3120/3120 3121/3121/3121 3119/3119/3119

f 3120/3120/3120 3122/3122/3122 3121/3121/3121

f 3122/3122/3122 3120/3120/3120 3117/3117/3117

f 3122/3122/3122 3123/3123/3123 3121/3121/3121

f 3122/3122/3122 3124/3124/3124 3123/3123/3123

f 3124/3124/3124 3125/3125/3125 3123/3123/3123

f 3124/3124/3124 3122/3122/3122 3126/3126/3126

f 3117/3117/3117 3126/3126/3126 3122/3122/3122

f 3124/3124/3124 3127/3127/3127 3125/3125/3125

f 3127/3127/3127 3124/3124/3124 3126/3126/3126

f 3127/3127/3127 3128/3128/3128 3125/3125/3125

f 3127/3127/3127 3129/3129/3129 3128/3128/3128

f 3129/3129/3129 3127/3127/3127 3126/3126/3126

f 3129/3129/3129 3130/3130/3130 3128/3128/3128

f 3129/3129/3129 3131/3131/3131 3130/3130/3130

f 3131/3131/3131 3129/3129/3129 3126/3126/3126

f 3131/3131/3131 3132/3132/3132 3130/3130/3130

f 3131/3131/3131 3133/3133/3133 3132/3132/3132

f 3133/3133/3133 3134/3134/3134 3132/3132/3132

f 3133/3133/3133 3131/3131/3131 3135/3135/3135

f 3126/3126/3126 3135/3135/3135 3131/3131/3131

f 3133/3133/3133 3136/3136/3136 3134/3134/3134

f 3136/3136/3136 3133/3133/3133 3135/3135/3135

f 3136/3136/3136 3137/3137/3137 3134/3134/3134

f 3136/3136/3136 3138/3138/3138 3137/3137/3137

f 3138/3138/3138 3136/3136/3136 3135/3135/3135

f 3138/3138/3138 3139/3139/3139 3137/3137/3137

f 3138/3138/3138 3140/3140/3140 3139/3139/3139

f 3140/3140/3140 3138/3138/3138 3135/3135/3135

f 3140/3140/3140 3141/3141/3141 3139/3139/3139

f 3140/3140/3140 3142/3142/3142 3141/3141/3141

f 3142/3142/3142 3143/3143/3143 3141/3141/3141

f 3142/3142/3142 3140/3140/3140 3144/3144/3144

f 3135/3135/3135 3144/3144/3144 3140/3140/3140

f 3142/3142/3142 3145/3145/3145 3143/3143/3143

f 3145/3145/3145 3142/3142/3142 3144/3144/3144

f 3145/3145/3145 3146/3146/3146 3143/3143/3143

f 3145/3145/3145 3147/3147/3147 3146/3146/3146

f 3147/3147/3147 3145/3145/3145 3144/3144/3144

f 3148/3148/3148 3146/3146/3146 3147/3147/3147

f 3148/3148/3148 3147/3147/3147 3144/3144/3144

f 3148/3148/3148 3149/3149/3149 3146/3146/3146

f 3150/3150/3150 3149/3149/3149 3148/3148/3148

f 3150/3150/3150 3151/3151/3151 3149/3149/3149

f 3150/3150/3150 3148/3148/3148 3152/3152/3152

f 3144/3144/3144 3152/3152/3152 3148/3148/3148

f 3153/3153/3153 3151/3151/3151 3150/3150/3150

f 3153/3153/3153 3150/3150/3150 3152/3152/3152

f 3153/3153/3153 3154/3154/3154 3151/3151/3151

f 3153/3153/3153 3155/3155/3155 3154/3154/3154

f 3153/3153/3153 3156/3156/3156 3155/3155/3155

f 3156/3156/3156 3153/3153/3153 3152/3152/3152

f 3156/3156/3156 3157/3157/3157 3155/3155/3155

f 3156/3156/3156 3158/3158/3158 3157/3157/3157

f 3158/3158/3158 3156/3156/3156 3152/3152/3152

f 3158/3158/3158 3159/3159/3159 3157/3157/3157

f 3158/3158/3158 3160/3160/3160 3159/3159/3159

f 3160/3160/3160 3161/3161/3161 3159/3159/3159

f 3160/3160/3160 3158/3158/3158 3162/3162/3162

f 3152/3152/3152 3162/3162/3162 3158/3158/3158

f 3160/3160/3160 3163/3163/3163 3161/3161/3161

f 3163/3163/3163 3160/3160/3160 3162/3162/3162

f 3163/3163/3163 3164/3164/3164 3161/3161/3161

f 3163/3163/3163 3165/3165/3165 3164/3164/3164

f 3165/3165/3165 3163/3163/3163 3162/3162/3162

f 3165/3165/3165 3166/3166/3166 3164/3164/3164

f 3165/3165/3165 3167/3167/3167 3166/3166/3166

f 3167/3167/3167 3165/3165/3165 3162/3162/3162

f 3167/3167/3167 3168/3168/3168 3166/3166/3166

f 3167/3167/3167 3169/3169/3169 3168/3168/3168

f 3170/3170/3170 3168/3168/3168 3169/3169/3169

f 3170/3170/3170 3171/3171/3171 3168/3168/3168

f 3169/3169/3169 3167/3167/3167 3172/3172/3172

f 3172/3172/3172 3170/3170/3170 3169/3169/3169

f 3162/3162/3162 3172/3172/3172 3167/3167/3167

f 3173/3173/3173 3171/3171/3171 3170/3170/3170

f 3173/3173/3173 3170/3170/3170 3172/3172/3172

f 3173/3173/3173 3174/3174/3174 3171/3171/3171

f 3173/3173/3173 3175/3175/3175 3174/3174/3174

f 3173/3173/3173 3176/3176/3176 3175/3175/3175

f 3176/3176/3176 3173/3173/3173 3172/3172/3172

f 3177/3177/3177 3175/3175/3175 3176/3176/3176

f 3177/3177/3177 3178/3178/3178 3175/3175/3175

f 3177/3177/3177 3176/3176/3176 3179/3179/3179

f 3172/3172/3172 3179/3179/3179 3176/3176/3176

f 3180/3180/3180 3178/3178/3178 3177/3177/3177

f 3180/3180/3180 3177/3177/3177 3179/3179/3179

f 3180/3180/3180 3181/3181/3181 3178/3178/3178

f 3182/3182/3182 3181/3181/3181 3180/3180/3180

f 3182/3182/3182 3180/3180/3180 3179/3179/3179

f 3182/3182/3182 3183/3183/3183 3181/3181/3181

f 3184/3184/3184 3183/3183/3183 3182/3182/3182

f 3184/3184/3184 3182/3182/3182 3179/3179/3179

f 3184/3184/3184 3185/3185/3185 3183/3183/3183

f 3186/3186/3186 3185/3185/3185 3184/3184/3184

f 3186/3186/3186 3187/3187/3187 3185/3185/3185

f 3186/3186/3186 3184/3184/3184 3188/3188/3188

f 3179/3179/3179 3188/3188/3188 3184/3184/3184

f 3189/3189/3189 3187/3187/3187 3186/3186/3186

f 3189/3189/3189 3186/3186/3186 3188/3188/3188

f 3189/3189/3189 3190/3190/3190 3187/3187/3187

f 3191/3191/3191 3190/3190/3190 3189/3189/3189

f 3191/3191/3191 3189/3189/3189 3188/3188/3188

f 3191/3191/3191 3192/3192/3192 3190/3190/3190

f 3193/3193/3193 3192/3192/3192 3191/3191/3191

f 3193/3193/3193 3191/3191/3191 3188/3188/3188

f 3193/3193/3193 3194/3194/3194 3192/3192/3192

f 3195/3195/3195 3194/3194/3194 3193/3193/3193

f 3195/3195/3195 3196/3196/3196 3194/3194/3194

f 3195/3195/3195 3193/3193/3193 3197/3197/3197

f 3188/3188/3188 3197/3197/3197 3193/3193/3193

f 3198/3198/3198 3196/3196/3196 3195/3195/3195

f 3198/3198/3198 3195/3195/3195 3197/3197/3197

f 3198/3198/3198 3199/3199/3199 3196/3196/3196

f 3200/3200/3200 3199/3199/3199 3198/3198/3198

f 3200/3200/3200 3198/3198/3198 3197/3197/3197

f 3200/3200/3200 3081/3081/3081 3199/3199/3199

f 3080/3080/3080 3081/3081/3081 3200/3200/3200

f 3080/3080/3080 3200/3200/3200 3197/3197/3197

f 3197/3197/3197 3201/3201/3201 3080/3080/3080

f 3076/3076/3076 3080/3080/3080 3201/3201/3201

f 3072/3072/3072 3076/3076/3076 3201/3201/3201

f 3068/3068/3068 3072/3072/3072 3201/3201/3201

f 3062/3062/3062 3068/3068/3068 3201/3201/3201

f 3201/3201/3201 3064/3064/3064 3062/3062/3062

f 3201/3201/3201 3197/3197/3197 3202/3202/3202

f 3064/3064/3064 3201/3201/3201 3203/3203/3203

f 3201/3201/3201 3202/3202/3202 3203/3203/3203

f 3064/3064/3064 3203/3203/3203 3204/3204/3204

f 3084/3084/3084 3064/3064/3064 3204/3204/3204

f 3084/3084/3084 3204/3204/3204 3106/3106/3106

f 3202/3202/3202 3205/3205/3205 3203/3203/3203

f 3203/3203/3203 3206/3206/3206 3204/3204/3204

f 3203/3203/3203 3205/3205/3205 3206/3206/3206

f 3204/3204/3204 3207/3207/3207 3106/3106/3106

f 3204/3204/3204 3206/3206/3206 3207/3207/3207

f 3106/3106/3106 3207/3207/3207 3208/3208/3208

f 3106/3106/3106 3208/3208/3208 3104/3104/3104

f 3209/3209/3209 3207/3207/3207 3206/3206/3206

f 3208/3208/3208 3210/3210/3210 3104/3104/3104

f 3097/3097/3097 3104/3104/3104 3210/3210/3210

f 3109/3109/3109 3097/3097/3097 3210/3210/3210

f 3211/3211/3211 3208/3208/3208 3207/3207/3207

f 3209/3209/3209 3211/3211/3211 3207/3207/3207

f 3109/3109/3109 3210/3210/3210 3212/3212/3212

f 3213/3213/3213 3209/3209/3209 3206/3206/3206

f 3213/3213/3213 3206/3206/3206 3205/3205/3205

f 3109/3109/3109 3212/3212/3212 3214/3214/3214

f 3109/3109/3109 3214/3214/3214 3117/3117/3117

f 3215/3215/3215 3212/3212/3212 3210/3210/3210

f 3208/3208/3208 3215/3215/3215 3210/3210/3210

f 3216/3216/3216 3214/3214/3214 3212/3212/3212

f 3215/3215/3215 3216/3216/3216 3212/3212/3212

f 3117/3117/3117 3214/3214/3214 3217/3217/3217

f 3117/3117/3117 3217/3217/3217 3126/3126/3126

f 3216/3216/3216 3218/3218/3218 3214/3214/3214

f 3218/3218/3218 3217/3217/3217 3214/3214/3214

f 3126/3126/3126 3217/3217/3217 3219/3219/3219

f 3126/3126/3126 3219/3219/3219 3135/3135/3135

f 3218/3218/3218 3220/3220/3220 3217/3217/3217

f 3220/3220/3220 3219/3219/3219 3217/3217/3217

f 3216/3216/3216 3221/3221/3221 3218/3218/3218

f 3221/3221/3221 3220/3220/3220 3218/3218/3218

f 3135/3135/3135 3219/3219/3219 3222/3222/3222

f 3135/3135/3135 3222/3222/3222 3144/3144/3144

f 3220/3220/3220 3223/3223/3223 3219/3219/3219

f 3144/3144/3144 3222/3222/3222 3224/3224/3224

f 3144/3144/3144 3224/3224/3224 3152/3152/3152

f 3219/3219/3219 3225/3225/3225 3222/3222/3222

f 3219/3219/3219 3223/3223/3223 3225/3225/3225

f 3225/3225/3225 3224/3224/3224 3222/3222/3222

f 3220/3220/3220 3226/3226/3226 3223/3223/3223

f 3226/3226/3226 3225/3225/3225 3223/3223/3223

f 3152/3152/3152 3224/3224/3224 3227/3227/3227

f 3152/3152/3152 3227/3227/3227 3162/3162/3162

f 3172/3172/3172 3162/3162/3162 3227/3227/3227

f 3225/3225/3225 3228/3228/3228 3224/3224/3224

f 3228/3228/3228 3227/3227/3227 3224/3224/3224

f 3229/3229/3229 3228/3228/3228 3225/3225/3225

f 3226/3226/3226 3229/3229/3229 3225/3225/3225

f 3172/3172/3172 3227/3227/3227 3230/3230/3230

f 3179/3179/3179 3172/3172/3172 3230/3230/3230

f 3228/3228/3228 3231/3231/3231 3227/3227/3227

f 3179/3179/3179 3230/3230/3230 3232/3232/3232

f 3188/3188/3188 3179/3179/3179 3232/3232/3232

f 3227/3227/3227 3233/3233/3233 3230/3230/3230

f 3227/3227/3227 3231/3231/3231 3233/3233/3233

f 3230/3230/3230 3234/3234/3234 3232/3232/3232

f 3230/3230/3230 3233/3233/3233 3234/3234/3234

f 3188/3188/3188 3232/3232/3232 3235/3235/3235

f 3234/3234/3234 3235/3235/3235 3232/3232/3232

f 3197/3197/3197 3188/3188/3188 3235/3235/3235

f 3197/3197/3197 3235/3235/3235 3202/3202/3202

f 3234/3234/3234 3236/3236/3236 3235/3235/3235

f 3235/3235/3235 3237/3237/3237 3202/3202/3202

f 3235/3235/3235 3236/3236/3236 3237/3237/3237

f 3202/3202/3202 3237/3237/3237 3205/3205/3205

f 3237/3237/3237 3213/3213/3213 3205/3205/3205

f 3234/3234/3234 3238/3238/3238 3236/3236/3236

f 3238/3238/3238 3237/3237/3237 3236/3236/3236

f 3237/3237/3237 3239/3239/3239 3213/3213/3213

f 3238/3238/3238 3239/3239/3239 3237/3237/3237

f 3239/3239/3239 3240/3240/3240 3213/3213/3213

f 3240/3240/3240 3209/3209/3209 3213/3213/3213

f 3234/3234/3234 3241/3241/3241 3238/3238/3238

f 3233/3233/3233 3241/3241/3241 3234/3234/3234

f 3242/3242/3242 3239/3239/3239 3238/3238/3238

f 3233/3233/3233 3243/3243/3243 3241/3241/3241

f 3231/3231/3231 3243/3243/3243 3233/3233/3233

f 3244/3244/3244 3238/3238/3238 3241/3241/3241

f 3244/3244/3244 3242/3242/3242 3238/3238/3238

f 3245/3245/3245 3244/3244/3244 3241/3241/3241

f 3245/3245/3245 3241/3241/3241 3243/3243/3243

f 3246/3246/3246 3242/3242/3242 3244/3244/3244

f 3245/3245/3245 3246/3246/3246 3244/3244/3244

f 3242/3242/3242 3247/3247/3247 3239/3239/3239

f 3239/3239/3239 3247/3247/3247 3240/3240/3240

f 3246/3246/3246 3248/3248/3248 3242/3242/3242

f 3248/3248/3248 3247/3247/3247 3242/3242/3242

f 3245/3245/3245 3249/3249/3249 3246/3246/3246

f 3248/3248/3248 3250/3250/3250 3247/3247/3247

f 3249/3249/3249 3245/3245/3245 3251/3251/3251

f 3251/3251/3251 3245/3245/3245 3243/3243/3243

f 3247/3247/3247 3250/3250/3250 3252/3252/3252

f 3247/3247/3247 3252/3252/3252 3240/3240/3240

f 3248/3248/3248 3253/3253/3253 3250/3250/3250

f 3250/3250/3250 3253/3253/3253 3252/3252/3252

f 3246/3246/3246 3253/3253/3253 3248/3248/3248

f 3249/3249/3249 3253/3253/3253 3246/3246/3246

f 3240/3240/3240 3252/3252/3252 3254/3254/3254

f 3252/3252/3252 3253/3253/3253 3254/3254/3254

f 3240/3240/3240 3254/3254/3254 3255/3255/3255

f 3240/3240/3240 3255/3255/3255 3209/3209/3209

f 3209/3209/3209 3255/3255/3255 3256/3256/3256

f 3254/3254/3254 3256/3256/3256 3255/3255/3255

f 3209/3209/3209 3256/3256/3256 3211/3211/3211

f 3254/3254/3254 3257/3257/3257 3256/3256/3256

f 3254/3254/3254 3253/3253/3253 3257/3257/3257

f 3211/3211/3211 3256/3256/3256 3258/3258/3258

f 3257/3257/3257 3258/3258/3258 3256/3256/3256

f 3211/3211/3211 3258/3258/3258 3259/3259/3259

f 3211/3211/3211 3259/3259/3259 3208/3208/3208

f 3257/3257/3257 3260/3260/3260 3258/3258/3258

f 3257/3257/3257 3253/3253/3253 3260/3260/3260

f 3208/3208/3208 3259/3259/3259 3261/3261/3261

f 3258/3258/3258 3261/3261/3261 3259/3259/3259

f 3208/3208/3208 3261/3261/3261 3215/3215/3215

f 3258/3258/3258 3260/3260/3260 3262/3262/3262

f 3260/3260/3260 3253/3253/3253 3262/3262/3262

f 3258/3258/3258 3263/3263/3263 3261/3261/3261

f 3258/3258/3258 3262/3262/3262 3263/3263/3263

f 3215/3215/3215 3261/3261/3261 3264/3264/3264

f 3263/3263/3263 3264/3264/3264 3261/3261/3261

f 3215/3215/3215 3264/3264/3264 3216/3216/3216

f 3216/3216/3216 3264/3264/3264 3221/3221/3221

f 3263/3263/3263 3262/3262/3262 3265/3265/3265

f 3262/3262/3262 3253/3253/3253 3265/3265/3265

f 3263/3263/3263 3266/3266/3266 3264/3264/3264

f 3263/3263/3263 3265/3265/3265 3266/3266/3266

f 3264/3264/3264 3266/3266/3266 3267/3267/3267

f 3265/3265/3265 3267/3267/3267 3266/3266/3266

f 3264/3264/3264 3267/3267/3267 3221/3221/3221

f 3265/3265/3265 3268/3268/3268 3267/3267/3267

f 3265/3265/3265 3253/3253/3253 3268/3268/3268

f 3267/3267/3267 3269/3269/3269 3221/3221/3221

f 3221/3221/3221 3269/3269/3269 3220/3220/3220

f 3220/3220/3220 3269/3269/3269 3226/3226/3226

f 3268/3268/3268 3270/3270/3270 3267/3267/3267

f 3267/3267/3267 3270/3270/3270 3269/3269/3269

f 3268/3268/3268 3271/3271/3271 3270/3270/3270

f 3271/3271/3271 3268/3268/3268 3253/3253/3253

f 3269/3269/3269 3270/3270/3270 3272/3272/3272

f 3269/3269/3269 3272/3272/3272 3226/3226/3226

f 3270/3270/3270 3271/3271/3271 3273/3273/3273

f 3270/3270/3270 3273/3273/3273 3272/3272/3272

f 3271/3271/3271 3253/3253/3253 3273/3273/3273

f 3226/3226/3226 3272/3272/3272 3274/3274/3274

f 3273/3273/3273 3274/3274/3274 3272/3272/3272

f 3226/3226/3226 3274/3274/3274 3229/3229/3229

f 3273/3273/3273 3275/3275/3275 3274/3274/3274

f 3273/3273/3273 3253/3253/3253 3275/3275/3275

f 3229/3229/3229 3274/3274/3274 3276/3276/3276

f 3275/3275/3275 3276/3276/3276 3274/3274/3274

f 3275/3275/3275 3253/3253/3253 3277/3277/3277

f 3275/3275/3275 3277/3277/3277 3276/3276/3276

f 3277/3277/3277 3253/3253/3253 3278/3278/3278

f 3249/3249/3249 3278/3278/3278 3253/3253/3253

f 3249/3249/3249 3251/3251/3251 3278/3278/3278

f 3277/3277/3277 3278/3278/3278 3251/3251/3251

f 3277/3277/3277 3251/3251/3251 3276/3276/3276

f 3229/3229/3229 3276/3276/3276 3279/3279/3279

f 3279/3279/3279 3276/3276/3276 3251/3251/3251

f 3229/3229/3229 3279/3279/3279 3228/3228/3228

f 3279/3279/3279 3231/3231/3231 3228/3228/3228

f 3279/3279/3279 3251/3251/3251 3280/3280/3280

f 3279/3279/3279 3280/3280/3280 3231/3231/3231

f 3251/3251/3251 3243/3243/3243 3280/3280/3280

f 3231/3231/3231 3280/3280/3280 3243/3243/3243

f 3281/3281/3281 3282/3282/3282 3283/3283/3283

f 3284/3284/3284 3281/3281/3281 3283/3283/3283

f 3281/3281/3281 3285/3285/3285 3282/3282/3282

f 3285/3285/3285 3286/3286/3286 3282/3282/3282

f 3284/3284/3284 3287/3287/3287 3281/3281/3281

f 3285/3285/3285 3288/3288/3288 3286/3286/3286

f 3289/3289/3289 3287/3287/3287 3284/3284/3284

f 3289/3289/3289 3284/3284/3284 3290/3290/3290

f 3281/3281/3281 3287/3287/3287 3291/3291/3291

f 3285/3285/3285 3281/3281/3281 3291/3291/3291

f 3287/3287/3287 3289/3289/3289 3291/3291/3291

f 3288/3288/3288 3285/3285/3285 3291/3291/3291

f 3292/3292/3292 3289/3289/3289 3290/3290/3290

f 3292/3292/3292 3290/3290/3290 3293/3293/3293

f 3286/3286/3286 3288/3288/3288 3294/3294/3294

f 3286/3286/3286 3294/3294/3294 3295/3295/3295

f 3296/3296/3296 3292/3292/3292 3293/3293/3293

f 3296/3296/3296 3293/3293/3293 3297/3297/3297

f 3295/3295/3295 3294/3294/3294 3298/3298/3298

f 3295/3295/3295 3298/3298/3298 3299/3299/3299

f 3300/3300/3300 3296/3296/3296 3297/3297/3297

f 3300/3300/3300 3297/3297/3297 3301/3301/3301

f 3292/3292/3292 3296/3296/3296 3302/3302/3302

f 3296/3296/3296 3300/3300/3300 3302/3302/3302

f 3289/3289/3289 3292/3292/3292 3302/3302/3302

f 3302/3302/3302 3291/3291/3291 3289/3289/3289

f 3303/3303/3303 3300/3300/3300 3301/3301/3301

f 3300/3300/3300 3303/3303/3303 3302/3302/3302

f 3303/3303/3303 3301/3301/3301 3304/3304/3304

f 3305/3305/3305 3303/3303/3303 3304/3304/3304

f 3305/3305/3305 3304/3304/3304 3306/3306/3306

f 3303/3303/3303 3305/3305/3305 3307/3307/3307

f 3307/3307/3307 3302/3302/3302 3303/3303/3303

f 3308/3308/3308 3305/3305/3305 3306/3306/3306

f 3305/3305/3305 3308/3308/3308 3307/3307/3307

f 3308/3308/3308 3306/3306/3306 3309/3309/3309

f 3310/3310/3310 3308/3308/3308 3309/3309/3309

f 3310/3310/3310 3311/3311/3311 3308/3308/3308

f 3308/3308/3308 3311/3311/3311 3307/3307/3307

f 3312/3312/3312 3311/3311/3311 3310/3310/3310

f 3312/3312/3312 3313/3313/3313 3311/3311/3311

f 3311/3311/3311 3313/3313/3313 3307/3307/3307

f 3314/3314/3314 3313/3313/3313 3312/3312/3312

f 3314/3314/3314 3315/3315/3315 3313/3313/3313

f 3316/3316/3316 3315/3315/3315 3314/3314/3314

f 3316/3316/3316 3314/3314/3314 3317/3317/3317

f 3318/3318/3318 3316/3316/3316 3317/3317/3317

f 3313/3313/3313 3315/3315/3315 3319/3319/3319

f 3315/3315/3315 3316/3316/3316 3319/3319/3319

f 3319/3319/3319 3307/3307/3307 3313/3313/3313

f 3318/3318/3318 3320/3320/3320 3316/3316/3316

f 3316/3316/3316 3320/3320/3320 3319/3319/3319

f 3321/3321/3321 3320/3320/3320 3318/3318/3318

f 3321/3321/3321 3322/3322/3322 3320/3320/3320

f 3320/3320/3320 3322/3322/3322 3319/3319/3319

f 3323/3323/3323 3322/3322/3322 3321/3321/3321

f 3323/3323/3323 3324/3324/3324 3322/3322/3322

f 3325/3325/3325 3324/3324/3324 3323/3323/3323

f 3326/3326/3326 3319/3319/3319 3322/3322/3322

f 3322/3322/3322 3324/3324/3324 3326/3326/3326

f 3325/3325/3325 3327/3327/3327 3324/3324/3324

f 3324/3324/3324 3327/3327/3327 3326/3326/3326

f 3328/3328/3328 3327/3327/3327 3325/3325/3325

f 3328/3328/3328 3329/3329/3329 3327/3327/3327

f 3327/3327/3327 3329/3329/3329 3326/3326/3326

f 3330/3330/3330 3329/3329/3329 3328/3328/3328

f 3330/3330/3330 3331/3331/3331 3329/3329/3329

f 3329/3329/3329 3331/3331/3331 3326/3326/3326

f 3332/3332/3332 3331/3331/3331 3330/3330/3330

f 3332/3332/3332 3333/3333/3333 3331/3331/3331

f 3334/3334/3334 3333/3333/3333 3332/3332/3332

f 3334/3334/3334 3332/3332/3332 3335/3335/3335

f 3336/3336/3336 3334/3334/3334 3335/3335/3335

f 3331/3331/3331 3333/3333/3333 3337/3337/3337

f 3333/3333/3333 3334/3334/3334 3337/3337/3337

f 3337/3337/3337 3326/3326/3326 3331/3331/3331

f 3336/3336/3336 3338/3338/3338 3334/3334/3334

f 3334/3334/3334 3338/3338/3338 3337/3337/3337

f 3339/3339/3339 3338/3338/3338 3336/3336/3336

f 3339/3339/3339 3340/3340/3340 3338/3338/3338

f 3338/3338/3338 3340/3340/3340 3337/3337/3337

f 3341/3341/3341 3340/3340/3340 3339/3339/3339

f 3341/3341/3341 3342/3342/3342 3340/3340/3340

f 3343/3343/3343 3342/3342/3342 3341/3341/3341

f 3343/3343/3343 3344/3344/3344 3342/3342/3342

f 3345/3345/3345 3344/3344/3344 3343/3343/3343

f 3340/3340/3340 3342/3342/3342 3346/3346/3346

f 3342/3342/3342 3344/3344/3344 3346/3346/3346

f 3346/3346/3346 3337/3337/3337 3340/3340/3340

f 3345/3345/3345 3347/3347/3347 3344/3344/3344

f 3344/3344/3344 3347/3347/3347 3346/3346/3346

f 3348/3348/3348 3347/3347/3347 3345/3345/3345

f 3348/3348/3348 3349/3349/3349 3347/3347/3347

f 3347/3347/3347 3349/3349/3349 3346/3346/3346

f 3350/3350/3350 3349/3349/3349 3348/3348/3348

f 3350/3350/3350 3351/3351/3351 3349/3349/3349

f 3352/3352/3352 3351/3351/3351 3350/3350/3350

f 3352/3352/3352 3350/3350/3350 3353/3353/3353

f 3354/3354/3354 3352/3352/3352 3353/3353/3353

f 3349/3349/3349 3351/3351/3351 3355/3355/3355

f 3351/3351/3351 3352/3352/3352 3355/3355/3355

f 3355/3355/3355 3346/3346/3346 3349/3349/3349

f 3354/3354/3354 3356/3356/3356 3352/3352/3352

f 3352/3352/3352 3356/3356/3356 3355/3355/3355

f 3357/3357/3357 3356/3356/3356 3354/3354/3354

f 3356/3356/3356 3357/3357/3357 3355/3355/3355

f 3357/3357/3357 3354/3354/3354 3358/3358/3358

f 3359/3359/3359 3357/3357/3357 3358/3358/3358

f 3359/3359/3359 3358/3358/3358 3360/3360/3360

f 3357/3357/3357 3359/3359/3359 3361/3361/3361

f 3361/3361/3361 3355/3355/3355 3357/3357/3357

f 3362/3362/3362 3359/3359/3359 3360/3360/3360

f 3359/3359/3359 3362/3362/3362 3361/3361/3361

f 3362/3362/3362 3360/3360/3360 3363/3363/3363

f 3364/3364/3364 3362/3362/3362 3363/3363/3363

f 3364/3364/3364 3365/3365/3365 3362/3362/3362

f 3362/3362/3362 3365/3365/3365 3361/3361/3361

f 3366/3366/3366 3365/3365/3365 3364/3364/3364

f 3365/3365/3365 3366/3366/3366 3361/3361/3361

f 3366/3366/3366 3364/3364/3364 3367/3367/3367

f 3368/3368/3368 3366/3366/3366 3367/3367/3367

f 3368/3368/3368 3367/3367/3367 3369/3369/3369

f 3370/3370/3370 3361/3361/3361 3366/3366/3366

f 3366/3366/3366 3368/3368/3368 3370/3370/3370

f 3371/3371/3371 3368/3368/3368 3369/3369/3369

f 3368/3368/3368 3371/3371/3371 3370/3370/3370

f 3371/3371/3371 3369/3369/3369 3372/3372/3372

f 3373/3373/3373 3371/3371/3371 3372/3372/3372

f 3373/3373/3373 3374/3374/3374 3371/3371/3371

f 3371/3371/3371 3374/3374/3374 3370/3370/3370

f 3375/3375/3375 3374/3374/3374 3373/3373/3373

f 3375/3375/3375 3376/3376/3376 3374/3374/3374

f 3374/3374/3374 3376/3376/3376 3370/3370/3370

f 3377/3377/3377 3376/3376/3376 3375/3375/3375

f 3377/3377/3377 3378/3378/3378 3376/3376/3376

f 3379/3379/3379 3378/3378/3378 3377/3377/3377

f 3379/3379/3379 3377/3377/3377 3380/3380/3380

f 3381/3381/3381 3379/3379/3379 3380/3380/3380

f 3376/3376/3376 3378/3378/3378 3382/3382/3382

f 3378/3378/3378 3379/3379/3379 3382/3382/3382

f 3382/3382/3382 3370/3370/3370 3376/3376/3376

f 3381/3381/3381 3383/3383/3383 3379/3379/3379

f 3379/3379/3379 3383/3383/3383 3382/3382/3382

f 3384/3384/3384 3383/3383/3383 3381/3381/3381

f 3384/3384/3384 3385/3385/3385 3383/3383/3383

f 3383/3383/3383 3385/3385/3385 3382/3382/3382

f 3386/3386/3386 3385/3385/3385 3384/3384/3384

f 3386/3386/3386 3387/3387/3387 3385/3385/3385

f 3388/3388/3388 3387/3387/3387 3386/3386/3386

f 3388/3388/3388 3386/3386/3386 3389/3389/3389

f 3390/3390/3390 3388/3388/3388 3389/3389/3389

f 3385/3385/3385 3387/3387/3387 3391/3391/3391

f 3387/3387/3387 3388/3388/3388 3391/3391/3391

f 3391/3391/3391 3382/3382/3382 3385/3385/3385

f 3390/3390/3390 3392/3392/3392 3388/3388/3388

f 3388/3388/3388 3392/3392/3392 3391/3391/3391

f 3393/3393/3393 3392/3392/3392 3390/3390/3390

f 3392/3392/3392 3393/3393/3393 3391/3391/3391

f 3393/3393/3393 3390/3390/3390 3394/3394/3394

f 3395/3395/3395 3393/3393/3393 3394/3394/3394

f 3395/3395/3395 3394/3394/3394 3396/3396/3396

f 3393/3393/3393 3395/3395/3395 3397/3397/3397

f 3397/3397/3397 3391/3391/3391 3393/3393/3393

f 3398/3398/3398 3395/3395/3395 3396/3396/3396

f 3395/3395/3395 3398/3398/3398 3397/3397/3397

f 3398/3398/3398 3396/3396/3396 3399/3399/3399

f 3400/3400/3400 3398/3398/3398 3399/3399/3399

f 3398/3398/3398 3400/3400/3400 3397/3397/3397

f 3400/3400/3400 3399/3399/3399 3401/3401/3401

f 3402/3402/3402 3400/3400/3400 3401/3401/3401

f 3400/3400/3400 3402/3402/3402 3397/3397/3397

f 3402/3402/3402 3401/3401/3401 3403/3403/3403

f 3404/3404/3404 3402/3402/3402 3403/3403/3403

f 3404/3404/3404 3403/3403/3403 3405/3405/3405

f 3402/3402/3402 3404/3404/3404 3406/3406/3406

f 3406/3406/3406 3397/3397/3397 3402/3402/3402

f 3407/3407/3407 3404/3404/3404 3405/3405/3405

f 3404/3404/3404 3407/3407/3407 3406/3406/3406

f 3407/3407/3407 3405/3405/3405 3408/3408/3408

f 3409/3409/3409 3407/3407/3407 3408/3408/3408

f 3409/3409/3409 3410/3410/3410 3407/3407/3407

f 3407/3407/3407 3410/3410/3410 3406/3406/3406

f 3411/3411/3411 3410/3410/3410 3409/3409/3409

f 3410/3410/3410 3411/3411/3411 3406/3406/3406

f 3411/3411/3411 3409/3409/3409 3412/3412/3412

f 3413/3413/3413 3411/3411/3411 3412/3412/3412

f 3413/3413/3413 3412/3412/3412 3414/3414/3414

f 3411/3411/3411 3413/3413/3413 3415/3415/3415

f 3415/3415/3415 3406/3406/3406 3411/3411/3411

f 3416/3416/3416 3413/3413/3413 3414/3414/3414

f 3413/3413/3413 3416/3416/3416 3415/3415/3415

f 3416/3416/3416 3414/3414/3414 3417/3417/3417

f 3418/3418/3418 3416/3416/3416 3417/3417/3417

f 3416/3416/3416 3418/3418/3418 3415/3415/3415

f 3418/3418/3418 3417/3417/3417 3419/3419/3419

f 3420/3420/3420 3418/3418/3418 3419/3419/3419

f 3418/3418/3418 3420/3420/3420 3415/3415/3415

f 3420/3420/3420 3419/3419/3419 3421/3421/3421

f 3422/3422/3422 3420/3420/3420 3421/3421/3421

f 3422/3422/3422 3421/3421/3421 3423/3423/3423

f 3299/3299/3299 3422/3422/3422 3423/3423/3423

f 3299/3299/3299 3298/3298/3298 3422/3422/3422

f 3420/3420/3420 3422/3422/3422 3424/3424/3424

f 3422/3422/3422 3298/3298/3298 3424/3424/3424

f 3424/3424/3424 3415/3415/3415 3420/3420/3420

f 3298/3298/3298 3294/3294/3294 3424/3424/3424

f 3294/3294/3294 3288/3288/3288 3424/3424/3424

f 3291/3291/3291 3424/3424/3424 3288/3288/3288

f 3424/3424/3424 3425/3425/3425 3415/3415/3415

f 3425/3425/3425 3406/3406/3406 3415/3415/3415

f 3291/3291/3291 3426/3426/3426 3424/3424/3424

f 3424/3424/3424 3426/3426/3426 3425/3425/3425

f 3291/3291/3291 3427/3427/3427 3426/3426/3426

f 3302/3302/3302 3427/3427/3427 3291/3291/3291

f 3428/3428/3428 3425/3425/3425 3426/3426/3426

f 3427/3427/3427 3428/3428/3428 3426/3426/3426

f 3425/3425/3425 3429/3429/3429 3406/3406/3406

f 3429/3429/3429 3397/3397/3397 3406/3406/3406

f 3302/3302/3302 3430/3430/3430 3427/3427/3427

f 3429/3429/3429 3431/3431/3431 3397/3397/3397

f 3431/3431/3431 3391/3391/3391 3397/3397/3397

f 3432/3432/3432 3430/3430/3430 3302/3302/3302

f 3432/3432/3432 3302/3302/3302 3307/3307/3307

f 3431/3431/3431 3433/3433/3433 3391/3391/3391

f 3434/3434/3434 3432/3432/3432 3307/3307/3307

f 3434/3434/3434 3307/3307/3307 3319/3319/3319

f 3326/3326/3326 3434/3434/3434 3319/3319/3319

f 3391/3391/3391 3433/3433/3433 3435/3435/3435

f 3391/3391/3391 3435/3435/3435 3382/3382/3382

f 3435/3435/3435 3370/3370/3370 3382/3382/3382

f 3326/3326/3326 3436/3436/3436 3434/3434/3434

f 3337/3337/3337 3436/3436/3436 3326/3326/3326

f 3435/3435/3435 3437/3437/3437 3370/3370/3370

f 3337/3337/3337 3438/3438/3438 3436/3436/3436

f 3346/3346/3346 3438/3438/3438 3337/3337/3337

f 3370/3370/3370 3437/3437/3437 3439/3439/3439

f 3370/3370/3370 3439/3439/3439 3361/3361/3361

f 3439/3439/3439 3355/3355/3355 3361/3361/3361

f 3440/3440/3440 3346/3346/3346 3355/3355/3355

f 3439/3439/3439 3440/3440/3440 3355/3355/3355

f 3440/3440/3440 3441/3441/3441 3346/3346/3346

f 3346/3346/3346 3441/3441/3441 3438/3438/3438

f 3442/3442/3442 3440/3440/3440 3439/3439/3439

f 3442/3442/3442 3441/3441/3441 3440/3440/3440

f 3443/3443/3443 3438/3438/3438 3441/3441/3441

f 3442/3442/3442 3443/3443/3443 3441/3441/3441

f 3443/3443/3443 3444/3444/3444 3438/3438/3438

f 3444/3444/3444 3436/3436/3436 3438/3438/3438

f 3442/3442/3442 3445/3445/3445 3443/3443/3443

f 3444/3444/3444 3446/3446/3446 3436/3436/3436

f 3446/3446/3446 3434/3434/3434 3436/3436/3436

f 3443/3443/3443 3447/3447/3447 3444/3444/3444

f 3447/3447/3447 3446/3446/3446 3444/3444/3444

f 3443/3443/3443 3445/3445/3445 3447/3447/3447

f 3446/3446/3446 3448/3448/3448 3434/3434/3434

f 3432/3432/3432 3434/3434/3434 3448/3448/3448

f 3447/3447/3447 3449/3449/3449 3446/3446/3446

f 3432/3432/3432 3448/3448/3448 3450/3450/3450

f 3450/3450/3450 3430/3430/3430 3432/3432/3432

f 3446/3446/3446 3451/3451/3451 3448/3448/3448

f 3446/3446/3446 3449/3449/3449 3451/3451/3451

f 3452/3452/3452 3450/3450/3450 3448/3448/3448

f 3452/3452/3452 3448/3448/3448 3451/3451/3451

f 3450/3450/3450 3453/3453/3453 3430/3430/3430

f 3450/3450/3450 3452/3452/3452 3454/3454/3454

f 3450/3450/3450 3454/3454/3454 3453/3453/3453

f 3430/3430/3430 3453/3453/3453 3455/3455/3455

f 3455/3455/3455 3453/3453/3453 3454/3454/3454

f 3430/3430/3430 3455/3455/3455 3427/3427/3427

f 3427/3427/3427 3455/3455/3455 3428/3428/3428

f 3455/3455/3455 3454/3454/3454 3456/3456/3456

f 3456/3456/3456 3428/3428/3428 3455/3455/3455

f 3452/3452/3452 3457/3457/3457 3454/3454/3454

f 3456/3456/3456 3454/3454/3454 3457/3457/3457

f 3452/3452/3452 3458/3458/3458 3457/3457/3457

f 3451/3451/3451 3458/3458/3458 3452/3452/3452

f 3456/3456/3456 3457/3457/3457 3459/3459/3459

f 3451/3451/3451 3460/3460/3460 3458/3458/3458

f 3456/3456/3456 3461/3461/3461 3428/3428/3428

f 3459/3459/3459 3461/3461/3461 3456/3456/3456

f 3462/3462/3462 3460/3460/3460 3451/3451/3451

f 3462/3462/3462 3451/3451/3451 3449/3449/3449

f 3458/3458/3458 3460/3460/3460 3463/3463/3463

f 3460/3460/3460 3462/3462/3462 3463/3463/3463

f 3458/3458/3458 3463/3463/3463 3457/3457/3457

f 3457/3457/3457 3463/3463/3463 3459/3459/3459

f 3464/3464/3464 3462/3462/3462 3449/3449/3449

f 3464/3464/3464 3449/3449/3449 3447/3447/3447

f 3462/3462/3462 3464/3464/3464 3463/3463/3463

f 3445/3445/3445 3464/3464/3464 3447/3447/3447

f 3445/3445/3445 3465/3465/3465 3464/3464/3464

f 3465/3465/3465 3463/3463/3463 3464/3464/3464

f 3466/3466/3466 3465/3465/3465 3445/3445/3445

f 3442/3442/3442 3466/3466/3466 3445/3445/3445

f 3466/3466/3466 3467/3467/3467 3465/3465/3465

f 3465/3465/3465 3467/3467/3467 3463/3463/3463

f 3466/3466/3466 3442/3442/3442 3468/3468/3468

f 3442/3442/3442 3439/3439/3439 3468/3468/3468

f 3469/3469/3469 3467/3467/3467 3466/3466/3466

f 3466/3466/3466 3468/3468/3468 3469/3469/3469

f 3470/3470/3470 3468/3468/3468 3439/3439/3439

f 3470/3470/3470 3469/3469/3469 3468/3468/3468

f 3470/3470/3470 3439/3439/3439 3437/3437/3437

f 3435/3435/3435 3470/3470/3470 3437/3437/3437

f 3469/3469/3469 3471/3471/3471 3467/3467/3467

f 3467/3467/3467 3471/3471/3471 3463/3463/3463

f 3472/3472/3472 3471/3471/3471 3469/3469/3469

f 3470/3470/3470 3472/3472/3472 3469/3469/3469

f 3472/3472/3472 3473/3473/3473 3471/3471/3471

f 3471/3471/3471 3473/3473/3473 3463/3463/3463

f 3474/3474/3474 3472/3472/3472 3470/3470/3470

f 3475/3475/3475 3473/3473/3473 3472/3472/3472

f 3475/3475/3475 3472/3472/3472 3474/3474/3474

f 3473/3473/3473 3475/3475/3475 3463/3463/3463

f 3474/3474/3474 3470/3470/3470 3476/3476/3476

f 3435/3435/3435 3476/3476/3476 3470/3470/3470

f 3477/3477/3477 3475/3475/3475 3474/3474/3474

f 3477/3477/3477 3474/3474/3474 3476/3476/3476

f 3478/3478/3478 3476/3476/3476 3435/3435/3435

f 3477/3477/3477 3476/3476/3476 3478/3478/3478

f 3478/3478/3478 3435/3435/3435 3433/3433/3433

f 3431/3431/3431 3478/3478/3478 3433/3433/3433

f 3477/3477/3477 3479/3479/3479 3475/3475/3475

f 3475/3475/3475 3479/3479/3479 3463/3463/3463

f 3431/3431/3431 3480/3480/3480 3478/3478/3478

f 3480/3480/3480 3431/3431/3431 3429/3429/3429

f 3481/3481/3481 3477/3477/3477 3478/3478/3478

f 3481/3481/3481 3478/3478/3478 3480/3480/3480

f 3479/3479/3479 3477/3477/3477 3481/3481/3481

f 3480/3480/3480 3429/3429/3429 3482/3482/3482

f 3425/3425/3425 3482/3482/3482 3429/3429/3429

f 3479/3479/3479 3481/3481/3481 3483/3483/3483

f 3479/3479/3479 3483/3483/3483 3463/3463/3463

f 3425/3425/3425 3484/3484/3484 3482/3482/3482

f 3428/3428/3428 3484/3484/3484 3425/3425/3425

f 3461/3461/3461 3484/3484/3484 3428/3428/3428

f 3480/3480/3480 3482/3482/3482 3485/3485/3485

f 3484/3484/3484 3485/3485/3485 3482/3482/3482

f 3480/3480/3480 3485/3485/3485 3481/3481/3481

f 3484/3484/3484 3486/3486/3486 3485/3485/3485

f 3461/3461/3461 3486/3486/3486 3484/3484/3484

f 3487/3487/3487 3481/3481/3481 3485/3485/3485

f 3486/3486/3486 3487/3487/3487 3485/3485/3485

f 3487/3487/3487 3483/3483/3483 3481/3481/3481

f 3483/3483/3483 3487/3487/3487 3463/3463/3463

f 3486/3486/3486 3488/3488/3488 3487/3487/3487

f 3487/3487/3487 3488/3488/3488 3463/3463/3463

f 3461/3461/3461 3488/3488/3488 3486/3486/3486

f 3488/3488/3488 3489/3489/3489 3463/3463/3463

f 3461/3461/3461 3489/3489/3489 3488/3488/3488

f 3489/3489/3489 3459/3459/3459 3463/3463/3463

f 3459/3459/3459 3489/3489/3489 3461/3461/3461

f 3490/3490/3490 3491/3491/3491 3492/3492/3492

f 3492/3492/3492 3491/3491/3491 3493/3493/3493

f 3490/3490/3490 3492/3492/3492 3494/3494/3494

f 3495/3495/3495 3490/3490/3490 3494/3494/3494

f 3492/3492/3492 3493/3493/3493 3496/3496/3496

f 3495/3495/3495 3494/3494/3494 3497/3497/3497

f 3498/3498/3498 3494/3494/3494 3492/3492/3492

f 3497/3497/3497 3494/3494/3494 3498/3498/3498

f 3492/3492/3492 3496/3496/3496 3498/3498/3498

f 3499/3499/3499 3495/3495/3495 3497/3497/3497

f 3499/3499/3499 3497/3497/3497 3498/3498/3498

f 3499/3499/3499 3500/3500/3500 3495/3495/3495

f 3493/3493/3493 3501/3501/3501 3496/3496/3496

f 3493/3493/3493 3502/3502/3502 3501/3501/3501

f 3503/3503/3503 3500/3500/3500 3499/3499/3499

f 3503/3503/3503 3504/3504/3504 3500/3500/3500

f 3502/3502/3502 3505/3505/3505 3501/3501/3501

f 3502/3502/3502 3506/3506/3506 3505/3505/3505

f 3507/3507/3507 3504/3504/3504 3503/3503/3503

f 3507/3507/3507 3508/3508/3508 3504/3504/3504

f 3503/3503/3503 3499/3499/3499 3509/3509/3509

f 3507/3507/3507 3503/3503/3503 3509/3509/3509

f 3498/3498/3498 3509/3509/3509 3499/3499/3499

f 3510/3510/3510 3508/3508/3508 3507/3507/3507

f 3510/3510/3510 3507/3507/3507 3509/3509/3509

f 3510/3510/3510 3511/3511/3511 3508/3508/3508

f 3512/3512/3512 3511/3511/3511 3510/3510/3510

f 3512/3512/3512 3510/3510/3510 3509/3509/3509

f 3512/3512/3512 3513/3513/3513 3511/3511/3511

f 3514/3514/3514 3513/3513/3513 3512/3512/3512

f 3514/3514/3514 3515/3515/3515 3513/3513/3513

f 3509/3509/3509 3516/3516/3516 3512/3512/3512

f 3514/3514/3514 3512/3512/3512 3516/3516/3516

f 3517/3517/3517 3515/3515/3515 3514/3514/3514

f 3516/3516/3516 3517/3517/3517 3514/3514/3514

f 3517/3517/3517 3518/3518/3518 3515/3515/3515

f 3519/3519/3519 3518/3518/3518 3517/3517/3517

f 3519/3519/3519 3517/3517/3517 3520/3520/3520

f 3520/3520/3520 3517/3517/3517 3516/3516/3516

f 3521/3521/3521 3519/3519/3519 3520/3520/3520

f 3521/3521/3521 3520/3520/3520 3522/3522/3522

f 3522/3522/3522 3520/3520/3520 3516/3516/3516

f 3523/3523/3523 3521/3521/3521 3522/3522/3522

f 3523/3523/3523 3522/3522/3522 3524/3524/3524

f 3525/3525/3525 3523/3523/3523 3524/3524/3524

f 3525/3525/3525 3526/3526/3526 3523/3523/3523

f 3524/3524/3524 3522/3522/3522 3527/3527/3527

f 3527/3527/3527 3525/3525/3525 3524/3524/3524

f 3516/3516/3516 3527/3527/3527 3522/3522/3522

f 3528/3528/3528 3526/3526/3526 3525/3525/3525

f 3528/3528/3528 3525/3525/3525 3527/3527/3527

f 3528/3528/3528 3529/3529/3529 3526/3526/3526

f 3530/3530/3530 3529/3529/3529 3528/3528/3528

f 3530/3530/3530 3528/3528/3528 3527/3527/3527

f 3530/3530/3530 3531/3531/3531 3529/3529/3529

f 3532/3532/3532 3531/3531/3531 3530/3530/3530

f 3532/3532/3532 3533/3533/3533 3531/3531/3531

f 3532/3532/3532 3530/3530/3530 3534/3534/3534

f 3527/3527/3527 3534/3534/3534 3530/3530/3530

f 3535/3535/3535 3533/3533/3533 3532/3532/3532

f 3534/3534/3534 3535/3535/3535 3532/3532/3532

f 3535/3535/3535 3536/3536/3536 3533/3533/3533

f 3537/3537/3537 3536/3536/3536 3535/3535/3535

f 3537/3537/3537 3535/3535/3535 3534/3534/3534

f 3537/3537/3537 3538/3538/3538 3536/3536/3536

f 3539/3539/3539 3538/3538/3538 3537/3537/3537

f 3539/3539/3539 3537/3537/3537 3534/3534/3534

f 3539/3539/3539 3540/3540/3540 3538/3538/3538

f 3541/3541/3541 3540/3540/3540 3539/3539/3539

f 3541/3541/3541 3542/3542/3542 3540/3540/3540

f 3541/3541/3541 3539/3539/3539 3543/3543/3543

f 3534/3534/3534 3543/3543/3543 3539/3539/3539

f 3544/3544/3544 3542/3542/3542 3541/3541/3541

f 3543/3543/3543 3544/3544/3544 3541/3541/3541

f 3544/3544/3544 3545/3545/3545 3542/3542/3542

f 3546/3546/3546 3545/3545/3545 3544/3544/3544

f 3546/3546/3546 3544/3544/3544 3543/3543/3543

f 3546/3546/3546 3547/3547/3547 3545/3545/3545

f 3548/3548/3548 3547/3547/3547 3546/3546/3546

f 3548/3548/3548 3546/3546/3546 3543/3543/3543

f 3548/3548/3548 3549/3549/3549 3547/3547/3547

f 3550/3550/3550 3549/3549/3549 3548/3548/3548

f 3550/3550/3550 3551/3551/3551 3549/3549/3549

f 3550/3550/3550 3548/3548/3548 3552/3552/3552

f 3543/3543/3543 3552/3552/3552 3548/3548/3548

f 3553/3553/3553 3551/3551/3551 3550/3550/3550

f 3552/3552/3552 3553/3553/3553 3550/3550/3550

f 3553/3553/3553 3554/3554/3554 3551/3551/3551

f 3555/3555/3555 3554/3554/3554 3553/3553/3553

f 3555/3555/3555 3553/3553/3553 3552/3552/3552

f 3555/3555/3555 3556/3556/3556 3554/3554/3554

f 3557/3557/3557 3556/3556/3556 3555/3555/3555

f 3557/3557/3557 3555/3555/3555 3552/3552/3552

f 3557/3557/3557 3558/3558/3558 3556/3556/3556

f 3559/3559/3559 3558/3558/3558 3557/3557/3557

f 3559/3559/3559 3557/3557/3557 3560/3560/3560

f 3561/3561/3561 3559/3559/3559 3560/3560/3560

f 3561/3561/3561 3560/3560/3560 3562/3562/3562

f 3563/3563/3563 3561/3561/3561 3562/3562/3562

f 3560/3560/3560 3557/3557/3557 3564/3564/3564

f 3564/3564/3564 3562/3562/3562 3560/3560/3560

f 3552/3552/3552 3564/3564/3564 3557/3557/3557

f 3563/3563/3563 3562/3562/3562 3565/3565/3565

f 3565/3565/3565 3562/3562/3562 3564/3564/3564

f 3566/3566/3566 3563/3563/3563 3565/3565/3565

f 3566/3566/3566 3565/3565/3565 3564/3564/3564

f 3566/3566/3566 3567/3567/3567 3563/3563/3563

f 3568/3568/3568 3567/3567/3567 3566/3566/3566

f 3568/3568/3568 3569/3569/3569 3567/3567/3567

f 3568/3568/3568 3566/3566/3566 3570/3570/3570

f 3564/3564/3564 3570/3570/3570 3566/3566/3566

f 3571/3571/3571 3569/3569/3569 3568/3568/3568

f 3570/3570/3570 3571/3571/3571 3568/3568/3568

f 3571/3571/3571 3572/3572/3572 3569/3569/3569

f 3573/3573/3573 3572/3572/3572 3571/3571/3571

f 3573/3573/3573 3571/3571/3571 3570/3570/3570

f 3573/3573/3573 3574/3574/3574 3572/3572/3572

f 3575/3575/3575 3574/3574/3574 3573/3573/3573

f 3575/3575/3575 3573/3573/3573 3570/3570/3570

f 3575/3575/3575 3576/3576/3576 3574/3574/3574

f 3577/3577/3577 3576/3576/3576 3575/3575/3575

f 3577/3577/3577 3578/3578/3578 3576/3576/3576

f 3577/3577/3577 3575/3575/3575 3579/3579/3579

f 3570/3570/3570 3579/3579/3579 3575/3575/3575

f 3580/3580/3580 3578/3578/3578 3577/3577/3577

f 3579/3579/3579 3580/3580/3580 3577/3577/3577

f 3580/3580/3580 3581/3581/3581 3578/3578/3578

f 3582/3582/3582 3581/3581/3581 3580/3580/3580

f 3582/3582/3582 3580/3580/3580 3583/3583/3583

f 3583/3583/3583 3580/3580/3580 3579/3579/3579

f 3584/3584/3584 3582/3582/3582 3583/3583/3583

f 3584/3584/3584 3583/3583/3583 3585/3585/3585

f 3585/3585/3585 3583/3583/3583 3579/3579/3579

f 3586/3586/3586 3584/3584/3584 3585/3585/3585

f 3586/3586/3586 3585/3585/3585 3587/3587/3587

f 3588/3588/3588 3586/3586/3586 3587/3587/3587

f 3579/3579/3579 3589/3589/3589 3585/3585/3585

f 3587/3587/3587 3585/3585/3585 3589/3589/3589

f 3588/3588/3588 3587/3587/3587 3590/3590/3590

f 3589/3589/3589 3590/3590/3590 3587/3587/3587

f 3591/3591/3591 3588/3588/3588 3590/3590/3590

f 3591/3591/3591 3590/3590/3590 3592/3592/3592

f 3592/3592/3592 3590/3590/3590 3589/3589/3589

f 3593/3593/3593 3591/3591/3591 3592/3592/3592

f 3593/3593/3593 3592/3592/3592 3594/3594/3594

f 3594/3594/3594 3592/3592/3592 3589/3589/3589

f 3595/3595/3595 3593/3593/3593 3594/3594/3594

f 3595/3595/3595 3594/3594/3594 3596/3596/3596

f 3597/3597/3597 3595/3595/3595 3596/3596/3596

f 3597/3597/3597 3598/3598/3598 3595/3595/3595

f 3596/3596/3596 3594/3594/3594 3599/3599/3599

f 3599/3599/3599 3597/3597/3597 3596/3596/3596

f 3589/3589/3589 3599/3599/3599 3594/3594/3594

f 3600/3600/3600 3598/3598/3598 3597/3597/3597

f 3600/3600/3600 3597/3597/3597 3599/3599/3599

f 3600/3600/3600 3601/3601/3601 3598/3598/3598

f 3602/3602/3602 3601/3601/3601 3600/3600/3600

f 3602/3602/3602 3600/3600/3600 3603/3603/3603

f 3603/3603/3603 3600/3600/3600 3599/3599/3599

f 3604/3604/3604 3602/3602/3602 3603/3603/3603

f 3604/3604/3604 3603/3603/3603 3605/3605/3605

f 3606/3606/3606 3604/3604/3604 3605/3605/3605

f 3605/3605/3605 3603/3603/3603 3607/3607/3607

f 3599/3599/3599 3607/3607/3607 3603/3603/3603

f 3606/3606/3606 3605/3605/3605 3608/3608/3608

f 3607/3607/3607 3608/3608/3608 3605/3605/3605

f 3609/3609/3609 3606/3606/3606 3608/3608/3608

f 3609/3609/3609 3608/3608/3608 3610/3610/3610

f 3610/3610/3610 3608/3608/3608 3607/3607/3607

f 3611/3611/3611 3609/3609/3609 3610/3610/3610

f 3611/3611/3611 3610/3610/3610 3612/3612/3612

f 3612/3612/3612 3610/3610/3610 3607/3607/3607

f 3613/3613/3613 3611/3611/3611 3612/3612/3612

f 3613/3613/3613 3612/3612/3612 3614/3614/3614

f 3615/3615/3615 3613/3613/3613 3614/3614/3614

f 3614/3614/3614 3612/3612/3612 3616/3616/3616

f 3607/3607/3607 3616/3616/3616 3612/3612/3612

f 3615/3615/3615 3614/3614/3614 3617/3617/3617

f 3616/3616/3616 3617/3617/3617 3614/3614/3614

f 3618/3618/3618 3615/3615/3615 3617/3617/3617

f 3618/3618/3618 3617/3617/3617 3619/3619/3619

f 3619/3619/3619 3617/3617/3617 3616/3616/3616

f 3620/3620/3620 3618/3618/3618 3619/3619/3619

f 3620/3620/3620 3619/3619/3619 3621/3621/3621

f 3621/3621/3621 3619/3619/3619 3616/3616/3616

f 3622/3622/3622 3620/3620/3620 3621/3621/3621

f 3622/3622/3622 3621/3621/3621 3623/3623/3623

f 3624/3624/3624 3622/3622/3622 3623/3623/3623

f 3623/3623/3623 3621/3621/3621 3625/3625/3625

f 3616/3616/3616 3625/3625/3625 3621/3621/3621

f 3624/3624/3624 3623/3623/3623 3626/3626/3626

f 3625/3625/3625 3626/3626/3626 3623/3623/3623

f 3627/3627/3627 3624/3624/3624 3626/3626/3626

f 3627/3627/3627 3626/3626/3626 3628/3628/3628

f 3628/3628/3628 3626/3626/3626 3625/3625/3625

f 3629/3629/3629 3627/3627/3627 3628/3628/3628

f 3629/3629/3629 3628/3628/3628 3630/3630/3630

f 3630/3630/3630 3628/3628/3628 3625/3625/3625

f 3631/3631/3631 3629/3629/3629 3630/3630/3630

f 3631/3631/3631 3630/3630/3630 3632/3632/3632

f 3506/3506/3506 3631/3631/3631 3632/3632/3632

f 3506/3506/3506 3632/3632/3632 3505/3505/3505

f 3632/3632/3632 3630/3630/3630 3633/3633/3633

f 3633/3633/3633 3505/3505/3505 3632/3632/3632

f 3625/3625/3625 3633/3633/3633 3630/3630/3630

f 3501/3501/3501 3505/3505/3505 3633/3633/3633

f 3496/3496/3496 3501/3501/3501 3633/3633/3633

f 3633/3633/3633 3498/3498/3498 3496/3496/3496

f 3625/3625/3625 3634/3634/3634 3633/3633/3633

f 3633/3633/3633 3635/3635/3635 3498/3498/3498

f 3633/3633/3633 3634/3634/3634 3635/3635/3635

f 3625/3625/3625 3636/3636/3636 3634/3634/3634

f 3616/3616/3616 3636/3636/3636 3625/3625/3625

f 3635/3635/3635 3634/3634/3634 3637/3637/3637

f 3636/3636/3636 3637/3637/3637 3634/3634/3634

f 3498/3498/3498 3635/3635/3635 3638/3638/3638

f 3498/3498/3498 3638/3638/3638 3509/3509/3509

f 3638/3638/3638 3516/3516/3516 3509/3509/3509

f 3635/3635/3635 3637/3637/3637 3639/3639/3639

f 3638/3638/3638 3635/3635/3635 3639/3639/3639

f 3638/3638/3638 3640/3640/3640 3516/3516/3516

f 3640/3640/3640 3527/3527/3527 3516/3516/3516

f 3638/3638/3638 3639/3639/3639 3641/3641/3641

f 3640/3640/3640 3642/3642/3642 3527/3527/3527

f 3642/3642/3642 3534/3534/3534 3527/3527/3527

f 3638/3638/3638 3643/3643/3643 3640/3640/3640

f 3638/3638/3638 3641/3641/3641 3643/3643/3643

f 3640/3640/3640 3644/3644/3644 3642/3642/3642

f 3640/3640/3640 3643/3643/3643 3644/3644/3644

f 3642/3642/3642 3645/3645/3645 3534/3534/3534

f 3645/3645/3645 3642/3642/3642 3644/3644/3644

f 3645/3645/3645 3543/3543/3543 3534/3534/3534

f 3643/3643/3643 3646/3646/3646 3644/3644/3644

f 3645/3645/3645 3647/3647/3647 3543/3543/3543

f 3647/3647/3647 3552/3552/3552 3543/3543/3543

f 3645/3645/3645 3644/3644/3644 3648/3648/3648

f 3647/3647/3647 3649/3649/3649 3552/3552/3552

f 3649/3649/3649 3564/3564/3564 3552/3552/3552

f 3645/3645/3645 3650/3650/3650 3647/3647/3647

f 3645/3645/3645 3648/3648/3648 3650/3650/3650

f 3647/3647/3647 3651/3651/3651 3649/3649/3649

f 3647/3647/3647 3650/3650/3650 3651/3651/3651

f 3644/3644/3644 3652/3652/3652 3648/3648/3648

f 3650/3650/3650 3648/3648/3648 3652/3652/3652

f 3644/3644/3644 3646/3646/3646 3652/3652/3652

f 3650/3650/3650 3653/3653/3653 3651/3651/3651

f 3649/3649/3649 3651/3651/3651 3654/3654/3654

f 3654/3654/3654 3651/3651/3651 3653/3653/3653

f 3649/3649/3649 3655/3655/3655 3564/3564/3564

f 3649/3649/3649 3654/3654/3654 3655/3655/3655

f 3564/3564/3564 3655/3655/3655 3656/3656/3656

f 3564/3564/3564 3656/3656/3656 3570/3570/3570

f 3655/3655/3655 3654/3654/3654 3657/3657/3657

f 3655/3655/3655 3657/3657/3657 3656/3656/3656

f 3570/3570/3570 3656/3656/3656 3658/3658/3658

f 3570/3570/3570 3658/3658/3658 3579/3579/3579

f 3658/3658/3658 3589/3589/3589 3579/3579/3579

f 3656/3656/3656 3659/3659/3659 3658/3658/3658

f 3656/3656/3656 3657/3657/3657 3659/3659/3659

f 3658/3658/3658 3660/3660/3660 3589/3589/3589

f 3660/3660/3660 3658/3658/3658 3659/3659/3659

f 3589/3589/3589 3660/3660/3660 3661/3661/3661

f 3589/3589/3589 3661/3661/3661 3599/3599/3599

f 3660/3660/3660 3659/3659/3659 3662/3662/3662

f 3661/3661/3661 3660/3660/3660 3662/3662/3662

f 3599/3599/3599 3661/3661/3661 3663/3663/3663

f 3599/3599/3599 3663/3663/3663 3607/3607/3607

f 3661/3661/3661 3662/3662/3662 3664/3664/3664

f 3663/3663/3663 3661/3661/3661 3664/3664/3664

f 3607/3607/3607 3663/3663/3663 3665/3665/3665

f 3607/3607/3607 3665/3665/3665 3616/3616/3616

f 3616/3616/3616 3665/3665/3665 3636/3636/3636

f 3665/3665/3665 3663/3663/3663 3666/3666/3666

f 3663/3663/3663 3664/3664/3664 3666/3666/3666

f 3636/3636/3636 3665/3665/3665 3667/3667/3667

f 3665/3665/3665 3666/3666/3666 3667/3667/3667

f 3636/3636/3636 3667/3667/3667 3668/3668/3668

f 3636/3636/3636 3668/3668/3668 3637/3637/3637

f 3667/3667/3667 3666/3666/3666 3669/3669/3669

f 3664/3664/3664 3669/3669/3669 3666/3666/3666

f 3667/3667/3667 3670/3670/3670 3668/3668/3668

f 3637/3637/3637 3668/3668/3668 3670/3670/3670

f 3667/3667/3667 3669/3669/3669 3671/3671/3671

f 3667/3667/3667 3671/3671/3671 3670/3670/3670

f 3664/3664/3664 3672/3672/3672 3669/3669/3669

f 3662/3662/3662 3672/3672/3672 3664/3664/3664

f 3671/3671/3671 3669/3669/3669 3673/3673/3673

f 3672/3672/3672 3673/3673/3673 3669/3669/3669

f 3662/3662/3662 3674/3674/3674 3672/3672/3672

f 3659/3659/3659 3674/3674/3674 3662/3662/3662

f 3672/3672/3672 3675/3675/3675 3673/3673/3673

f 3659/3659/3659 3676/3676/3676 3674/3674/3674

f 3672/3672/3672 3677/3677/3677 3675/3675/3675

f 3672/3672/3672 3674/3674/3674 3677/3677/3677

f 3659/3659/3659 3678/3678/3678 3676/3676/3676

f 3659/3659/3659 3657/3657/3657 3678/3678/3678

f 3674/3674/3674 3676/3676/3676 3679/3679/3679

f 3678/3678/3678 3679/3679/3679 3676/3676/3676

f 3674/3674/3674 3679/3679/3679 3677/3677/3677

f 3657/3657/3657 3680/3680/3680 3678/3678/3678

f 3657/3657/3657 3654/3654/3654 3680/3680/3680

f 3654/3654/3654 3653/3653/3653 3680/3680/3680

f 3680/3680/3680 3681/3681/3681 3678/3678/3678

f 3678/3678/3678 3681/3681/3681 3679/3679/3679

f 3680/3680/3680 3653/3653/3653 3682/3682/3682

f 3680/3680/3680 3683/3683/3683 3681/3681/3681

f 3680/3680/3680 3682/3682/3682 3683/3683/3683

f 3681/3681/3681 3683/3683/3683 3684/3684/3684

f 3682/3682/3682 3684/3684/3684 3683/3683/3683

f 3679/3679/3679 3681/3681/3681 3685/3685/3685

f 3681/3681/3681 3684/3684/3684 3685/3685/3685

f 3679/3679/3679 3685/3685/3685 3686/3686/3686

f 3679/3679/3679 3686/3686/3686 3687/3687/3687

f 3679/3679/3679 3687/3687/3687 3677/3677/3677

f 3686/3686/3686 3685/3685/3685 3688/3688/3688

f 3687/3687/3687 3686/3686/3686 3688/3688/3688

f 3685/3685/3685 3684/3684/3684 3688/3688/3688

f 3677/3677/3677 3687/3687/3687 3689/3689/3689

f 3677/3677/3677 3689/3689/3689 3675/3675/3675

f 3689/3689/3689 3687/3687/3687 3688/3688/3688

f 3673/3673/3673 3675/3675/3675 3689/3689/3689

f 3673/3673/3673 3689/3689/3689 3690/3690/3690

f 3690/3690/3690 3689/3689/3689 3688/3688/3688

f 3691/3691/3691 3673/3673/3673 3690/3690/3690

f 3671/3671/3671 3673/3673/3673 3691/3691/3691

f 3691/3691/3691 3690/3690/3690 3692/3692/3692

f 3692/3692/3692 3690/3690/3690 3688/3688/3688

f 3671/3671/3671 3691/3691/3691 3693/3693/3693

f 3691/3691/3691 3692/3692/3692 3694/3694/3694

f 3691/3691/3691 3694/3694/3694 3693/3693/3693

f 3694/3694/3694 3692/3692/3692 3688/3688/3688

f 3671/3671/3671 3693/3693/3693 3670/3670/3670

f 3693/3693/3693 3694/3694/3694 3695/3695/3695

f 3695/3695/3695 3694/3694/3694 3688/3688/3688

f 3670/3670/3670 3693/3693/3693 3696/3696/3696

f 3693/3693/3693 3695/3695/3695 3696/3696/3696

f 3670/3670/3670 3696/3696/3696 3697/3697/3697

f 3637/3637/3637 3670/3670/3670 3697/3697/3697

f 3639/3639/3639 3637/3637/3637 3697/3697/3697

f 3698/3698/3698 3696/3696/3696 3695/3695/3695

f 3697/3697/3697 3696/3696/3696 3698/3698/3698

f 3639/3639/3639 3697/3697/3697 3699/3699/3699

f 3697/3697/3697 3698/3698/3698 3699/3699/3699

f 3641/3641/3641 3639/3639/3639 3699/3699/3699

f 3698/3698/3698 3695/3695/3695 3700/3700/3700

f 3700/3700/3700 3695/3695/3695 3688/3688/3688

f 3699/3699/3699 3698/3698/3698 3701/3701/3701

f 3701/3701/3701 3698/3698/3698 3700/3700/3700

f 3641/3641/3641 3699/3699/3699 3702/3702/3702

f 3699/3699/3699 3701/3701/3701 3702/3702/3702

f 3641/3641/3641 3702/3702/3702 3703/3703/3703

f 3703/3703/3703 3702/3702/3702 3701/3701/3701

f 3641/3641/3641 3703/3703/3703 3643/3643/3643

f 3643/3643/3643 3703/3703/3703 3646/3646/3646

f 3701/3701/3701 3700/3700/3700 3704/3704/3704

f 3700/3700/3700 3688/3688/3688 3704/3704/3704

f 3703/3703/3703 3701/3701/3701 3705/3705/3705

f 3646/3646/3646 3703/3703/3703 3705/3705/3705

f 3701/3701/3701 3704/3704/3704 3706/3706/3706

f 3701/3701/3701 3706/3706/3706 3705/3705/3705

f 3706/3706/3706 3704/3704/3704 3688/3688/3688

f 3646/3646/3646 3705/3705/3705 3707/3707/3707

f 3705/3705/3705 3706/3706/3706 3708/3708/3708

f 3705/3705/3705 3708/3708/3708 3707/3707/3707

f 3708/3708/3708 3706/3706/3706 3688/3688/3688

f 3652/3652/3652 3646/3646/3646 3707/3707/3707

f 3707/3707/3707 3708/3708/3708 3709/3709/3709

f 3709/3709/3709 3708/3708/3708 3688/3688/3688

f 3652/3652/3652 3707/3707/3707 3710/3710/3710

f 3707/3707/3707 3709/3709/3709 3710/3710/3710

f 3711/3711/3711 3652/3652/3652 3710/3710/3710

f 3650/3650/3650 3652/3652/3652 3711/3711/3711

f 3650/3650/3650 3711/3711/3711 3653/3653/3653

f 3711/3711/3711 3682/3682/3682 3653/3653/3653

f 3711/3711/3711 3710/3710/3710 3712/3712/3712

f 3711/3711/3711 3712/3712/3712 3682/3682/3682

f 3712/3712/3712 3710/3710/3710 3709/3709/3709

f 3712/3712/3712 3713/3713/3713 3682/3682/3682

f 3682/3682/3682 3713/3713/3713 3684/3684/3684

f 3684/3684/3684 3713/3713/3713 3688/3688/3688

f 3712/3712/3712 3709/3709/3709 3714/3714/3714

f 3712/3712/3712 3714/3714/3714 3713/3713/3713

f 3714/3714/3714 3709/3709/3709 3688/3688/3688

f 3714/3714/3714 3688/3688/3688 3713/3713/3713

